/home/ryclic/patches/issue_715_historical_kill_fault_dependents.patch: OK
/opt/spechunter/chipyard-issue-715-repairv3/generators/boom/src/main/scala/lsu/lsu.scala: OK
make: Entering directory '/opt/spechunter/chipyard-issue-715-repairv3/sims/verilator'
Running with RISCV=/opt/spechunter/chipyard-issue-715/.conda-env/riscv-tools
mkdir -p /opt/spechunter/chipyard-issue-715-repairv3/sims/verilator/generated-src/chipyard.TestHarness.SmallBoomConfig
make -C /opt/spechunter/chipyard-issue-715-repairv3/tools/DRAMSim2 libdramsim.a
make[1]: Entering directory '/opt/spechunter/chipyard-issue-715-repairv3/tools/DRAMSim2'
g++ -DNO_STORAGE -Wall -DDEBUG_BUILD  -O3  -o AddressMapping.o -c AddressMapping.cpp
g++ -DNO_STORAGE -Wall -DDEBUG_BUILD  -O3  -o Bank.o -c Bank.cpp
g++ -DNO_STORAGE -Wall -DDEBUG_BUILD  -O3  -o BankState.o -c BankState.cpp
g++ -DNO_STORAGE -Wall -DDEBUG_BUILD  -O3  -o BusPacket.o -c BusPacket.cpp
g++ -DNO_STORAGE -Wall -DDEBUG_BUILD  -O3  -o ClockDomain.o -c ClockDomain.cpp
g++ -DNO_STORAGE -Wall -DDEBUG_BUILD  -O3  -o CommandQueue.o -c CommandQueue.cpp
g++ -DNO_STORAGE -Wall -DDEBUG_BUILD  -O3  -o IniReader.o -c IniReader.cpp
g++ -DNO_STORAGE -Wall -DDEBUG_BUILD  -O3  -o MemoryController.o -c MemoryController.cpp
BusPacket.cpp: In member function 'void DRAMSim::BusPacket::print(uint64_t, bool)':
BusPacket.cpp:63:9: warning: 'nonnull' argument 'this' compared to NULL [-Wnonnull-compare]
   63 |         if (this == NULL)
      |         ^~
BusPacket.cpp: In member function 'void DRAMSim::BusPacket::print()':
BusPacket.cpp:104:9: warning: 'nonnull' argument 'this' compared to NULL [-Wnonnull-compare]
  104 |         if (this == NULL) //pointer use makes this a necessary precaution
      |         ^~
g++ -DNO_STORAGE -Wall -DDEBUG_BUILD  -O3  -o MemorySystem.o -c MemorySystem.cpp
g++ -DNO_STORAGE -Wall -DDEBUG_BUILD  -O3  -o MultiChannelMemorySystem.o -c MultiChannelMemorySystem.cpp
g++ -DNO_STORAGE -Wall -DDEBUG_BUILD  -O3  -o PrintMacros.o -c PrintMacros.cpp
g++ -DNO_STORAGE -Wall -DDEBUG_BUILD  -O3  -o Rank.o -c Rank.cpp
g++ -DNO_STORAGE -Wall -DDEBUG_BUILD  -O3  -o SimulatorObject.o -c SimulatorObject.cpp
g++ -DNO_STORAGE -Wall -DDEBUG_BUILD  -O3  -o Transaction.o -c Transaction.cpp
ar crs libdramsim.a AddressMapping.o Bank.o BankState.o BusPacket.o ClockDomain.o CommandQueue.o IniReader.o MemoryController.o MemorySystem.o MultiChannelMemorySystem.o PrintMacros.o Rank.o SimulatorObject.o Transaction.o
make[1]: Leaving directory '/opt/spechunter/chipyard-issue-715-repairv3/tools/DRAMSim2'
cp -f /opt/spechunter/chipyard-issue-715-repairv3/generators/rocket-chip/src/main/resources/vsrc/EICG_wrapper.v /opt/spechunter/chipyard-issue-715-repairv3/generators/chipyard/src/main/resources/csrc/emulator.cc /opt/spechunter/chipyard-issue-715-repairv3/generators/rocket-chip/src/main/resources/csrc/verilator.h /opt/spechunter/chipyard-issue-715-repairv3/generators/testchipip/src/main/resources/testchipip/csrc/SimSerial.cc /opt/spechunter/chipyard-issue-715-repairv3/generators/testchipip/src/main/resources/testchipip/csrc/testchip_tsi.cc /opt/spechunter/chipyard-issue-715-repairv3/generators/testchipip/src/main/resources/testchipip/csrc/testchip_tsi.h /opt/spechunter/chipyard-issue-715-repairv3/generators/testchipip/src/main/resources/testchipip/csrc/SimDRAM.cc /opt/spechunter/chipyard-issue-715-repairv3/generators/testchipip/src/main/resources/testchipip/csrc/mm.h /opt/spechunter/chipyard-issue-715-repairv3/generators/testchipip/src/main/resources/testchipip/csrc/mm.cc /opt/spechunter/chipyard-issue-715-repairv3/generators/testchipip/src/main/resources/testchipip/csrc/mm_dramsim2.h /opt/spechunter/chipyard-issue-715-repairv3/generators/testchipip/src/main/resources/testchipip/csrc/mm_dramsim2.cc /opt/spechunter/chipyard-issue-715-repairv3/generators/rocket-chip/src/main/resources/csrc/SimDTM.cc /opt/spechunter/chipyard-issue-715-repairv3/generators/rocket-chip/src/main/resources/csrc/SimJTAG.cc /opt/spechunter/chipyard-issue-715-repairv3/generators/rocket-chip/src/main/resources/csrc/remote_bitbang.h /opt/spechunter/chipyard-issue-715-repairv3/generators/rocket-chip/src/main/resources/csrc/remote_bitbang.cc /opt/spechunter/chipyard-issue-715-repairv3/sims/verilator/generated-src/chipyard.TestHarness.SmallBoomConfig
cp -f /opt/spechunter/chipyard-issue-715-repairv3/generators/testchipip/src/main/resources/testchipip/bootrom/bootrom.rv64.img /opt/spechunter/chipyard-issue-715-repairv3/sims/verilator/generated-src/chipyard.TestHarness.SmallBoomConfig/bootrom.rv64.img
cp -f /opt/spechunter/chipyard-issue-715-repairv3/generators/testchipip/src/main/resources/testchipip/bootrom/bootrom.rv32.img /opt/spechunter/chipyard-issue-715-repairv3/sims/verilator/generated-src/chipyard.TestHarness.SmallBoomConfig/bootrom.rv32.img
echo "/opt/spechunter/chipyard-issue-715-repairv3/sims/verilator/generated-src/chipyard.TestHarness.SmallBoomConfig/EICG_wrapper.v" >> /opt/spechunter/chipyard-issue-715-repairv3/sims/verilator/generated-src/chipyard.TestHarness.SmallBoomConfig/sim_files.f;   echo "/opt/spechunter/chipyard-issue-715-repairv3/sims/verilator/generated-src/chipyard.TestHarness.SmallBoomConfig/emulator.cc" >> /opt/spechunter/chipyard-issue-715-repairv3/sims/verilator/generated-src/chipyard.TestHarness.SmallBoomConfig/sim_files.f;   echo "-FI /opt/spechunter/chipyard-issue-715-repairv3/sims/verilator/generated-src/chipyard.TestHarness.SmallBoomConfig/verilator.h" >> /opt/spechunter/chipyard-issue-715-repairv3/sims/verilator/generated-src/chipyard.TestHarness.SmallBoomConfig/sim_files.f;   echo "/opt/spechunter/chipyard-issue-715-repairv3/sims/verilator/generated-src/chipyard.TestHarness.SmallBoomConfig/SimSerial.cc" >> /opt/spechunter/chipyard-issue-715-repairv3/sims/verilator/generated-src/chipyard.TestHarness.SmallBoomConfig/sim_files.f;   echo "/opt/spechunter/chipyard-issue-715-repairv3/sims/verilator/generated-src/chipyard.TestHarness.SmallBoomConfig/testchip_tsi.cc" >> /opt/spechunter/chipyard-issue-715-repairv3/sims/verilator/generated-src/chipyard.TestHarness.SmallBoomConfig/sim_files.f;   echo "-FI /opt/spechunter/chipyard-issue-715-repairv3/sims/verilator/generated-src/chipyard.TestHarness.SmallBoomConfig/testchip_tsi.h" >> /opt/spechunter/chipyard-issue-715-repairv3/sims/verilator/generated-src/chipyard.TestHarness.SmallBoomConfig/sim_files.f;   echo "/opt/spechunter/chipyard-issue-715-repairv3/sims/verilator/generated-src/chipyard.TestHarness.SmallBoomConfig/SimDRAM.cc" >> /opt/spechunter/chipyard-issue-715-repairv3/sims/verilator/generated-src/chipyard.TestHarness.SmallBoomConfig/sim_files.f;   echo "-FI /opt/spechunter/chipyard-issue-715-repairv3/sims/verilator/generated-src/chipyard.TestHarness.SmallBoomConfig/mm.h" >> /opt/spechunter/chipyard-issue-715-repairv3/sims/verilator/generated-src/chipyard.TestHarness.SmallBoomConfig/sim_files.f;   echo "/opt/spechunter/chipyard-issue-715-repairv3/sims/verilator/generated-src/chipyard.TestHarness.SmallBoomConfig/mm.cc" >> /opt/spechunter/chipyard-issue-715-repairv3/sims/verilator/generated-src/chipyard.TestHarness.SmallBoomConfig/sim_files.f;   echo "-FI /opt/spechunter/chipyard-issue-715-repairv3/sims/verilator/generated-src/chipyard.TestHarness.SmallBoomConfig/mm_dramsim2.h" >> /opt/spechunter/chipyard-issue-715-repairv3/sims/verilator/generated-src/chipyard.TestHarness.SmallBoomConfig/sim_files.f;   echo "/opt/spechunter/chipyard-issue-715-repairv3/sims/verilator/generated-src/chipyard.TestHarness.SmallBoomConfig/mm_dramsim2.cc" >> /opt/spechunter/chipyard-issue-715-repairv3/sims/verilator/generated-src/chipyard.TestHarness.SmallBoomConfig/sim_files.f;   echo "/opt/spechunter/chipyard-issue-715-repairv3/sims/verilator/generated-src/chipyard.TestHarness.SmallBoomConfig/SimDTM.cc" >> /opt/spechunter/chipyard-issue-715-repairv3/sims/verilator/generated-src/chipyard.TestHarness.SmallBoomConfig/sim_files.f;   echo "/opt/spechunter/chipyard-issue-715-repairv3/sims/verilator/generated-src/chipyard.TestHarness.SmallBoomConfig/SimJTAG.cc" >> /opt/spechunter/chipyard-issue-715-repairv3/sims/verilator/generated-src/chipyard.TestHarness.SmallBoomConfig/sim_files.f;   echo "-FI /opt/spechunter/chipyard-issue-715-repairv3/sims/verilator/generated-src/chipyard.TestHarness.SmallBoomConfig/remote_bitbang.h" >> /opt/spechunter/chipyard-issue-715-repairv3/sims/verilator/generated-src/chipyard.TestHarness.SmallBoomConfig/sim_files.f;   echo "/opt/spechunter/chipyard-issue-715-repairv3/sims/verilator/generated-src/chipyard.TestHarness.SmallBoomConfig/remote_bitbang.cc" >> /opt/spechunter/chipyard-issue-715-repairv3/sims/verilator/generated-src/chipyard.TestHarness.SmallBoomConfig/sim_files.f;
mkdir -p /opt/spechunter/chipyard-issue-715-repairv3/sims/verilator/generated-src/chipyard.TestHarness.SmallBoomConfig
cd /opt/spechunter/chipyard-issue-715-repairv3 && java -jar /opt/spechunter/chipyard-issue-715-repairv3/generators/rocket-chip/sbt-launch.jar  ";project chipyard; runMain chipyard.Generator  --target-dir /opt/spechunter/chipyard-issue-715-repairv3/sims/verilator/generated-src/chipyard.TestHarness.SmallBoomConfig --name chipyard.TestHarness.SmallBoomConfig --top-module chipyard.TestHarness --legacy-configs chipyard:SmallBoomConfig "
Picked up JAVA_TOOL_OPTIONS: -Xmx8G -Xss8M -Djava.io.tmpdir=/opt/spechunter/chipyard-issue-715-repairv3/.java_tmp
WARNING: A terminally deprecated method in java.lang.System has been called
WARNING: System::setSecurityManager has been called by sbt.TrapExit$ (file:/home/ryclic/.sbt/boot/scala-2.12.14/org.scala-sbt/sbt/1.5.5/run_2.12-1.5.5.jar)
WARNING: Please consider reporting this to the maintainers of sbt.TrapExit$
WARNING: System::setSecurityManager will be removed in a future release
[info] welcome to sbt 1.5.5 (N/A Java 17.0.3-internal)
[info] loading settings for project chipyard-issue-715-repairv3-build from plugins.sbt ...
[info] loading project definition from /opt/spechunter/chipyard-issue-715-repairv3/project
[info] loading settings for project chipyardRoot from build.sbt ...
/opt/spechunter/chipyard-issue-715-repairv3/generators/rocket-chip/hardfloat/build.sbt:22: warning: method in in trait ScopingSetting is deprecated (since 1.5.0): `in` is deprecated; migrate to slash syntax - https://www.scala-sbt.org/1.x/docs/Migrating-from-sbt-013x.html#slash
publishArtifact in Test := false
                ^
[info] loading settings for project hardfloat from build.sbt ...
/opt/spechunter/chipyard-issue-715-repairv3/generators/rocket-chip/api-config-chipsalliance/build-rules/sbt/build.sbt:3: warning: method in in trait ScopingSetting is deprecated (since 1.5.0): `in` is deprecated; migrate to slash syntax - https://www.scala-sbt.org/1.x/docs/Migrating-from-sbt-013x.html#slash
scalaSource in Compile := baseDirectory.value / "../../design/craft/src"
            ^
[info] loading settings for project rocketConfig from build.sbt ...
[info] loading settings for project testchipip from build.sbt ...
[info] loading settings for project constellation from build.sbt ...
[info] loading settings for project icenet from build.sbt ...
[info] loading settings for project hwacha from build.sbt ...
[info] loading settings for project boom from build.sbt ...
[info] loading settings for project cva6 from build.sbt ...
[info] loading settings for project ibex from build.sbt ...
[info] loading settings for project sodor from build.sbt ...
[info] loading settings for project gemmini from build.sbt ...
[info] loading settings for project tapeout from build.sbt ...
[info] loading settings for project sim-build from plugins.sbt ...
[info] loading project definition from /opt/spechunter/chipyard-issue-715-repairv3/sims/firesim/sim/project
[info] loading settings for project firesim from build.sbt ...
[info] loading settings for project targetutils from build.sbt ...
[info] loading settings for project midas from build.sbt ...
[info] resolving key references (36697 settings) ...
[info] set current project to chipyardRoot (in build file:/opt/spechunter/chipyard-issue-715-repairv3/)
[info] set current project to chipyard (in build file:/opt/spechunter/chipyard-issue-715-repairv3/)
[info] compiling 50 Scala sources to /opt/spechunter/chipyard-issue-715-repairv3/tools/dsptools/src/target/scala-2.12/classes ...
[info] compiling 1 Scala source to /opt/spechunter/chipyard-issue-715-repairv3/generators/rocket-chip/api-config-chipsalliance/build-rules/sbt/target/scala-2.12/classes ...
[info] compiling 2 Scala sources to /opt/spechunter/chipyard-issue-715-repairv3/tools/barstools/src/target/scala-2.12/classes ...
[info] compiling 1 Scala source to /opt/spechunter/chipyard-issue-715-repairv3/generators/rocket-chip/macros/target/scala-2.12/classes ...
[info] compiling 6 Scala sources to /opt/spechunter/chipyard-issue-715-repairv3/sims/firesim/sim/midas/targetutils/target/scala-2.12/classes ...
[info] done compiling
[info] done compiling
[warn] /opt/spechunter/chipyard-issue-715-repairv3/sims/firesim/sim/midas/targetutils/src/main/scala/midas/ElaborateChiselSubCircuit.scala:41:73: method newInstance in class Class is deprecated: see corresponding Javadoc for more information.
[warn]       .map { c: Class[_ <: Transform] => RunFirrtlTransformAnnotation(c.newInstance()) }
[warn]                                                                         ^
[warn] there was one feature warning; re-run with -feature for details
[warn] one warning found
[info] done compiling
[warn] one warning found
[info] done compiling
[info] compiling 20 Scala sources to /opt/spechunter/chipyard-issue-715-repairv3/generators/rocket-chip/hardfloat/target/scala-2.12/classes ...
[warn] /opt/spechunter/chipyard-issue-715-repairv3/tools/dsptools/src/main/scala/dsptools/Driver.scala:19:20: type MultiIOModule in package chisel3 is deprecated (since Chisel 3.5): MultiIOModule is now just Module
[warn]   def execute[T <: MultiIOModule](dutGenerator: () => T,
[warn]                    ^
[warn] /opt/spechunter/chipyard-issue-715-repairv3/tools/dsptools/src/main/scala/dsptools/Driver.scala:20:23: class TesterOptionsManager in package iotesters is deprecated (since chisel-iotesters 2.5.0): chisel-iotesters is end-of-life. Use chiseltest instead, see https://www.chisel-lang.org/chiseltest/migrating-from-iotesters.
[warn]       optionsManager: TesterOptionsManager)(testerGen: T => PeekPokeTester[T]): Boolean = {
[warn]                       ^
[warn] /opt/spechunter/chipyard-issue-715-repairv3/tools/dsptools/src/main/scala/dsptools/Driver.scala:20:58: class PeekPokeTester in package iotesters is deprecated (since chisel-iotesters 2.5.0): chisel-iotesters is end-of-life. Use chiseltest instead, see https://www.chisel-lang.org/chiseltest/migrating-from-iotesters.
[warn]       optionsManager: TesterOptionsManager)(testerGen: T => PeekPokeTester[T]): Boolean = {
[warn]                                                          ^
[warn] /opt/spechunter/chipyard-issue-715-repairv3/tools/dsptools/src/main/scala/dsptools/Driver.scala:34:24: method execute in object Driver is deprecated (since 20210301): Use Driver#execute[T <: Module](args: Array[String], dut: () => T)
[warn]       iotesters.Driver.execute(dutGenerator, optionsManager)(testerGen)
[warn]                        ^
[warn] /opt/spechunter/chipyard-issue-715-repairv3/tools/dsptools/src/main/scala/dsptools/Driver.scala:34:17: object Driver in package iotesters is deprecated (since chisel-iotesters 2.5.0): chisel-iotesters is end-of-life. Use chiseltest instead, see https://www.chisel-lang.org/chiseltest/migrating-from-iotesters.
[warn]       iotesters.Driver.execute(dutGenerator, optionsManager)(testerGen)
[warn]                 ^
[warn] /opt/spechunter/chipyard-issue-715-repairv3/tools/dsptools/src/main/scala/dsptools/Driver.scala:39:20: type MultiIOModule in package chisel3 is deprecated (since Chisel 3.5): MultiIOModule is now just Module
[warn]   def execute[T <: MultiIOModule](dutGenerator: () => T,
[warn]                    ^
[warn] /opt/spechunter/chipyard-issue-715-repairv3/tools/dsptools/src/main/scala/dsptools/Driver.scala:40:55: class PeekPokeTester in package iotesters is deprecated (since chisel-iotesters 2.5.0): chisel-iotesters is end-of-life. Use chiseltest instead, see https://www.chisel-lang.org/chiseltest/migrating-from-iotesters.
[warn]       args: Array[String] = Array.empty)(testerGen: T => PeekPokeTester[T]): Boolean = {
[warn]                                                       ^
[warn] /opt/spechunter/chipyard-issue-715-repairv3/tools/dsptools/src/main/scala/dsptools/Driver.scala:59:30: type MultiIOModule in package chisel3 is deprecated (since Chisel 3.5): MultiIOModule is now just Module
[warn]   def executeFirrtlRepl[T <: MultiIOModule](dutGenerator: () => T,
[warn]                              ^
[warn] /opt/spechunter/chipyard-issue-715-repairv3/tools/dsptools/src/main/scala/dsptools/Driver.scala:71:32: method makeScope in object LoggerCompatibility is deprecated (since FIRRTL 1.2): Use makeScope(opts: FirrtlOptions)
[warn]     logger.LoggerCompatibility.makeScope(optionsManager) {
[warn]                                ^
[warn] /opt/spechunter/chipyard-issue-715-repairv3/tools/dsptools/src/main/scala/dsptools/Driver.scala:72:59: object DriverCompatibility in package iotesters is deprecated (since chisel-iotesters 2.5.0): chisel-iotesters is end-of-life. Use chiseltest instead, see https://www.chisel-lang.org/chiseltest/migrating-from-iotesters.
[warn]       val chiselResult: ChiselExecutionResult = iotesters.DriverCompatibility.execute(optionsManager, dutGenerator)
[warn]                                                           ^
[warn] /opt/spechunter/chipyard-issue-715-repairv3/tools/dsptools/src/main/scala/dsptools/Driver.scala:75:39: class ReplConfig in package firrtl_interpreter is deprecated (since firrtl-interpreter 1.5.0): firrtl-interpreter is end-of-life. Use treadle instead.
[warn]           optionsManager.replConfig = ReplConfig(firrtlSource = emitted)
[warn]                                       ^
[warn] /opt/spechunter/chipyard-issue-715-repairv3/tools/dsptools/src/main/scala/dsptools/Driver.scala:76:11: object FirrtlRepl in package firrtl_interpreter is deprecated (since firrtl-interpreter 1.5.0): firrtl-interpreter is end-of-life. Use treadle instead.
[warn]           FirrtlRepl.execute(optionsManager)
[warn]           ^
[warn] /opt/spechunter/chipyard-issue-715-repairv3/tools/dsptools/src/main/scala/dsptools/Driver.scala:88:11: class InterpreterOptionsManager in package firrtl_interpreter is deprecated (since firrtl-interpreter 1.5.0): firrtl-interpreter is end-of-life. Use treadle instead.
[warn]   extends InterpreterOptionsManager
[warn]           ^
[warn] /opt/spechunter/chipyard-issue-715-repairv3/tools/dsptools/src/main/scala/dsptools/Driver.scala:89:10: trait HasInterpreterOptions in package firrtl_interpreter is deprecated (since firrtl-interpreter 1.5.0): firrtl-interpreter is end-of-life. Use treadle instead.
[warn]     with HasInterpreterOptions
[warn]          ^
[warn] /opt/spechunter/chipyard-issue-715-repairv3/tools/dsptools/src/main/scala/dsptools/Driver.scala:91:10: trait HasFirrtlOptions in package firrtl is deprecated (since FIRRTL 1.2): Specify command line arguments in an Annotation mixing in HasScoptOptions
[warn]     with HasFirrtlOptions
[warn]          ^
[warn] /opt/spechunter/chipyard-issue-715-repairv3/tools/dsptools/src/main/scala/dsptools/Driver.scala:92:10: trait HasReplConfig in package firrtl_interpreter is deprecated (since firrtl-interpreter 1.5.0): firrtl-interpreter is end-of-life. Use treadle instead.
[warn]     with HasReplConfig
[warn]          ^
[warn] /opt/spechunter/chipyard-issue-715-repairv3/tools/dsptools/src/main/scala/dsptools/Driver.scala:93:10: trait HasTreadleOptions in package iotesters is deprecated (since 20210301): Use Driver#execute[T <: Module](args: Array[String], dut: () => T)
[warn]     with HasTreadleOptions
[warn]          ^
[warn] /opt/spechunter/chipyard-issue-715-repairv3/tools/dsptools/src/main/scala/dsptools/numbers/chisel_concrete/DspComplex.scala:14:13: method isLit in class Data is deprecated (since Chisel 3.5): Calling this function with an empty argument list is invalid in Scala 3. Use the form without parentheses instead
[warn]     if (gen.isLit()) throw DspException("Cannot use Lit in single argument DspComplex.apply")
[warn]             ^
[warn] /opt/spechunter/chipyard-issue-715-repairv3/tools/dsptools/src/main/scala/dsptools/numbers/chisel_concrete/DspReal.scala:118:23: object Driver in package iotesters is deprecated (since chisel-iotesters 2.5.0): chisel-iotesters is end-of-life. Use chiseltest instead, see https://www.chisel-lang.org/chiseltest/migrating-from-iotesters.
[warn]     chisel3.iotesters.Driver.optionsManager.testerOptions.backendName == "verilator"
[warn]                       ^
[warn] /opt/spechunter/chipyard-issue-715-repairv3/tools/dsptools/src/main/scala/dsptools/numbers/rounding/Saturate.scala:28:41: type MultiIOModule in package chisel3 is deprecated (since Chisel 3.5): MultiIOModule is now just Module
[warn] trait SaturateModule[T <: Data] extends MultiIOModule {
[warn]                                         ^
[warn] /opt/spechunter/chipyard-issue-715-repairv3/tools/dsptools/src/main/scala/dsptools/numbers/rounding/Saturate.scala:204:18: class CircuitForm in package firrtl is deprecated (since FIRRTL 1.3): Mix-in the DependencyAPIMigration trait into your Transform and specify its Dependency API dependencies. See: https://bit.ly/2Voppre
[warn]   def inputForm: CircuitForm = MidForm
[warn]                  ^
[warn] /opt/spechunter/chipyard-issue-715-repairv3/tools/dsptools/src/main/scala/dsptools/numbers/rounding/Saturate.scala:204:32: object MidForm in package firrtl is deprecated (since FIRRTL 1.3): Mix-in the DependencyAPIMigration trait into your Transform and specify its Dependency API dependencies. See: https://bit.ly/2Voppre
[warn]   def inputForm: CircuitForm = MidForm
[warn]                                ^
[warn] /opt/spechunter/chipyard-issue-715-repairv3/tools/dsptools/src/main/scala/dsptools/numbers/rounding/Saturate.scala:205:19: class CircuitForm in package firrtl is deprecated (since FIRRTL 1.3): Mix-in the DependencyAPIMigration trait into your Transform and specify its Dependency API dependencies. See: https://bit.ly/2Voppre
[warn]   def outputForm: CircuitForm = HighForm
[warn]                   ^
[warn] /opt/spechunter/chipyard-issue-715-repairv3/tools/dsptools/src/main/scala/dsptools/numbers/rounding/Saturate.scala:205:33: object HighForm in package firrtl is deprecated (since FIRRTL 1.3): Mix-in the DependencyAPIMigration trait into your Transform and specify its Dependency API dependencies. See: https://bit.ly/2Voppre
[warn]   def outputForm: CircuitForm = HighForm
[warn]                                 ^
[warn] /opt/spechunter/chipyard-issue-715-repairv3/tools/dsptools/src/main/scala/dsptools/tester/DspTester.scala:19:23: type MultiIOModule in package chisel3 is deprecated (since Chisel 3.5): MultiIOModule is now just Module
[warn] class DspTester[+T <: MultiIOModule](
[warn]                       ^
[warn] /opt/spechunter/chipyard-issue-715-repairv3/tools/dsptools/src/main/scala/dsptools/tester/DspTester.scala:101:29: method litValue in class Data is deprecated (since Chisel 3.5): Calling this function with an empty argument list is invalid in Scala 3. Use the form without parentheses instead
[warn]         val litVal = signal.litValue()
[warn]                             ^
[warn] /opt/spechunter/chipyard-issue-715-repairv3/tools/dsptools/src/main/scala/dsptools/tester/DspTesterOptions.scala:33:11: trait ComposableOptions in package firrtl is deprecated (since FIRRTL 1.2): Use firrtl.options.HasScoptOptions and/or library/transform registration
[warn] ) extends ComposableOptions {
[warn]           ^
[warn] /opt/spechunter/chipyard-issue-715-repairv3/tools/dsptools/src/main/scala/dsptools/tester/DspTesterOptions.scala:47:9: class ExecutionOptionsManager in package firrtl is deprecated (since FIRRTL 1.2): Use new FirrtlStage infrastructure
[warn]   self: ExecutionOptionsManager =>
[warn]         ^
[warn] /opt/spechunter/chipyard-issue-715-repairv3/tools/dsptools/src/main/scala/dsptools/tester/DspTesterOptions.scala:124:11: class TesterOptionsManager in package iotesters is deprecated (since chisel-iotesters 2.5.0): chisel-iotesters is end-of-life. Use chiseltest instead, see https://www.chisel-lang.org/chiseltest/migrating-from-iotesters.
[warn]   extends TesterOptionsManager
[warn]           ^
[warn] /opt/spechunter/chipyard-issue-715-repairv3/tools/dsptools/src/main/scala/dsptools/tester/VerilogTbDump.scala:18:12: type MultiIOModule in package chisel3 is deprecated (since Chisel 3.5): MultiIOModule is now just Module
[warn]   def dut: MultiIOModule
[warn]            ^
[warn] /opt/spechunter/chipyard-issue-715-repairv3/tools/dsptools/src/main/scala/dsptools/tester/VerilogTbDump.scala:21:39: object Driver in package iotesters is deprecated (since chisel-iotesters 2.5.0): chisel-iotesters is end-of-life. Use chiseltest instead, see https://www.chisel-lang.org/chiseltest/migrating-from-iotesters.
[warn]   val iotestersOM = chisel3.iotesters.Driver.optionsManager
[warn]                                       ^
[warn] there were 31 feature warnings; re-run with -feature for details
[warn] 32 warnings found
[info] done compiling
[warn] 535 feature warnings; re-run with -feature for details
[warn] one warning found
[info] done compiling
[info] compiling 339 Scala sources to /opt/spechunter/chipyard-issue-715-repairv3/generators/rocket-chip/src/target/scala-2.12/classes ...
[warn] /opt/spechunter/chipyard-issue-715-repairv3/generators/rocket-chip/src/main/scala/tile/BusErrorUnit.scala:17:7: Unable to determine primary constructor!
[warn] trait BusErrors extends Bundle {
[warn]       ^
[warn] /opt/spechunter/chipyard-issue-715-repairv3/generators/rocket-chip/src/main/scala/tilelink/Bundles.scala:163:14: Unable to determine primary constructor!
[warn] sealed trait TLChannel extends TLBundleBase {
[warn]              ^
[warn] /opt/spechunter/chipyard-issue-715-repairv3/generators/rocket-chip/src/main/scala/tilelink/Bundles.scala:167:14: Unable to determine primary constructor!
[warn] sealed trait TLDataChannel extends TLChannel
[warn]              ^
[warn] /opt/spechunter/chipyard-issue-715-repairv3/generators/rocket-chip/src/main/scala/tilelink/Bundles.scala:168:14: Unable to determine primary constructor!
[warn] sealed trait TLAddrChannel extends TLDataChannel
[warn]              ^
[warn] /opt/spechunter/chipyard-issue-715-repairv3/generators/rocket-chip/src/main/scala/util/ECC.scala:211:7: Unable to determine primary constructor!
[warn] trait CanHaveErrors extends Bundle {
[warn]       ^
[warn] /opt/spechunter/chipyard-issue-715-repairv3/generators/rocket-chip/src/main/scala/util/ElaborationArtefactAnnotation.scala:77:98: match may not be exhaustive.
[warn] It would fail on the following input: (_, _)
[warn]         many.tail.foldLeft(Seq[Token](MemoryPathToken(many.head.asInstanceOf[ReferenceTarget]))) {
[warn]                                                                                                  ^
[warn] /opt/spechunter/chipyard-issue-715-repairv3/generators/rocket-chip/src/main/scala/amba/apb/RegisterRouter.scala:34:11: method fire in class AddMethodsToReadyValid is deprecated (since Chisel 3.5): Calling this function with an empty argument list is invalid in Scala 3. Use the form without parentheses instead
[warn]     when (in.fire())  { taken := Bool(true)  }
[warn]           ^
[warn] /opt/spechunter/chipyard-issue-715-repairv3/generators/rocket-chip/src/main/scala/amba/apb/RegisterRouter.scala:35:11: method fire in class AddMethodsToReadyValid is deprecated (since Chisel 3.5): Calling this function with an empty argument list is invalid in Scala 3. Use the form without parentheses instead
[warn]     when (out.fire()) { taken := Bool(false) }
[warn]           ^
[warn] /opt/spechunter/chipyard-issue-715-repairv3/generators/rocket-chip/src/main/scala/amba/apb/ToTL.scala:74:17: method fire in class AddMethodsToReadyValid is deprecated (since Chisel 3.5): Calling this function with an empty argument list is invalid in Scala 3. Use the form without parentheses instead
[warn]       when (out.a.fire()){in_flight_reg := true.B}
[warn]                 ^
[warn] /opt/spechunter/chipyard-issue-715-repairv3/generators/rocket-chip/src/main/scala/amba/apb/ToTL.scala:75:17: method fire in class AddMethodsToReadyValid is deprecated (since Chisel 3.5): Calling this function with an empty argument list is invalid in Scala 3. Use the form without parentheses instead
[warn]       when (out.d.fire()){in_flight_reg := false.B}
[warn]                 ^
[warn] /opt/spechunter/chipyard-issue-715-repairv3/generators/rocket-chip/src/main/scala/amba/apb/ToTL.scala:99:17: method fire in class AddMethodsToReadyValid is deprecated (since Chisel 3.5): Calling this function with an empty argument list is invalid in Scala 3. Use the form without parentheses instead
[warn]       when (out.a.fire()) {
[warn]                 ^
[warn] /opt/spechunter/chipyard-issue-715-repairv3/generators/rocket-chip/src/main/scala/amba/axi4/Deinterleaver.scala:94:40: method fire in class AddMethodsToReadyValid is deprecated (since Chisel 3.5): Calling this function with an empty argument list is invalid in Scala 3. Use the form without parentheses instead
[warn]             val inc = enq_OH(i) && out.r.fire() && out.r.bits.last
[warn]                                        ^
[warn] /opt/spechunter/chipyard-issue-715-repairv3/generators/rocket-chip/src/main/scala/amba/axi4/Deinterleaver.scala:95:39: method fire in class AddMethodsToReadyValid is deprecated (since Chisel 3.5): Calling this function with an empty argument list is invalid in Scala 3. Use the form without parentheses instead
[warn]             val dec = deq_OH(i) && in.r.fire() && in.r.bits.last
[warn]                                       ^
[warn] /opt/spechunter/chipyard-issue-715-repairv3/generators/rocket-chip/src/main/scala/amba/axi4/Deinterleaver.scala:107:30: method fire in class AddMethodsToReadyValid is deprecated (since Chisel 3.5): Calling this function with an empty argument list is invalid in Scala 3. Use the form without parentheses instead
[warn]         when (!locked || (in.r.fire() && in.r.bits.last)) {
[warn]                              ^
[warn] /opt/spechunter/chipyard-issue-715-repairv3/generators/rocket-chip/src/main/scala/amba/axi4/Deinterleaver.scala:119:34: method fire in class AddMethodsToReadyValid is deprecated (since Chisel 3.5): Calling this function with an empty argument list is invalid in Scala 3. Use the form without parentheses instead
[warn]           q.deq.ready := s && in.r.fire()
[warn]                                  ^
[warn] /opt/spechunter/chipyard-issue-715-repairv3/generators/rocket-chip/src/main/scala/amba/axi4/Delayer.scala:26:13: method fire in class AddMethodsToReadyValid is deprecated (since Chisel 3.5): Calling this function with an empty argument list is invalid in Scala 3. Use the form without parentheses instead
[warn]       when (sink.fire()) { hold := Bool(false) }
[warn]             ^
[warn] /opt/spechunter/chipyard-issue-715-repairv3/generators/rocket-chip/src/main/scala/amba/axi4/Fragmenter.scala:127:15: method fire in class AddMethodsToReadyValid is deprecated (since Chisel 3.5): Calling this function with an empty argument list is invalid in Scala 3. Use the form without parentheses instead
[warn]         when (out.fire()) {
[warn]               ^
[warn] /opt/spechunter/chipyard-issue-715-repairv3/generators/rocket-chip/src/main/scala/amba/axi4/Fragmenter.scala:157:17: method fire in class AddMethodsToReadyValid is deprecated (since Chisel 3.5): Calling this function with an empty argument list is invalid in Scala 3. Use the form without parentheses instead
[warn]       when (out.aw.fire()) { wbeats_latched := Bool(false) }
[warn]                 ^
[warn] /opt/spechunter/chipyard-issue-715-repairv3/generators/rocket-chip/src/main/scala/amba/axi4/Fragmenter.scala:171:33: method fire in class AddMethodsToReadyValid is deprecated (since Chisel 3.5): Calling this function with an empty argument list is invalid in Scala 3. Use the form without parentheses instead
[warn]       w_counter := w_todo - out.w.fire()
[warn]                                 ^
[warn] /opt/spechunter/chipyard-issue-715-repairv3/generators/rocket-chip/src/main/scala/amba/axi4/Fragmenter.scala:172:20: method fire in class AddMethodsToReadyValid is deprecated (since Chisel 3.5): Calling this function with an empty argument list is invalid in Scala 3. Use the form without parentheses instead
[warn]       assert (!out.w.fire() || w_todo =/= UInt(0)) // underflow impossible
[warn]                    ^
[warn] /opt/spechunter/chipyard-issue-715-repairv3/generators/rocket-chip/src/main/scala/amba/axi4/Fragmenter.scala:198:26: method fire in class AddMethodsToReadyValid is deprecated (since Chisel 3.5): Calling this function with an empty argument list is invalid in Scala 3. Use the form without parentheses instead
[warn]         when (sel && out.b.fire()) { reg := Mux(b_last, UInt(0), reg | out.b.bits.resp) }
[warn]                          ^
[warn] /opt/spechunter/chipyard-issue-715-repairv3/generators/rocket-chip/src/main/scala/amba/axi4/SRAM.scala:74:15: method fire in class AddMethodsToReadyValid is deprecated (since Chisel 3.5): Calling this function with an empty argument list is invalid in Scala 3. Use the form without parentheses instead
[warn]     when (in. b.fire()) { w_full := Bool(false) }
[warn]               ^
[warn] /opt/spechunter/chipyard-issue-715-repairv3/generators/rocket-chip/src/main/scala/amba/axi4/SRAM.scala:75:14: method fire in class AddMethodsToReadyValid is deprecated (since Chisel 3.5): Calling this function with an empty argument list is invalid in Scala 3. Use the form without parentheses instead
[warn]     when (in.aw.fire()) { w_full := Bool(true) }
[warn]              ^
[warn] /opt/spechunter/chipyard-issue-715-repairv3/generators/rocket-chip/src/main/scala/amba/axi4/SRAM.scala:77:14: method fire in class AddMethodsToReadyValid is deprecated (since Chisel 3.5): Calling this function with an empty argument list is invalid in Scala 3. Use the form without parentheses instead
[warn]     when (in.aw.fire()) {
[warn]              ^
[warn] /opt/spechunter/chipyard-issue-715-repairv3/generators/rocket-chip/src/main/scala/amba/axi4/SRAM.scala:84:14: method fire in class AddMethodsToReadyValid is deprecated (since Chisel 3.5): Calling this function with an empty argument list is invalid in Scala 3. Use the form without parentheses instead
[warn]     when (in.aw.fire() && w_sel0) {
[warn]              ^
[warn] /opt/spechunter/chipyard-issue-715-repairv3/generators/rocket-chip/src/main/scala/amba/axi4/SRAM.scala:101:15: method fire in class AddMethodsToReadyValid is deprecated (since Chisel 3.5): Calling this function with an empty argument list is invalid in Scala 3. Use the form without parentheses instead
[warn]     when (in. r.fire()) { r_full := Bool(false) }
[warn]               ^
[warn] /opt/spechunter/chipyard-issue-715-repairv3/generators/rocket-chip/src/main/scala/amba/axi4/SRAM.scala:102:14: method fire in class AddMethodsToReadyValid is deprecated (since Chisel 3.5): Calling this function with an empty argument list is invalid in Scala 3. Use the form without parentheses instead
[warn]     when (in.ar.fire()) { r_full := Bool(true) }
[warn]              ^
[warn] /opt/spechunter/chipyard-issue-715-repairv3/generators/rocket-chip/src/main/scala/amba/axi4/SRAM.scala:104:14: method fire in class AddMethodsToReadyValid is deprecated (since Chisel 3.5): Calling this function with an empty argument list is invalid in Scala 3. Use the form without parentheses instead
[warn]     when (in.ar.fire()) {
[warn]              ^
[warn] /opt/spechunter/chipyard-issue-715-repairv3/generators/rocket-chip/src/main/scala/amba/axi4/SRAM.scala:110:18: method fire in class AddMethodsToReadyValid is deprecated (since Chisel 3.5): Calling this function with an empty argument list is invalid in Scala 3. Use the form without parentheses instead
[warn]     val ren = in.ar.fire()
[warn]                  ^
[warn] /opt/spechunter/chipyard-issue-715-repairv3/generators/rocket-chip/src/main/scala/amba/axi4/ToTL.scala:124:18: method fire in class AddMethodsToReadyValid is deprecated (since Chisel 3.5): Calling this function with an empty argument list is invalid in Scala 3. Use the form without parentheses instead
[warn]         when (in.ar.fire() && s) { r := r + UInt(1) }
[warn]                  ^
[warn] /opt/spechunter/chipyard-issue-715-repairv3/generators/rocket-chip/src/main/scala/amba/axi4/ToTL.scala:160:18: method fire in class AddMethodsToReadyValid is deprecated (since Chisel 3.5): Calling this function with an empty argument list is invalid in Scala 3. Use the form without parentheses instead
[warn]         when (in.aw.fire() && s) { r := r + UInt(1) }
[warn]                  ^
[warn] /opt/spechunter/chipyard-issue-715-repairv3/generators/rocket-chip/src/main/scala/amba/axi4/ToTL.scala:199:18: method fire in class AddMethodsToReadyValid is deprecated (since Chisel 3.5): Calling this function with an empty argument list is invalid in Scala 3. Use the form without parentheses instead
[warn]         when (in.b.fire() && s) { r := r + UInt(1) }
[warn]                  ^
[warn] /opt/spechunter/chipyard-issue-715-repairv3/generators/rocket-chip/src/main/scala/amba/axi4/Xbar.scala:133:37: method fire in class AddMethodsToReadyValid is deprecated (since Chisel 3.5): Calling this function with an empty argument list is invalid in Scala 3. Use the form without parentheses instead
[warn]               arSel(id) && io_in(i).ar.fire(),
[warn]                                     ^
[warn] /opt/spechunter/chipyard-issue-715-repairv3/generators/rocket-chip/src/main/scala/amba/axi4/Xbar.scala:134:36: method fire in class AddMethodsToReadyValid is deprecated (since Chisel 3.5): Calling this function with an empty argument list is invalid in Scala 3. Use the form without parentheses instead
[warn]               rSel(id) && io_in(i).r.fire() && io_in(i).r.bits.last)
[warn]                                    ^
[warn] /opt/spechunter/chipyard-issue-715-repairv3/generators/rocket-chip/src/main/scala/amba/axi4/Xbar.scala:137:37: method fire in class AddMethodsToReadyValid is deprecated (since Chisel 3.5): Calling this function with an empty argument list is invalid in Scala 3. Use the form without parentheses instead
[warn]               awSel(id) && io_in(i).aw.fire(),
[warn]                                     ^
[warn] /opt/spechunter/chipyard-issue-715-repairv3/generators/rocket-chip/src/main/scala/amba/axi4/Xbar.scala:138:36: method fire in class AddMethodsToReadyValid is deprecated (since Chisel 3.5): Calling this function with an empty argument list is invalid in Scala 3. Use the form without parentheses instead
[warn]               bSel(id) && io_in(i).b.fire())
[warn]                                    ^
[warn] /opt/spechunter/chipyard-issue-715-repairv3/generators/rocket-chip/src/main/scala/amba/axi4/Xbar.scala:155:26: method fire in class AddMethodsToReadyValid is deprecated (since Chisel 3.5): Calling this function with an empty argument list is invalid in Scala 3. Use the form without parentheses instead
[warn]         when (awIn(i).io.enq.fire()) { latched := Bool(true) }
[warn]                          ^
[warn] /opt/spechunter/chipyard-issue-715-repairv3/generators/rocket-chip/src/main/scala/amba/axi4/Xbar.scala:156:21: method fire in class AddMethodsToReadyValid is deprecated (since Chisel 3.5): Calling this function with an empty argument list is invalid in Scala 3. Use the form without parentheses instead
[warn]         when (in(i).aw.fire()) { latched := Bool(false) }
[warn]                     ^
[warn] /opt/spechunter/chipyard-issue-715-repairv3/generators/rocket-chip/src/main/scala/amba/axi4/Xbar.scala:176:27: method fire in class AddMethodsToReadyValid is deprecated (since Chisel 3.5): Calling this function with an empty argument list is invalid in Scala 3. Use the form without parentheses instead
[warn]         when (awOut(i).io.enq.fire()) { latched := Bool(true) }
[warn]                           ^
[warn] /opt/spechunter/chipyard-issue-715-repairv3/generators/rocket-chip/src/main/scala/amba/axi4/Xbar.scala:177:22: method fire in class AddMethodsToReadyValid is deprecated (since Chisel 3.5): Calling this function with an empty argument list is invalid in Scala 3. Use the form without parentheses instead
[warn]         when (out(i).aw.fire()) { latched := Bool(false) }
[warn]                      ^
[warn] /opt/spechunter/chipyard-issue-715-repairv3/generators/rocket-chip/src/main/scala/amba/axi4/Xbar.scala:281:11: method fire in class AddMethodsToReadyValid is deprecated (since Chisel 3.5): Calling this function with an empty argument list is invalid in Scala 3. Use the form without parentheses instead
[warn]     when (sink.fire()) { idle := Bool(true) }
[warn]           ^
[warn] /opt/spechunter/chipyard-issue-715-repairv3/generators/rocket-chip/src/main/scala/devices/debug/Debug.scala:815:22: method fire in class AddMethodsToReadyValid is deprecated (since Chisel 3.5): Calling this function with an empty argument list is invalid in Scala 3. Use the form without parentheses instead
[warn]       }.elsewhen (io.innerCtrl.fire()){
[warn]                      ^
[warn] /opt/spechunter/chipyard-issue-715-repairv3/generators/rocket-chip/src/main/scala/devices/debug/Debug.scala:825:22: method fire in class AddMethodsToReadyValid is deprecated (since Chisel 3.5): Calling this function with an empty argument list is invalid in Scala 3. Use the form without parentheses instead
[warn]       }.elsewhen (io.innerCtrl.fire()){
[warn]                      ^
[warn] /opt/spechunter/chipyard-issue-715-repairv3/generators/rocket-chip/src/main/scala/devices/debug/Debug.scala:862:20: method fire in class AddMethodsToReadyValid is deprecated (since Chisel 3.5): Calling this function with an empty argument list is invalid in Scala 3. Use the form without parentheses instead
[warn]     }.elsewhen (io.innerCtrl.fire()){
[warn]                    ^
[warn] /opt/spechunter/chipyard-issue-715-repairv3/generators/rocket-chip/src/main/scala/devices/debug/Debug.scala:889:24: method fire in class AddMethodsToReadyValid is deprecated (since Chisel 3.5): Calling this function with an empty argument list is invalid in Scala 3. Use the form without parentheses instead
[warn]     val resumereq = io.innerCtrl.fire() && io.innerCtrl.bits.resumereq
[warn]                        ^
[warn] /opt/spechunter/chipyard-issue-715-repairv3/generators/rocket-chip/src/main/scala/devices/debug/Debug.scala:921:16: method fire in class AddMethodsToReadyValid is deprecated (since Chisel 3.5): Calling this function with an empty argument list is invalid in Scala 3. Use the form without parentheses instead
[warn]       when (io.innerCtrl.fire() && io.innerCtrl.bits.ackhavereset) {
[warn]                ^
[warn] /opt/spechunter/chipyard-issue-715-repairv3/generators/rocket-chip/src/main/scala/devices/debug/DebugTransport.scala:146:16: method fire in class AddMethodsToReadyValid is deprecated (since Chisel 3.5): Calling this function with an empty argument list is invalid in Scala 3. Use the form without parentheses instead
[warn]   when (io.dmi.resp.fire()) {
[warn]                ^
[warn] /opt/spechunter/chipyard-issue-715-repairv3/generators/rocket-chip/src/main/scala/devices/debug/DebugTransport.scala:203:39: method fire in class AddMethodsToReadyValid is deprecated (since Chisel 3.5): Calling this function with an empty argument list is invalid in Scala 3. Use the form without parentheses instead
[warn]   assert(!(dmiReqValidCheck && io.dmi.req.fire()), "Conflicting updates for dmiReqValidReg, should not happen.");
[warn]                                       ^
[warn] /opt/spechunter/chipyard-issue-715-repairv3/generators/rocket-chip/src/main/scala/devices/debug/DebugTransport.scala:220:16: method fire in class AddMethodsToReadyValid is deprecated (since Chisel 3.5): Calling this function with an empty argument list is invalid in Scala 3. Use the form without parentheses instead
[warn]   when (io.dmi.req.fire()) {
[warn]                ^
[warn] /opt/spechunter/chipyard-issue-715-repairv3/generators/rocket-chip/src/main/scala/devices/debug/Periphery.scala:197:7: method apply in object stop is deprecated (since Chisel 3.5): Non-zero return codes are not well supported. Please use assert(false.B) if you want to indicate a failure.
[warn]       stop(1)
[warn]       ^
[warn] /opt/spechunter/chipyard-issue-715-repairv3/generators/rocket-chip/src/main/scala/devices/debug/Periphery.scala:233:7: method apply in object stop is deprecated (since Chisel 3.5): Non-zero return codes are not well supported. Please use assert(false.B) if you want to indicate a failure.
[warn]       stop(1)
[warn]       ^
[warn] /opt/spechunter/chipyard-issue-715-repairv3/generators/rocket-chip/src/main/scala/devices/tilelink/Error.scala:50:13: method fire in class AddMethodsToReadyValid is deprecated (since Chisel 3.5): Calling this function with an empty argument list is invalid in Scala 3. Use the form without parentheses instead
[warn]       when (da.fire() && da.bits.opcode === Grant) { idle := Bool(false) }
[warn]             ^
[warn] /opt/spechunter/chipyard-issue-715-repairv3/generators/rocket-chip/src/main/scala/devices/tilelink/Error.scala:51:16: method fire in class AddMethodsToReadyValid is deprecated (since Chisel 3.5): Calling this function with an empty argument list is invalid in Scala 3. Use the form without parentheses instead
[warn]       when (in.e.fire()) { idle := Bool(true) }
[warn]                ^
[warn] /opt/spechunter/chipyard-issue-715-repairv3/generators/rocket-chip/src/main/scala/devices/tilelink/MaskROM.scala:33:21: method fire in class AddMethodsToReadyValid is deprecated (since Chisel 3.5): Calling this function with an empty argument list is invalid in Scala 3. Use the form without parentheses instead
[warn]     rom.io.me := in.a.fire()
[warn]                     ^
[warn] /opt/spechunter/chipyard-issue-715-repairv3/generators/rocket-chip/src/main/scala/devices/tilelink/MaskROM.scala:38:49: method fire in class AddMethodsToReadyValid is deprecated (since Chisel 3.5): Calling this function with an empty argument list is invalid in Scala 3. Use the form without parentheses instead
[warn]     val d_data = rom.io.q holdUnless RegNext(in.a.fire())
[warn]                                                 ^
[warn] /opt/spechunter/chipyard-issue-715-repairv3/generators/rocket-chip/src/main/scala/devices/tilelink/MaskROM.scala:41:14: method fire in class AddMethodsToReadyValid is deprecated (since Chisel 3.5): Calling this function with an empty argument list is invalid in Scala 3. Use the form without parentheses instead
[warn]     when (in.d.fire()) { d_full := Bool(false) }
[warn]              ^
[warn] /opt/spechunter/chipyard-issue-715-repairv3/generators/rocket-chip/src/main/scala/devices/tilelink/MaskROM.scala:42:14: method fire in class AddMethodsToReadyValid is deprecated (since Chisel 3.5): Calling this function with an empty argument list is invalid in Scala 3. Use the form without parentheses instead
[warn]     when (in.a.fire()) { d_full := Bool(true)  }
[warn]              ^
[warn] /opt/spechunter/chipyard-issue-715-repairv3/generators/rocket-chip/src/main/scala/devices/tilelink/MaskROM.scala:46:14: method fire in class AddMethodsToReadyValid is deprecated (since Chisel 3.5): Calling this function with an empty argument list is invalid in Scala 3. Use the form without parentheses instead
[warn]     when (in.a.fire()) {
[warn]              ^
[warn] /opt/spechunter/chipyard-issue-715-repairv3/generators/rocket-chip/src/main/scala/devices/tilelink/PhysicalFilter.scala:227:41: method fire in class AddMethodsToReadyValid is deprecated (since Chisel 3.5): Calling this function with an empty argument list is invalid in Scala 3. Use the form without parentheses instead
[warn]       flight := flight + (a_first && in.a.fire()) - (d_last && !d_rack && in.d.fire())
[warn]                                         ^
[warn] /opt/spechunter/chipyard-issue-715-repairv3/generators/rocket-chip/src/main/scala/devices/tilelink/PhysicalFilter.scala:227:78: method fire in class AddMethodsToReadyValid is deprecated (since Chisel 3.5): Calling this function with an empty argument list is invalid in Scala 3. Use the form without parentheses instead
[warn]       flight := flight + (a_first && in.a.fire()) - (d_last && !d_rack && in.d.fire())
[warn]                                                                              ^
[warn] /opt/spechunter/chipyard-issue-715-repairv3/generators/rocket-chip/src/main/scala/devices/tilelink/PhysicalFilter.scala:281:18: method fire in class AddMethodsToReadyValid is deprecated (since Chisel 3.5): Calling this function with an empty argument list is invalid in Scala 3. Use the form without parentheses instead
[warn]         when (in.a.fire() && a_first) {
[warn]                  ^
[warn] /opt/spechunter/chipyard-issue-715-repairv3/generators/rocket-chip/src/main/scala/devices/tilelink/PhysicalFilter.scala:294:18: method fire in class AddMethodsToReadyValid is deprecated (since Chisel 3.5): Calling this function with an empty argument list is invalid in Scala 3. Use the form without parentheses instead
[warn]         when (in.e.fire() && isMyId) {
[warn]                  ^
[warn] /opt/spechunter/chipyard-issue-715-repairv3/generators/rocket-chip/src/main/scala/devices/tilelink/TestRAM.scala:53:14: method fire in class AddMethodsToReadyValid is deprecated (since Chisel 3.5): Calling this function with an empty argument list is invalid in Scala 3. Use the form without parentheses instead
[warn]     when (in.a.fire() && hasData) {
[warn]              ^
[warn] /opt/spechunter/chipyard-issue-715-repairv3/generators/rocket-chip/src/main/scala/diplomacy/CloneModule.scala:26:36: lazy value getPorts in class RawModule is deprecated (since Chisel 3.5): Use DataMirror.modulePorts instead. this API will be removed in Chisel 3.6
[warn]   val io = IO(new ClonePorts(model.getPorts.map(_.id): _*))
[warn]                                    ^
[warn] /opt/spechunter/chipyard-issue-715-repairv3/generators/rocket-chip/src/main/scala/diplomacy/LazyModule.scala:335:54: type MultiIOModule in package chisel3 is deprecated (since Chisel 3.5): MultiIOModule is now just Module
[warn] class LazyModuleImp(val wrapper: LazyModule) extends MultiIOModule with LazyModuleImpLike {
[warn]                                                      ^
[warn] /opt/spechunter/chipyard-issue-715-repairv3/generators/rocket-chip/src/main/scala/diplomacy/LazyModule.scala:503:44: method flip in class AddDirectionToData is deprecated (since Chisel 3.5): Calling this function with an empty argument list is invalid in Scala 3. Use the form without parentheses instead
[warn]     val element = if (flip) data.cloneType.flip() else data.cloneType
[warn]                                            ^
[warn] /opt/spechunter/chipyard-issue-715-repairv3/generators/rocket-chip/src/main/scala/groundtest/TraceGen.scala:225:37: method fire in class AddMethodsToReadyValid is deprecated (since Chisel 3.5): Calling this function with an empty argument list is invalid in Scala 3. Use the form without parentheses instead
[warn]   reqTimer.io.start.valid := io.mem.req.fire()
[warn]                                     ^
[warn] /opt/spechunter/chipyard-issue-715-repairv3/generators/rocket-chip/src/main/scala/groundtest/TraceGen.scala:384:46: method fire in class AddMethodsToReadyValid is deprecated (since Chisel 3.5): Calling this function with an empty argument list is invalid in Scala 3. Use the form without parentheses instead
[warn]   val canSendFreshReq = (!reqValid || io.mem.req.fire()) &&
[warn]                                              ^
[warn] /opt/spechunter/chipyard-issue-715-repairv3/generators/rocket-chip/src/main/scala/groundtest/TraceGen.scala:520:21: method fire in class AddMethodsToReadyValid is deprecated (since Chisel 3.5): Calling this function with an empty argument list is invalid in Scala 3. Use the form without parentheses instead
[warn]   .elsewhen (io.mem.req.fire()) {
[warn]                     ^
[warn] /opt/spechunter/chipyard-issue-715-repairv3/generators/rocket-chip/src/main/scala/groundtest/TraceGen.scala:535:16: method fire in class AddMethodsToReadyValid is deprecated (since Chisel 3.5): Calling this function with an empty argument list is invalid in Scala 3. Use the form without parentheses instead
[warn]   when (io.mem.req.fire()) {
[warn]                ^
[warn] /opt/spechunter/chipyard-issue-715-repairv3/generators/rocket-chip/src/main/scala/linting/LintAnnotation.scala:19:29: method info in class FileInfo is deprecated (since FIRRTL 1.4): Use FileInfo.unescaped instead. FileInfo.info will be removed in FIRRTL 1.5.
[warn]       case f: FileInfo => f.info.serialize match {
[warn]                             ^
[warn] /opt/spechunter/chipyard-issue-715-repairv3/generators/rocket-chip/src/main/scala/linting/LintReporter.scala:13:100: trait PreservesAll in package options is deprecated (since FIRRTL 1.4): Use an explicit `override def invalidates` returning false. This will be removed in FIRRTL 1.5.
[warn] final class LintReporter extends Transform with RegisteredLibrary with DependencyAPIMigration with PreservesAll[Transform] {
[warn]                                                                                                    ^
[warn] /opt/spechunter/chipyard-issue-715-repairv3/generators/rocket-chip/src/main/scala/linting/rule/LintRule.scala:15:99: trait PreservesAll in package options is deprecated (since FIRRTL 1.4): Use an explicit `override def invalidates` returning false. This will be removed in FIRRTL 1.5.
[warn] abstract class LintRule extends Transform with RegisteredLibrary with DependencyAPIMigration with PreservesAll[Transform] {
[warn]                                                                                                   ^
[warn] /opt/spechunter/chipyard-issue-715-repairv3/generators/rocket-chip/src/main/scala/linting/rule/package.scala:45:9: method info in class FileInfo is deprecated (since FIRRTL 1.4): Use FileInfo.unescaped instead. FileInfo.info will be removed in FIRRTL 1.5.
[warn]       f.info.serialize match {
[warn]         ^
[warn] /opt/spechunter/chipyard-issue-715-repairv3/generators/rocket-chip/src/main/scala/linting/rule/package.scala:46:43: method apply in object FileInfo is deprecated (since FIRRTL 1.4): Use FileInfo.fromUnEscaped instead. FileInfo.apply will be removed in FIRRTL 1.5.
[warn]         case infoRegex(scala, fir) => Seq(FileInfo(StringLit(scala)), FileInfo(StringLit(fir)))
[warn]                                           ^
[warn] /opt/spechunter/chipyard-issue-715-repairv3/generators/rocket-chip/src/main/scala/linting/rule/package.scala:46:71: method apply in object FileInfo is deprecated (since FIRRTL 1.4): Use FileInfo.fromUnEscaped instead. FileInfo.apply will be removed in FIRRTL 1.5.
[warn]         case infoRegex(scala, fir) => Seq(FileInfo(StringLit(scala)), FileInfo(StringLit(fir)))
[warn]                                                                       ^
[warn] /opt/spechunter/chipyard-issue-715-repairv3/generators/rocket-chip/src/main/scala/linting/rule/package.scala:67:20: method info in class FileInfo is deprecated (since FIRRTL 1.4): Use FileInfo.unescaped instead. FileInfo.info will be removed in FIRRTL 1.5.
[warn]       val file = i.info.serialize.split(' ').head
[warn]                    ^
[warn] /opt/spechunter/chipyard-issue-715-repairv3/generators/rocket-chip/src/main/scala/rocket/DCache.scala:160:38: method fire in class AddMethodsToReadyValid is deprecated (since Chisel 3.5): Calling this function with an empty argument list is invalid in Scala 3. Use the form without parentheses instead
[warn]   val s1_valid = Reg(next=io.cpu.req.fire(), init=Bool(false))
[warn]                                      ^
[warn] /opt/spechunter/chipyard-issue-715-repairv3/generators/rocket-chip/src/main/scala/rocket/DCache.scala:161:36: method fire in class AddMethodsToReadyValid is deprecated (since Chisel 3.5): Calling this function with an empty argument list is invalid in Scala 3. Use the form without parentheses instead
[warn]   val s1_probe = Reg(next=tl_out.b.fire(), init=Bool(false))
[warn]                                    ^
[warn] /opt/spechunter/chipyard-issue-715-repairv3/generators/rocket-chip/src/main/scala/rocket/DCache.scala:162:54: method fire in class AddMethodsToReadyValid is deprecated (since Chisel 3.5): Calling this function with an empty argument list is invalid in Scala 3. Use the form without parentheses instead
[warn]   val probe_bits = RegEnable(tl_out.b.bits, tl_out.b.fire()) // TODO has data now :(
[warn]                                                      ^
[warn] /opt/spechunter/chipyard-issue-715-repairv3/generators/rocket-chip/src/main/scala/rocket/DCache.scala:166:47: method fire in class AddMethodsToReadyValid is deprecated (since Chisel 3.5): Calling this function with an empty argument list is invalid in Scala 3. Use the form without parentheses instead
[warn]   val s1_tlb_req_valid = RegNext(tlb_port.req.fire(), false.B)
[warn]                                               ^
[warn] /opt/spechunter/chipyard-issue-715-repairv3/generators/rocket-chip/src/main/scala/rocket/DCache.scala:178:23: method fire in class AddMethodsToReadyValid is deprecated (since Chisel 3.5): Calling this function with an empty argument list is invalid in Scala 3. Use the form without parentheses instead
[warn]   when (!tlb_port.req.fire()) {
[warn]                       ^
[warn] /opt/spechunter/chipyard-issue-715-repairv3/generators/rocket-chip/src/main/scala/rocket/DCache.scala:604:18: method fire in class AddMethodsToReadyValid is deprecated (since Chisel 3.5): Calling this function with an empty argument list is invalid in Scala 3. Use the form without parentheses instead
[warn]   when (tl_out_a.fire()) {
[warn]                  ^
[warn] /opt/spechunter/chipyard-issue-715-repairv3/generators/rocket-chip/src/main/scala/rocket/DCache.scala:647:18: method fire in class AddMethodsToReadyValid is deprecated (since Chisel 3.5): Calling this function with an empty argument list is invalid in Scala 3. Use the form without parentheses instead
[warn]   when (tl_out.d.fire()) {
[warn]                  ^
[warn] /opt/spechunter/chipyard-issue-715-repairv3/generators/rocket-chip/src/main/scala/rocket/DCache.scala:689:19: method fire in class AddMethodsToReadyValid is deprecated (since Chisel 3.5): Calling this function with an empty argument list is invalid in Scala 3. Use the form without parentheses instead
[warn]   assert(tl_out.e.fire() === (tl_out.d.fire() && d_first && grantIsCached))
[warn]                   ^
[warn] /opt/spechunter/chipyard-issue-715-repairv3/generators/rocket-chip/src/main/scala/rocket/DCache.scala:689:40: method fire in class AddMethodsToReadyValid is deprecated (since Chisel 3.5): Calling this function with an empty argument list is invalid in Scala 3. Use the form without parentheses instead
[warn]   assert(tl_out.e.fire() === (tl_out.d.fire() && d_first && grantIsCached))
[warn]                                        ^
[warn] /opt/spechunter/chipyard-issue-715-repairv3/generators/rocket-chip/src/main/scala/rocket/DCache.scala:774:59: method fire in class AddMethodsToReadyValid is deprecated (since Chisel 3.5): Calling this function with an empty argument list is invalid in Scala 3. Use the form without parentheses instead
[warn]   val s1_release_data_valid = Reg(next = dataArb.io.in(2).fire())
[warn]                                                           ^
[warn] /opt/spechunter/chipyard-issue-715-repairv3/generators/rocket-chip/src/main/scala/rocket/DCache.scala:776:57: method fire in class AddMethodsToReadyValid is deprecated (since Chisel 3.5): Calling this function with an empty argument list is invalid in Scala 3. Use the form without parentheses instead
[warn]   releaseRejected := s2_release_data_valid && !tl_out_c.fire()
[warn]                                                         ^
[warn] /opt/spechunter/chipyard-issue-715-repairv3/generators/rocket-chip/src/main/scala/rocket/DCache.scala:852:22: method fire in class AddMethodsToReadyValid is deprecated (since Chisel 3.5): Calling this function with an empty argument list is invalid in Scala 3. Use the form without parentheses instead
[warn]       when (tl_out_c.fire() && c_first) {
[warn]                      ^
[warn] /opt/spechunter/chipyard-issue-715-repairv3/generators/rocket-chip/src/main/scala/rocket/DCache.scala:887:26: method fire in class AddMethodsToReadyValid is deprecated (since Chisel 3.5): Calling this function with an empty argument list is invalid in Scala 3. Use the form without parentheses instead
[warn]   when (metaArb.io.in(4).fire()) { release_state := s_ready }
[warn]                          ^
[warn] /opt/spechunter/chipyard-issue-715-repairv3/generators/rocket-chip/src/main/scala/rocket/DCache.scala:922:34: method fire in class AddMethodsToReadyValid is deprecated (since Chisel 3.5): Calling this function with an empty argument list is invalid in Scala 3. Use the form without parentheses instead
[warn]   io.cpu.replay_next := tl_out.d.fire() && grantIsUncachedData && !cacheParams.separateUncachedResp
[warn]                                  ^
[warn] /opt/spechunter/chipyard-issue-715-repairv3/generators/rocket-chip/src/main/scala/rocket/DCache.scala:986:38: method fire in class AddMethodsToReadyValid is deprecated (since Chisel 3.5): Calling this function with an empty argument list is invalid in Scala 3. Use the form without parentheses instead
[warn]   s1_flush_valid := metaArb.io.in(5).fire() && !s1_flush_valid && !s2_flush_valid_pre_tag_ecc && release_state === s_ready && !release_ack_wait
[warn]                                      ^
[warn] /opt/spechunter/chipyard-issue-715-repairv3/generators/rocket-chip/src/main/scala/rocket/DCache.scala:1003:20: method fire in class AddMethodsToReadyValid is deprecated (since Chisel 3.5): Calling this function with an empty argument list is invalid in Scala 3. Use the form without parentheses instead
[warn]     when (tl_out_a.fire() && !s2_uncached) { flushed := false }
[warn]                    ^
[warn] /opt/spechunter/chipyard-issue-715-repairv3/generators/rocket-chip/src/main/scala/rocket/DCache.scala:1051:37: method fire in class AddMethodsToReadyValid is deprecated (since Chisel 3.5): Calling this function with an empty argument list is invalid in Scala 3. Use the form without parentheses instead
[warn]   io.cpu.perf.tlbMiss := io.ptw.req.fire()
[warn]                                     ^
[warn] /opt/spechunter/chipyard-issue-715-repairv3/generators/rocket-chip/src/main/scala/rocket/DCache.scala:1075:22: method fire in class AddMethodsToReadyValid is deprecated (since Chisel 3.5): Calling this function with an empty argument list is invalid in Scala 3. Use the form without parentheses instead
[warn]       when (tl_out.d.fire() && grantIsRefill) { refill_count := refill_count + 1 }
[warn]                      ^
[warn] /opt/spechunter/chipyard-issue-715-repairv3/generators/rocket-chip/src/main/scala/rocket/DCache.scala:1084:25: method fire in class AddMethodsToReadyValid is deprecated (since Chisel 3.5): Calling this function with an empty argument list is invalid in Scala 3. Use the form without parentheses instead
[warn]       (RegNext(tl_out_c.fire() && inWriteback && s2_data_error),
[warn]                         ^
[warn] /opt/spechunter/chipyard-issue-715-repairv3/generators/rocket-chip/src/main/scala/rocket/DCache.scala:1101:37: method fire in class AddMethodsToReadyValid is deprecated (since Chisel 3.5): Calling this function with an empty argument list is invalid in Scala 3. Use the form without parentheses instead
[warn]     io.errors.bus.valid := tl_out.d.fire() && (tl_out.d.bits.denied || tl_out.d.bits.corrupt)
[warn]                                     ^
[warn] /opt/spechunter/chipyard-issue-715-repairv3/generators/rocket-chip/src/main/scala/rocket/Frontend.scala:131:40: method fire in class AddMethodsToReadyValid is deprecated (since Chisel 3.5): Calling this function with an empty argument list is invalid in Scala 3. Use the form without parentheses instead
[warn]   s2_replay := (s2_valid && !fq.io.enq.fire()) || RegNext(s2_replay && !s0_valid, true.B)
[warn]                                        ^
[warn] /opt/spechunter/chipyard-issue-715-repairv3/generators/rocket-chip/src/main/scala/rocket/Frontend.scala:229:63: method asUInt in class fromBigIntToLiteral is deprecated (since Chisel 3.5): Calling this function with an empty argument list is invalid in Scala 3. Use the form without parentheses instead
[warn]       val rviBranch = rviBits(6,0) === Instructions.BEQ.value.asUInt()(6,0)
[warn]                                                               ^
[warn] /opt/spechunter/chipyard-issue-715-repairv3/generators/rocket-chip/src/main/scala/rocket/Frontend.scala:230:61: method asUInt in class fromBigIntToLiteral is deprecated (since Chisel 3.5): Calling this function with an empty argument list is invalid in Scala 3. Use the form without parentheses instead
[warn]       val rviJump = rviBits(6,0) === Instructions.JAL.value.asUInt()(6,0)
[warn]                                                             ^
[warn] /opt/spechunter/chipyard-issue-715-repairv3/generators/rocket-chip/src/main/scala/rocket/Frontend.scala:231:62: method asUInt in class fromBigIntToLiteral is deprecated (since Chisel 3.5): Calling this function with an empty argument list is invalid in Scala 3. Use the form without parentheses instead
[warn]       val rviJALR = rviBits(6,0) === Instructions.JALR.value.asUInt()(6,0)
[warn]                                                              ^
[warn] /opt/spechunter/chipyard-issue-715-repairv3/generators/rocket-chip/src/main/scala/rocket/Frontend.scala:263:46: method fire in class AddMethodsToReadyValid is deprecated (since Chisel 3.5): Calling this function with an empty argument list is invalid in Scala 3. Use the form without parentheses instead
[warn]         btb.io.ras_update.valid := fq.io.enq.fire() && !wrong_path && (prevRVI && (rviCall || rviReturn) || valid && (rvcCall || rvcReturn))
[warn]                                              ^
[warn] /opt/spechunter/chipyard-issue-715-repairv3/generators/rocket-chip/src/main/scala/rocket/Frontend.scala:270:27: method fire in class AddMethodsToReadyValid is deprecated (since Chisel 3.5): Calling this function with an empty argument list is invalid in Scala 3. Use the form without parentheses instead
[warn]           when (fq.io.enq.fire() && taken && !predictBranch && !predictJump && !predictReturn) {
[warn]                           ^
[warn] /opt/spechunter/chipyard-issue-715-repairv3/generators/rocket-chip/src/main/scala/rocket/Frontend.scala:285:49: method fire in class AddMethodsToReadyValid is deprecated (since Chisel 3.5): Calling this function with an empty argument list is invalid in Scala 3. Use the form without parentheses instead
[warn]           btb.io.bht_advance.valid := fq.io.enq.fire() && !wrong_path
[warn]                                                 ^
[warn] /opt/spechunter/chipyard-issue-715-repairv3/generators/rocket-chip/src/main/scala/rocket/Frontend.scala:294:25: method fire in class AddMethodsToReadyValid is deprecated (since Chisel 3.5): Calling this function with an empty argument list is invalid in Scala 3. Use the form without parentheses instead
[warn]         when (fq.io.enq.fire()) {
[warn]                         ^
[warn] /opt/spechunter/chipyard-issue-715-repairv3/generators/rocket-chip/src/main/scala/rocket/Frontend.scala:309:44: method fire in class AddMethodsToReadyValid is deprecated (since Chisel 3.5): Calling this function with an empty argument list is invalid in Scala 3. Use the form without parentheses instead
[warn]       btb.io.btb_update.valid := fq.io.enq.fire() && !wrong_path && fetch_bubble_likely && updateBTB
[warn]                                            ^
[warn] /opt/spechunter/chipyard-issue-715-repairv3/generators/rocket-chip/src/main/scala/rocket/Frontend.scala:323:21: method fire in class AddMethodsToReadyValid is deprecated (since Chisel 3.5): Calling this function with an empty argument list is invalid in Scala 3. Use the form without parentheses instead
[warn]     when (fq.io.enq.fire() && (s2_btb_taken || taken)) {
[warn]                     ^
[warn] /opt/spechunter/chipyard-issue-715-repairv3/generators/rocket-chip/src/main/scala/rocket/Frontend.scala:331:25: method fire in class AddMethodsToReadyValid is deprecated (since Chisel 3.5): Calling this function with an empty argument list is invalid in Scala 3. Use the form without parentheses instead
[warn]         when (fq.io.enq.fire()) { s2_redirect := true }
[warn]                         ^
[warn] /opt/spechunter/chipyard-issue-715-repairv3/generators/rocket-chip/src/main/scala/rocket/Frontend.scala:345:19: method fire in class AddMethodsToReadyValid is deprecated (since Chisel 3.5): Calling this function with an empty argument list is invalid in Scala 3. Use the form without parentheses instead
[warn]   when (fq.io.enq.fire() && s2_tlb_resp.gf.inst) {
[warn]                   ^
[warn] /opt/spechunter/chipyard-issue-715-repairv3/generators/rocket-chip/src/main/scala/rocket/Frontend.scala:359:37: method fire in class AddMethodsToReadyValid is deprecated (since Chisel 3.5): Calling this function with an empty argument list is invalid in Scala 3. Use the form without parentheses instead
[warn]   io.cpu.perf.tlbMiss := io.ptw.req.fire()
[warn]                                     ^
[warn] /opt/spechunter/chipyard-issue-715-repairv3/generators/rocket-chip/src/main/scala/rocket/HellaCache.scala:328:50: method fire in class AddMethodsToReadyValid is deprecated (since Chisel 3.5): Calling this function with an empty argument list is invalid in Scala 3. Use the form without parentheses instead
[warn]   io.resp := tag_array.read(io.read.bits.idx, io.read.fire()).map(rstVal.fromBits(_))
[warn]                                                  ^
[warn] /opt/spechunter/chipyard-issue-715-repairv3/generators/rocket-chip/src/main/scala/rocket/ICache.scala:322:35: method fire in class AddMethodsToReadyValid is deprecated (since Chisel 3.5): Calling this function with an empty argument list is invalid in Scala 3. Use the form without parentheses instead
[warn]   val s0_slaveValid = tl_in.map(_.a.fire()).getOrElse(false.B)
[warn]                                   ^
[warn] /opt/spechunter/chipyard-issue-715-repairv3/generators/rocket-chip/src/main/scala/rocket/ICache.scala:328:21: method fire in class AddMethodsToReadyValid is deprecated (since Chisel 3.5): Calling this function with an empty argument list is invalid in Scala 3. Use the form without parentheses instead
[warn]   val s0_valid = io.req.fire()
[warn]                     ^
[warn] /opt/spechunter/chipyard-issue-715-repairv3/generators/rocket-chip/src/main/scala/rocket/ICache.scala:366:28: method fire in class AddMethodsToReadyValid is deprecated (since Chisel 3.5): Calling this function with an empty argument list is invalid in Scala 3. Use the form without parentheses instead
[warn]   val refill_fire = tl_out.a.fire() && !send_hint
[warn]                            ^
[warn] /opt/spechunter/chipyard-issue-715-repairv3/generators/rocket-chip/src/main/scala/rocket/ICache.scala:383:32: method fire in class AddMethodsToReadyValid is deprecated (since Chisel 3.5): Calling this function with an empty argument list is invalid in Scala 3. Use the form without parentheses instead
[warn]   val refill_one_beat = tl_out.d.fire() && edge_out.hasData(tl_out.d.bits)
[warn]                                ^
[warn] /opt/spechunter/chipyard-issue-715-repairv3/generators/rocket-chip/src/main/scala/rocket/ICache.scala:433:33: method fire in class AddMethodsToReadyValid is deprecated (since Chisel 3.5): Calling this function with an empty argument list is invalid in Scala 3. Use the form without parentheses instead
[warn]   io.errors.bus.valid := tl_out.d.fire() && (tl_out.d.bits.denied || tl_out.d.bits.corrupt)
[warn]                                 ^
[warn] /opt/spechunter/chipyard-issue-715-repairv3/generators/rocket-chip/src/main/scala/rocket/ICache.scala:769:18: method fire in class AddMethodsToReadyValid is deprecated (since Chisel 3.5): Calling this function with an empty argument list is invalid in Scala 3. Use the form without parentheses instead
[warn]     when (tl_out.a.fire()) {
[warn]                  ^
[warn] /opt/spechunter/chipyard-issue-715-repairv3/generators/rocket-chip/src/main/scala/rocket/ICache.scala:783:18: method fire in class AddMethodsToReadyValid is deprecated (since Chisel 3.5): Calling this function with an empty argument list is invalid in Scala 3. Use the form without parentheses instead
[warn]     when (tl_out.d.fire() && !refill_one_beat) {
[warn]                  ^
[warn] /opt/spechunter/chipyard-issue-715-repairv3/generators/rocket-chip/src/main/scala/rocket/ICache.scala:797:36: method fire in class AddMethodsToReadyValid is deprecated (since Chisel 3.5): Calling this function with an empty argument list is invalid in Scala 3. Use the form without parentheses instead
[warn]     ccover(refill_valid && (tl_out.d.fire() && !refill_one_beat), "PREFETCH_D_BEFORE_MISS_D", "I$ prefetch resolves before miss")
[warn]                                    ^
[warn] /opt/spechunter/chipyard-issue-715-repairv3/generators/rocket-chip/src/main/scala/rocket/ICache.scala:798:37: method fire in class AddMethodsToReadyValid is deprecated (since Chisel 3.5): Calling this function with an empty argument list is invalid in Scala 3. Use the form without parentheses instead
[warn]     ccover(!refill_valid && (tl_out.d.fire() && !refill_one_beat), "PREFETCH_D_AFTER_MISS_D", "I$ prefetch resolves after miss")
[warn]                                     ^
[warn] /opt/spechunter/chipyard-issue-715-repairv3/generators/rocket-chip/src/main/scala/rocket/ICache.scala:799:19: method fire in class AddMethodsToReadyValid is deprecated (since Chisel 3.5): Calling this function with an empty argument list is invalid in Scala 3. Use the form without parentheses instead
[warn]     ccover(tl_out.a.fire() && hint_outstanding, "PREFETCH_D_AFTER_MISS_A", "I$ prefetch resolves after second miss")
[warn]                   ^
[warn] /opt/spechunter/chipyard-issue-715-repairv3/generators/rocket-chip/src/main/scala/rocket/Multiplier.scala:160:12: method fire in class AddMethodsToReadyValid is deprecated (since Chisel 3.5): Calling this function with an empty argument list is invalid in Scala 3. Use the form without parentheses instead
[warn]   when (io.resp.fire() || io.kill) {
[warn]            ^
[warn] /opt/spechunter/chipyard-issue-715-repairv3/generators/rocket-chip/src/main/scala/rocket/Multiplier.scala:163:12: method fire in class AddMethodsToReadyValid is deprecated (since Chisel 3.5): Calling this function with an empty argument list is invalid in Scala 3. Use the form without parentheses instead
[warn]   when (io.req.fire()) {
[warn]            ^
[warn] /opt/spechunter/chipyard-issue-715-repairv3/generators/rocket-chip/src/main/scala/rocket/NBDcache.scala:113:12: method fire in class AddMethodsToReadyValid is deprecated (since Chisel 3.5): Calling this function with an empty argument list is invalid in Scala 3. Use the form without parentheses instead
[warn]   when (io.req.fire()) {
[warn]            ^
[warn] /opt/spechunter/chipyard-issue-715-repairv3/generators/rocket-chip/src/main/scala/rocket/NBDcache.scala:118:12: method fire in class AddMethodsToReadyValid is deprecated (since Chisel 3.5): Calling this function with an empty argument list is invalid in Scala 3. Use the form without parentheses instead
[warn]   when (io.mem_access.fire()) {
[warn]            ^
[warn] /opt/spechunter/chipyard-issue-715-repairv3/generators/rocket-chip/src/main/scala/rocket/NBDcache.scala:129:12: method fire in class AddMethodsToReadyValid is deprecated (since Chisel 3.5): Calling this function with an empty argument list is invalid in Scala 3. Use the form without parentheses instead
[warn]   when (io.resp.fire()) {
[warn]            ^
[warn] /opt/spechunter/chipyard-issue-715-repairv3/generators/rocket-chip/src/main/scala/rocket/NBDcache.scala:206:12: method fire in class AddMethodsToReadyValid is deprecated (since Chisel 3.5): Calling this function with an empty argument list is invalid in Scala 3. Use the form without parentheses instead
[warn]   when (io.mem_acquire.fire()) { // s_refill_req
[warn]            ^
[warn] /opt/spechunter/chipyard-issue-715-repairv3/generators/rocket-chip/src/main/scala/rocket/NBDcache.scala:215:12: method fire in class AddMethodsToReadyValid is deprecated (since Chisel 3.5): Calling this function with an empty argument list is invalid in Scala 3. Use the form without parentheses instead
[warn]   when (io.wb_req.fire()) { // s_wb_req
[warn]            ^
[warn] /opt/spechunter/chipyard-issue-715-repairv3/generators/rocket-chip/src/main/scala/rocket/NBDcache.scala:264:12: method fire in class AddMethodsToReadyValid is deprecated (since Chisel 3.5): Calling this function with an empty argument list is invalid in Scala 3. Use the form without parentheses instead
[warn]   when (io.meta_write.fire()) { meta_hazard := 1 }
[warn]            ^
[warn] /opt/spechunter/chipyard-issue-715-repairv3/generators/rocket-chip/src/main/scala/rocket/NBDcache.scala:432:21: method fire in class AddMethodsToReadyValid is deprecated (since Chisel 3.5): Calling this function with an empty argument list is invalid in Scala 3. Use the form without parentheses instead
[warn]   val free_sdq = io.replay.fire() && isWrite(io.replay.bits.cmd)
[warn]                     ^
[warn] /opt/spechunter/chipyard-issue-715-repairv3/generators/rocket-chip/src/main/scala/rocket/NBDcache.scala:462:14: method fire in class AddMethodsToReadyValid is deprecated (since Chisel 3.5): Calling this function with an empty argument list is invalid in Scala 3. Use the form without parentheses instead
[warn]     when (io.data_req.fire() && io.meta_read.fire()) {
[warn]              ^
[warn] /opt/spechunter/chipyard-issue-715-repairv3/generators/rocket-chip/src/main/scala/rocket/NBDcache.scala:462:36: method fire in class AddMethodsToReadyValid is deprecated (since Chisel 3.5): Calling this function with an empty argument list is invalid in Scala 3. Use the form without parentheses instead
[warn]     when (io.data_req.fire() && io.meta_read.fire()) {
[warn]                                    ^
[warn] /opt/spechunter/chipyard-issue-715-repairv3/generators/rocket-chip/src/main/scala/rocket/NBDcache.scala:479:12: method fire in class AddMethodsToReadyValid is deprecated (since Chisel 3.5): Calling this function with an empty argument list is invalid in Scala 3. Use the form without parentheses instead
[warn]   when (io.req.fire()) {
[warn]            ^
[warn] /opt/spechunter/chipyard-issue-715-repairv3/generators/rocket-chip/src/main/scala/rocket/NBDcache.scala:572:12: method fire in class AddMethodsToReadyValid is deprecated (since Chisel 3.5): Calling this function with an empty argument list is invalid in Scala 3. Use the form without parentheses instead
[warn]   when (io.req.fire()) {
[warn]            ^
[warn] /opt/spechunter/chipyard-issue-715-repairv3/generators/rocket-chip/src/main/scala/rocket/NBDcache.scala:578:12: method fire in class AddMethodsToReadyValid is deprecated (since Chisel 3.5): Calling this function with an empty argument list is invalid in Scala 3. Use the form without parentheses instead
[warn]   when (io.meta_read.fire()) {
[warn]            ^
[warn] /opt/spechunter/chipyard-issue-715-repairv3/generators/rocket-chip/src/main/scala/rocket/NBDcache.scala:603:12: method fire in class AddMethodsToReadyValid is deprecated (since Chisel 3.5): Calling this function with an empty argument list is invalid in Scala 3. Use the form without parentheses instead
[warn]   when (io.wb_req.fire()) {
[warn]            ^
[warn] /opt/spechunter/chipyard-issue-715-repairv3/generators/rocket-chip/src/main/scala/rocket/NBDcache.scala:612:12: method fire in class AddMethodsToReadyValid is deprecated (since Chisel 3.5): Calling this function with an empty argument list is invalid in Scala 3. Use the form without parentheses instead
[warn]   when (io.meta_write.fire()) {
[warn]            ^
[warn] /opt/spechunter/chipyard-issue-715-repairv3/generators/rocket-chip/src/main/scala/rocket/NBDcache.scala:694:34: method fire in class AddMethodsToReadyValid is deprecated (since Chisel 3.5): Calling this function with an empty argument list is invalid in Scala 3. Use the form without parentheses instead
[warn]   val s1_valid = Reg(next=io.cpu.req.fire(), init=Bool(false))
[warn]                                  ^
[warn] /opt/spechunter/chipyard-issue-715-repairv3/generators/rocket-chip/src/main/scala/rocket/NBDcache.scala:882:18: method fire in class AddMethodsToReadyValid is deprecated (since Chisel 3.5): Calling this function with an empty argument list is invalid in Scala 3. Use the form without parentheses instead
[warn]   when (mshrs.io.req.fire()) { replacer.miss }
[warn]                  ^
[warn] /opt/spechunter/chipyard-issue-715-repairv3/generators/rocket-chip/src/main/scala/rocket/NBDcache.scala:906:38: method fire in class AddMethodsToReadyValid is deprecated (since Chisel 3.5): Calling this function with an empty argument list is invalid in Scala 3. Use the form without parentheses instead
[warn]   mshrs.io.mem_grant.valid := tl_out.d.fire()
[warn]                                      ^
[warn] /opt/spechunter/chipyard-issue-715-repairv3/generators/rocket-chip/src/main/scala/rocket/NBDcache.scala:1011:33: method fire in class AddMethodsToReadyValid is deprecated (since Chisel 3.5): Calling this function with an empty argument list is invalid in Scala 3. Use the form without parentheses instead
[warn]   io.cpu.perf.tlbMiss := io.ptw.req.fire()
[warn]                                 ^
[warn] /opt/spechunter/chipyard-issue-715-repairv3/generators/rocket-chip/src/main/scala/rocket/PTW.scala:324:45: method fire in class AddMethodsToReadyValid is deprecated (since Chisel 3.5): Calling this function with an empty argument list is invalid in Scala 3. Use the form without parentheses instead
[warn]     val s0_valid = !l2_refill && arb.io.out.fire()
[warn]                                             ^
[warn] /opt/spechunter/chipyard-issue-715-repairv3/generators/rocket-chip/src/main/scala/rocket/PTW.scala:422:24: method fire in class AddMethodsToReadyValid is deprecated (since Chisel 3.5): Calling this function with an empty argument list is invalid in Scala 3. Use the form without parentheses instead
[warn]       when (arb.io.out.fire()) {
[warn]                        ^
[warn] /opt/spechunter/chipyard-issue-715-repairv3/generators/rocket-chip/src/main/scala/rocket/PTW.scala:506:20: method fire in class AddMethodsToReadyValid is deprecated (since Chisel 3.5): Calling this function with an empty argument list is invalid in Scala 3. Use the form without parentheses instead
[warn]     Mux(arb.io.out.fire(), Mux(arb.io.out.bits.bits.stage2, makeHypervisorRootPTE(io.dpath.hgatp, io.dpath.vsatp.ppn, r_pte), makePTE(satp.ppn, r_pte)),
[warn]                    ^
[warn] /opt/spechunter/chipyard-issue-715-repairv3/generators/rocket-chip/src/main/scala/rocket/RocketCore.scala:609:56: method fire in class AddMethodsToReadyValid is deprecated (since Chisel 3.5): Calling this function with an empty argument list is invalid in Scala 3. Use the form without parentheses instead
[warn]   div.io.kill := killm_common && Reg(next = div.io.req.fire())
[warn]                                                        ^
[warn] /opt/spechunter/chipyard-issue-715-repairv3/generators/rocket-chip/src/main/scala/rocket/RocketCore.scala:681:40: method fire in class AddMethodsToReadyValid is deprecated (since Chisel 3.5): Calling this function with an empty argument list is invalid in Scala 3. Use the form without parentheses instead
[warn]   val ll_wen = Wire(init = div.io.resp.fire())
[warn]                                        ^
[warn] /opt/spechunter/chipyard-issue-715-repairv3/generators/rocket-chip/src/main/scala/rocket/RocketCore.scala:684:24: method fire in class AddMethodsToReadyValid is deprecated (since Chisel 3.5): Calling this function with an empty argument list is invalid in Scala 3. Use the form without parentheses instead
[warn]     when (io.rocc.resp.fire()) {
[warn]                        ^
[warn] /opt/spechunter/chipyard-issue-715-repairv3/generators/rocket-chip/src/main/scala/rocket/RocketCore.scala:772:22: method fire in class AddMethodsToReadyValid is deprecated (since Chisel 3.5): Calling this function with an empty argument list is invalid in Scala 3. Use the form without parentheses instead
[warn]     else div.io.resp.fire() && div.io.resp.bits.tag === r || dmem_resp_replay && dmem_resp_xpu && dmem_resp_waddr === r
[warn]                      ^
[warn] /opt/spechunter/chipyard-issue-715-repairv3/generators/rocket-chip/src/main/scala/rocket/ScratchpadSlavePort.scala:50:17: method fire in class AddMethodsToReadyValid is deprecated (since Chisel 3.5): Calling this function with an empty argument list is invalid in Scala 3. Use the form without parentheses instead
[warn]     when (tl_in.d.fire()) { state := s_ready }
[warn]                 ^
[warn] /opt/spechunter/chipyard-issue-715-repairv3/generators/rocket-chip/src/main/scala/rocket/ScratchpadSlavePort.scala:55:17: method fire in class AddMethodsToReadyValid is deprecated (since Chisel 3.5): Calling this function with an empty argument list is invalid in Scala 3. Use the form without parentheses instead
[warn]     when (tl_in.a.fire()) { acq := tl_in.a.bits }
[warn]                 ^
[warn] /opt/spechunter/chipyard-issue-715-repairv3/generators/rocket-chip/src/main/scala/rocket/SimpleHellaCacheIF.scala:81:34: method fire in class AddMethodsToReadyValid is deprecated (since Chisel 3.5): Calling this function with an empty argument list is invalid in Scala 3. Use the form without parentheses instead
[warn]   inflight := (inflight | Mux(io.req.fire(), next_inflight_onehot, UInt(0))) &
[warn]                                  ^
[warn] /opt/spechunter/chipyard-issue-715-repairv3/generators/rocket-chip/src/main/scala/rocket/SimpleHellaCacheIF.scala:84:12: method fire in class AddMethodsToReadyValid is deprecated (since Chisel 3.5): Calling this function with an empty argument list is invalid in Scala 3. Use the form without parentheses instead
[warn]   when (io.req.fire()) {
[warn]            ^
[warn] /opt/spechunter/chipyard-issue-715-repairv3/generators/rocket-chip/src/main/scala/rocket/SimpleHellaCacheIF.scala:89:12: method fire in class AddMethodsToReadyValid is deprecated (since Chisel 3.5): Calling this function with an empty argument list is invalid in Scala 3. Use the form without parentheses instead
[warn]   when (io.replay.fire()) { replaying := Bool(true) }
[warn]            ^
[warn] /opt/spechunter/chipyard-issue-715-repairv3/generators/rocket-chip/src/main/scala/rocket/SimpleHellaCacheIF.scala:116:30: method fire in class AddMethodsToReadyValid is deprecated (since Chisel 3.5): Calling this function with an empty argument list is invalid in Scala 3. Use the form without parentheses instead
[warn]   val s0_req_fire = io.cache.req.fire()
[warn]                              ^
[warn] /opt/spechunter/chipyard-issue-715-repairv3/generators/rocket-chip/src/main/scala/rocket/TLB.scala:454:17: method fire in class AddMethodsToReadyValid is deprecated (since Chisel 3.5): Calling this function with an empty argument list is invalid in Scala 3. Use the form without parentheses instead
[warn]     when(io.ptw.req.fire() && io.ptw.req.bits.valid) {
[warn]                 ^
[warn] /opt/spechunter/chipyard-issue-715-repairv3/generators/rocket-chip/src/main/scala/rocket/TLB.scala:460:14: method fire in class AddMethodsToReadyValid is deprecated (since Chisel 3.5): Calling this function with an empty argument list is invalid in Scala 3. Use the form without parentheses instead
[warn]     when (io.req.fire() && tlb_miss) {
[warn]              ^
[warn] /opt/spechunter/chipyard-issue-715-repairv3/generators/rocket-chip/src/main/scala/rocket/TLB.scala:495:13: method fire in class AddMethodsToReadyValid is deprecated (since Chisel 3.5): Calling this function with an empty argument list is invalid in Scala 3. Use the form without parentheses instead
[warn]     when(io.req.fire() && vsatp_mode_mismatch) {
[warn]             ^
[warn] /opt/spechunter/chipyard-issue-715-repairv3/generators/rocket-chip/src/main/scala/rocket/TLB.scala:503:19: method fire in class AddMethodsToReadyValid is deprecated (since Chisel 3.5): Calling this function with an empty argument list is invalid in Scala 3. Use the form without parentheses instead
[warn]     ccover(io.ptw.req.fire(), "MISS", "TLB miss")
[warn]                   ^
[warn] /opt/spechunter/chipyard-issue-715-repairv3/generators/rocket-chip/src/main/scala/stage/phases/AddDefaultTests.scala:26:42: trait PreservesAll in package options is deprecated (since FIRRTL 1.4): Use an explicit `override def invalidates` returning false. This will be removed in FIRRTL 1.5.
[warn] class AddDefaultTests extends Phase with PreservesAll[Phase] with HasRocketChipStageUtils {
[warn]                                          ^
[warn] /opt/spechunter/chipyard-issue-715-repairv3/generators/rocket-chip/src/main/scala/stage/phases/Checks.scala:13:33: trait PreservesAll in package options is deprecated (since FIRRTL 1.4): Use an explicit `override def invalidates` returning false. This will be removed in FIRRTL 1.5.
[warn] class Checks extends Phase with PreservesAll[Phase] {
[warn]                                 ^
[warn] /opt/spechunter/chipyard-issue-715-repairv3/generators/rocket-chip/src/main/scala/stage/phases/GenerateArtefacts.scala:12:44: trait PreservesAll in package options is deprecated (since FIRRTL 1.4): Use an explicit `override def invalidates` returning false. This will be removed in FIRRTL 1.5.
[warn] class GenerateArtefacts extends Phase with PreservesAll[Phase] with HasRocketChipStageUtils {
[warn]                                            ^
[warn] /opt/spechunter/chipyard-issue-715-repairv3/generators/rocket-chip/src/main/scala/stage/phases/GenerateFirrtlAnnos.scala:13:46: trait PreservesAll in package options is deprecated (since FIRRTL 1.4): Use an explicit `override def invalidates` returning false. This will be removed in FIRRTL 1.5.
[warn] class GenerateFirrtlAnnos extends Phase with PreservesAll[Phase] with HasRocketChipStageUtils {
[warn]                                              ^
[warn] /opt/spechunter/chipyard-issue-715-repairv3/generators/rocket-chip/src/main/scala/stage/phases/GenerateROMs.scala:14:39: trait PreservesAll in package options is deprecated (since FIRRTL 1.4): Use an explicit `override def invalidates` returning false. This will be removed in FIRRTL 1.5.
[warn] class GenerateROMs extends Phase with PreservesAll[Phase] with HasRocketChipStageUtils {
[warn]                                       ^
[warn] /opt/spechunter/chipyard-issue-715-repairv3/generators/rocket-chip/src/main/scala/stage/phases/GenerateTestSuiteMakefrags.scala:13:53: trait PreservesAll in package options is deprecated (since FIRRTL 1.4): Use an explicit `override def invalidates` returning false. This will be removed in FIRRTL 1.5.
[warn] class GenerateTestSuiteMakefrags extends Phase with PreservesAll[Phase] with HasRocketChipStageUtils {
[warn]                                                     ^
[warn] /opt/spechunter/chipyard-issue-715-repairv3/generators/rocket-chip/src/main/scala/stage/phases/PreElaboration.scala:18:41: trait PreservesAll in package options is deprecated (since FIRRTL 1.4): Use an explicit `override def invalidates` returning false. This will be removed in FIRRTL 1.5.
[warn] class PreElaboration extends Phase with PreservesAll[Phase] with HasRocketChipStageUtils {
[warn]                                         ^
[warn] /opt/spechunter/chipyard-issue-715-repairv3/generators/rocket-chip/src/main/scala/stage/phases/TransformAnnotations.scala:13:47: trait PreservesAll in package options is deprecated (since FIRRTL 1.4): Use an explicit `override def invalidates` returning false. This will be removed in FIRRTL 1.5.
[warn] class TransformAnnotations extends Phase with PreservesAll[Phase] with HasRocketChipStageUtils {
[warn]                                               ^
[warn] /opt/spechunter/chipyard-issue-715-repairv3/generators/rocket-chip/src/main/scala/system/RocketChipStageGenerator.scala:28:42: trait PreservesAll in package options is deprecated (since FIRRTL 1.4): Use an explicit `override def invalidates` returning false. This will be removed in FIRRTL 1.5.
[warn] class RocketChipStage extends Stage with PreservesAll[Phase] {
[warn]                                          ^
[warn] /opt/spechunter/chipyard-issue-715-repairv3/generators/rocket-chip/src/main/scala/tile/FPU.scala:759:31: method fire in class AddMethodsToReadyValid is deprecated (since Chisel 3.5): Calling this function with an empty argument list is invalid in Scala 3. Use the form without parentheses instead
[warn]   val ex_cp_valid = io.cp_req.fire()
[warn]                               ^
[warn] /opt/spechunter/chipyard-issue-715-repairv3/generators/rocket-chip/src/main/scala/tile/LazyRoCC.scala:143:9: method fire in class AddMethodsToReadyValid is deprecated (since Chisel 3.5): Calling this function with an empty argument list is invalid in Scala 3. Use the form without parentheses instead
[warn]   when (cmd.fire() && (doWrite || doAccum)) {
[warn]         ^
[warn] /opt/spechunter/chipyard-issue-715-repairv3/generators/rocket-chip/src/main/scala/tile/LazyRoCC.scala:153:16: method fire in class AddMethodsToReadyValid is deprecated (since Chisel 3.5): Calling this function with an empty argument list is invalid in Scala 3. Use the form without parentheses instead
[warn]   when (io.mem.req.fire()) {
[warn]                ^
[warn] /opt/spechunter/chipyard-issue-715-repairv3/generators/rocket-chip/src/main/scala/tile/LazyRoCC.scala:208:12: method fire in class AddMethodsToReadyValid is deprecated (since Chisel 3.5): Calling this function with an empty argument list is invalid in Scala 3. Use the form without parentheses instead
[warn]   when (io.cmd.fire()) {
[warn]            ^
[warn] /opt/spechunter/chipyard-issue-715-repairv3/generators/rocket-chip/src/main/scala/tile/LazyRoCC.scala:216:13: method fire in class AddMethodsToReadyValid is deprecated (since Chisel 3.5): Calling this function with an empty argument list is invalid in Scala 3. Use the form without parentheses instead
[warn]   when (ptw.req.fire()) { state := s_ptw_resp }
[warn]             ^
[warn] /opt/spechunter/chipyard-issue-715-repairv3/generators/rocket-chip/src/main/scala/tile/LazyRoCC.scala:223:12: method fire in class AddMethodsToReadyValid is deprecated (since Chisel 3.5): Calling this function with an empty argument list is invalid in Scala 3. Use the form without parentheses instead
[warn]   when (io.resp.fire()) { state := s_idle }
[warn]            ^
[warn] /opt/spechunter/chipyard-issue-715-repairv3/generators/rocket-chip/src/main/scala/tile/LazyRoCC.scala:292:12: method fire in class AddMethodsToReadyValid is deprecated (since Chisel 3.5): Calling this function with an empty argument list is invalid in Scala 3. Use the form without parentheses instead
[warn]   when (io.cmd.fire()) {
[warn]            ^
[warn] /opt/spechunter/chipyard-issue-715-repairv3/generators/rocket-chip/src/main/scala/tile/LazyRoCC.scala:301:16: method fire in class AddMethodsToReadyValid is deprecated (since Chisel 3.5): Calling this function with an empty argument list is invalid in Scala 3. Use the form without parentheses instead
[warn]   when (tl_out.a.fire()) { state := s_gnt }
[warn]                ^
[warn] /opt/spechunter/chipyard-issue-715-repairv3/generators/rocket-chip/src/main/scala/tile/LazyRoCC.scala:303:16: method fire in class AddMethodsToReadyValid is deprecated (since Chisel 3.5): Calling this function with an empty argument list is invalid in Scala 3. Use the form without parentheses instead
[warn]   when (tl_out.d.fire()) {
[warn]                ^
[warn] /opt/spechunter/chipyard-issue-715-repairv3/generators/rocket-chip/src/main/scala/tile/LazyRoCC.scala:322:12: method fire in class AddMethodsToReadyValid is deprecated (since Chisel 3.5): Calling this function with an empty argument list is invalid in Scala 3. Use the form without parentheses instead
[warn]   when (io.resp.fire()) { state := s_idle }
[warn]            ^
[warn] /opt/spechunter/chipyard-issue-715-repairv3/generators/rocket-chip/src/main/scala/tilelink/AddressAdjuster.scala:284:33: method fire in class AddMethodsToReadyValid is deprecated (since Chisel 3.5): Calling this function with an empty argument list is invalid in Scala 3. Use the form without parentheses instead
[warn]         when (a_first && parent.a.fire() && a_adjustable) { flight(parent.a.bits.source) := true.B  }
[warn]                                 ^
[warn] /opt/spechunter/chipyard-issue-715-repairv3/generators/rocket-chip/src/main/scala/tilelink/AddressAdjuster.scala:285:33: method fire in class AddMethodsToReadyValid is deprecated (since Chisel 3.5): Calling this function with an empty argument list is invalid in Scala 3. Use the form without parentheses instead
[warn]         when (d_first && parent.d.fire())                 { flight(parent.d.bits.source) := false.B }
[warn]                                 ^
[warn] /opt/spechunter/chipyard-issue-715-repairv3/generators/rocket-chip/src/main/scala/tilelink/AddressAdjuster.scala:289:57: method fire in class AddMethodsToReadyValid is deprecated (since Chisel 3.5): Calling this function with an empty argument list is invalid in Scala 3. Use the form without parentheses instead
[warn]           val local = RegEnable(a_dynamic_local, parent.a.fire() && a_sel)
[warn]                                                         ^
[warn] /opt/spechunter/chipyard-issue-715-repairv3/generators/rocket-chip/src/main/scala/tilelink/Arbiter.scala:179:9: method fire in class AddMethodsToReadyValid is deprecated (since Chisel 3.5): Calling this function with an empty argument list is invalid in Scala 3. Use the form without parentheses instead
[warn]   when (sink.fire()) {
[warn]         ^
[warn] /opt/spechunter/chipyard-issue-715-repairv3/generators/rocket-chip/src/main/scala/tilelink/Arbiter.scala:191:12: method fire in class AddMethodsToReadyValid is deprecated (since Chisel 3.5): Calling this function with an empty argument list is invalid in Scala 3. Use the form without parentheses instead
[warn]     when (!sink.fire()) { printf("TestRobin: idle (%d %d)\n", valid, ready) }
[warn]            ^
[warn] /opt/spechunter/chipyard-issue-715-repairv3/generators/rocket-chip/src/main/scala/tilelink/Arbiter.scala:206:9: method fire in class AddMethodsToReadyValid is deprecated (since Chisel 3.5): Calling this function with an empty argument list is invalid in Scala 3. Use the form without parentheses instead
[warn]   when (sink.fire()) { (0 until numSources).foreach(assertLowest(_)) }
[warn]         ^
[warn] /opt/spechunter/chipyard-issue-715-repairv3/generators/rocket-chip/src/main/scala/tilelink/Arbiter.scala:221:9: method fire in class AddMethodsToReadyValid is deprecated (since Chisel 3.5): Calling this function with an empty argument list is invalid in Scala 3. Use the form without parentheses instead
[warn]   when (sink.fire()) { (0 until numSources).foreach(assertHighest(_)) }
[warn]         ^
[warn] /opt/spechunter/chipyard-issue-715-repairv3/generators/rocket-chip/src/main/scala/tilelink/AtomicAutomata.scala:174:15: method fire in class AddMethodsToReadyValid is deprecated (since Chisel 3.5): Calling this function with an empty argument list is invalid in Scala 3. Use the form without parentheses instead
[warn]         when (source_i.fire() && !a_isSupported) {
[warn]               ^
[warn] /opt/spechunter/chipyard-issue-715-repairv3/generators/rocket-chip/src/main/scala/tilelink/AtomicAutomata.scala:194:15: method fire in class AddMethodsToReadyValid is deprecated (since Chisel 3.5): Calling this function with an empty argument list is invalid in Scala 3. Use the form without parentheses instead
[warn]         when (source_c.fire()) {
[warn]               ^
[warn] /opt/spechunter/chipyard-issue-715-repairv3/generators/rocket-chip/src/main/scala/tilelink/AtomicAutomata.scala:216:19: method fire in class AddMethodsToReadyValid is deprecated (since Chisel 3.5): Calling this function with an empty argument list is invalid in Scala 3. Use the form without parentheses instead
[warn]         when (out.d.fire() && d_first) {
[warn]                   ^
[warn] /opt/spechunter/chipyard-issue-715-repairv3/generators/rocket-chip/src/main/scala/tilelink/Broadcast.scala:113:40: method fire in class AddMethodsToReadyValid is deprecated (since Chisel 3.5): Calling this function with an empty argument list is invalid in Scala 3. Use the form without parentheses instead
[warn]         tracker.e_last := select && in.e.fire()
[warn]                                        ^
[warn] /opt/spechunter/chipyard-issue-715-repairv3/generators/rocket-chip/src/main/scala/tilelink/Broadcast.scala:142:37: method fire in class AddMethodsToReadyValid is deprecated (since Chisel 3.5): Calling this function with an empty argument list is invalid in Scala 3. Use the form without parentheses instead
[warn]         tracker.d_last := select && d_normal.fire() && d_response && d_last
[warn]                                     ^
[warn] /opt/spechunter/chipyard-issue-715-repairv3/generators/rocket-chip/src/main/scala/tilelink/Broadcast.scala:143:44: method fire in class AddMethodsToReadyValid is deprecated (since Chisel 3.5): Calling this function with an empty argument list is invalid in Scala 3. Use the form without parentheses instead
[warn]         tracker.probedack := select && out.d.fire() && d_drop
[warn]                                            ^
[warn] /opt/spechunter/chipyard-issue-715-repairv3/generators/rocket-chip/src/main/scala/tilelink/Broadcast.scala:170:28: method fire in class AddMethodsToReadyValid is deprecated (since Chisel 3.5): Calling this function with an empty argument list is invalid in Scala 3. Use the form without parentheses instead
[warn]       val clearOH = Mux(in.c.fire() && (c_probeack || c_probeackdata) && CisN, whoC, 0.U)
[warn]                            ^
[warn] /opt/spechunter/chipyard-issue-715-repairv3/generators/rocket-chip/src/main/scala/tilelink/Broadcast.scala:175:33: method fire in class AddMethodsToReadyValid is deprecated (since Chisel 3.5): Calling this function with an empty argument list is invalid in Scala 3. Use the form without parentheses instead
[warn]         tracker.probenack := in.c.fire() && c_probeack && select
[warn]                                 ^
[warn] /opt/spechunter/chipyard-issue-715-repairv3/generators/rocket-chip/src/main/scala/tilelink/Broadcast.scala:176:33: method fire in class AddMethodsToReadyValid is deprecated (since Chisel 3.5): Calling this function with an empty argument list is invalid in Scala 3. Use the form without parentheses instead
[warn]         tracker.probesack := in.c.fire() && select && (c_probeack || c_probeackdata) && (
[warn]                                 ^
[warn] /opt/spechunter/chipyard-issue-715-repairv3/generators/rocket-chip/src/main/scala/tilelink/Broadcast.scala:227:16: method fire in class AddMethodsToReadyValid is deprecated (since Chisel 3.5): Calling this function with an empty argument list is invalid in Scala 3. Use the form without parentheses instead
[warn]       when (in.b.fire()) { probe_todo := probe_todo & ~probe_next }
[warn]                ^
[warn] /opt/spechunter/chipyard-issue-715-repairv3/generators/rocket-chip/src/main/scala/tilelink/Broadcast.scala:260:23: method fire in class AddMethodsToReadyValid is deprecated (since Chisel 3.5): Calling this function with an empty argument list is invalid in Scala 3. Use the form without parentheses instead
[warn]       when (filter.io.response.fire()) {
[warn]                       ^
[warn] /opt/spechunter/chipyard-issue-715-repairv3/generators/rocket-chip/src/main/scala/tilelink/Broadcast.scala:270:28: method fire in class AddMethodsToReadyValid is deprecated (since Chisel 3.5): Calling this function with an empty argument list is invalid in Scala 3. Use the form without parentheses instead
[warn]       val sack = filter.io.response.fire() && leaveB && others =/= 0.U
[warn]                            ^
[warn] /opt/spechunter/chipyard-issue-715-repairv3/generators/rocket-chip/src/main/scala/tilelink/Broadcast.scala:272:42: method fire in class AddMethodsToReadyValid is deprecated (since Chisel 3.5): Calling this function with an empty argument list is invalid in Scala 3. Use the form without parentheses instead
[warn]         tracker.probe.valid := filter.io.response.fire() && select
[warn]                                          ^
[warn] /opt/spechunter/chipyard-issue-715-repairv3/generators/rocket-chip/src/main/scala/tilelink/Broadcast.scala:353:67: type MultiIOModule in package chisel3 is deprecated (since Chisel 3.5): MultiIOModule is now just Module
[warn] abstract class ProbeFilter(val params: ProbeFilterParams) extends MultiIOModule {
[warn]                                                                   ^
[warn] /opt/spechunter/chipyard-issue-715-repairv3/generators/rocket-chip/src/main/scala/tilelink/Broadcast.scala:437:12: method fire in class AddMethodsToReadyValid is deprecated (since Chisel 3.5): Calling this function with an empty argument list is invalid in Scala 3. Use the form without parentheses instead
[warn]   when (io.in_a.fire() && io.in_a_first) {
[warn]            ^
[warn] /opt/spechunter/chipyard-issue-715-repairv3/generators/rocket-chip/src/main/scala/tilelink/CacheCork.scala:118:34: method fire in class AddMethodsToReadyValid is deprecated (since Chisel 3.5): Calling this function with an empty argument list is invalid in Scala 3. Use the form without parentheses instead
[warn]         pool.io.free.valid := in.e.fire()
[warn]                                  ^
[warn] /opt/spechunter/chipyard-issue-715-repairv3/generators/rocket-chip/src/main/scala/tilelink/CacheCork.scala:124:35: method fire in class AddMethodsToReadyValid is deprecated (since Chisel 3.5): Calling this function with an empty argument list is invalid in Scala 3. Use the form without parentheses instead
[warn]         pool.io.alloc.ready := in.d.fire() && d_first && d_grant
[warn]                                   ^
[warn] /opt/spechunter/chipyard-issue-715-repairv3/generators/rocket-chip/src/main/scala/tilelink/CacheCork.scala:143:18: method fire in class AddMethodsToReadyValid is deprecated (since Chisel 3.5): Calling this function with an empty argument list is invalid in Scala 3. Use the form without parentheses instead
[warn]         when (in.a.fire()) {
[warn]                  ^
[warn] /opt/spechunter/chipyard-issue-715-repairv3/generators/rocket-chip/src/main/scala/tilelink/Edges.scala:241:62: method fire in class AddMethodsToReadyValid is deprecated (since Chisel 3.5): Calling this function with an empty argument list is invalid in Scala 3. Use the form without parentheses instead
[warn]   def first(x: DecoupledIO[TLChannel]): Bool = first(x.bits, x.fire())
[warn]                                                              ^
[warn] /opt/spechunter/chipyard-issue-715-repairv3/generators/rocket-chip/src/main/scala/tilelink/Edges.scala:245:60: method fire in class AddMethodsToReadyValid is deprecated (since Chisel 3.5): Calling this function with an empty argument list is invalid in Scala 3. Use the form without parentheses instead
[warn]   def last(x: DecoupledIO[TLChannel]): Bool = last(x.bits, x.fire())
[warn]                                                            ^
[warn] /opt/spechunter/chipyard-issue-715-repairv3/generators/rocket-chip/src/main/scala/tilelink/Edges.scala:249:60: method fire in class AddMethodsToReadyValid is deprecated (since Chisel 3.5): Calling this function with an empty argument list is invalid in Scala 3. Use the form without parentheses instead
[warn]   def done(x: DecoupledIO[TLChannel]): Bool = done(x.bits, x.fire())
[warn]                                                            ^
[warn] /opt/spechunter/chipyard-issue-715-repairv3/generators/rocket-chip/src/main/scala/tilelink/Edges.scala:256:84: method fire in class AddMethodsToReadyValid is deprecated (since Chisel 3.5): Calling this function with an empty argument list is invalid in Scala 3. Use the form without parentheses instead
[warn]   def firstlast(x: DecoupledIO[TLChannel]): (Bool, Bool, Bool) = firstlast(x.bits, x.fire())
[warn]                                                                                    ^
[warn] /opt/spechunter/chipyard-issue-715-repairv3/generators/rocket-chip/src/main/scala/tilelink/Edges.scala:263:82: method fire in class AddMethodsToReadyValid is deprecated (since Chisel 3.5): Calling this function with an empty argument list is invalid in Scala 3. Use the form without parentheses instead
[warn]   def count(x: DecoupledIO[TLChannel]): (Bool, Bool, Bool, UInt) = count(x.bits, x.fire())
[warn]                                                                                  ^
[warn] /opt/spechunter/chipyard-issue-715-repairv3/generators/rocket-chip/src/main/scala/tilelink/Edges.scala:270:88: method fire in class AddMethodsToReadyValid is deprecated (since Chisel 3.5): Calling this function with an empty argument list is invalid in Scala 3. Use the form without parentheses instead
[warn]   def addr_inc(x: DecoupledIO[TLChannel]): (Bool, Bool, Bool, UInt) = addr_inc(x.bits, x.fire())
[warn]                                                                                        ^
[warn] /opt/spechunter/chipyard-issue-715-repairv3/generators/rocket-chip/src/main/scala/tilelink/Edges.scala:309:19: method fire in class AddMethodsToReadyValid is deprecated (since Chisel 3.5): Calling this function with an empty argument list is invalid in Scala 3. Use the form without parentheses instead
[warn]     val a_inc = x.a.fire() && a_first && a_request
[warn]                   ^
[warn] /opt/spechunter/chipyard-issue-715-repairv3/generators/rocket-chip/src/main/scala/tilelink/Edges.scala:310:19: method fire in class AddMethodsToReadyValid is deprecated (since Chisel 3.5): Calling this function with an empty argument list is invalid in Scala 3. Use the form without parentheses instead
[warn]     val b_inc = x.b.fire() && b_first && b_request
[warn]                   ^
[warn] /opt/spechunter/chipyard-issue-715-repairv3/generators/rocket-chip/src/main/scala/tilelink/Edges.scala:311:19: method fire in class AddMethodsToReadyValid is deprecated (since Chisel 3.5): Calling this function with an empty argument list is invalid in Scala 3. Use the form without parentheses instead
[warn]     val c_inc = x.c.fire() && c_first && c_request
[warn]                   ^
[warn] /opt/spechunter/chipyard-issue-715-repairv3/generators/rocket-chip/src/main/scala/tilelink/Edges.scala:312:19: method fire in class AddMethodsToReadyValid is deprecated (since Chisel 3.5): Calling this function with an empty argument list is invalid in Scala 3. Use the form without parentheses instead
[warn]     val d_inc = x.d.fire() && d_first && d_request
[warn]                   ^
[warn] /opt/spechunter/chipyard-issue-715-repairv3/generators/rocket-chip/src/main/scala/tilelink/Edges.scala:313:19: method fire in class AddMethodsToReadyValid is deprecated (since Chisel 3.5): Calling this function with an empty argument list is invalid in Scala 3. Use the form without parentheses instead
[warn]     val e_inc = x.e.fire() && e_first && e_request
[warn]                   ^
[warn] /opt/spechunter/chipyard-issue-715-repairv3/generators/rocket-chip/src/main/scala/tilelink/Edges.scala:316:19: method fire in class AddMethodsToReadyValid is deprecated (since Chisel 3.5): Calling this function with an empty argument list is invalid in Scala 3. Use the form without parentheses instead
[warn]     val a_dec = x.a.fire() && a_last && a_response
[warn]                   ^
[warn] /opt/spechunter/chipyard-issue-715-repairv3/generators/rocket-chip/src/main/scala/tilelink/Edges.scala:317:19: method fire in class AddMethodsToReadyValid is deprecated (since Chisel 3.5): Calling this function with an empty argument list is invalid in Scala 3. Use the form without parentheses instead
[warn]     val b_dec = x.b.fire() && b_last && b_response
[warn]                   ^
[warn] /opt/spechunter/chipyard-issue-715-repairv3/generators/rocket-chip/src/main/scala/tilelink/Edges.scala:318:19: method fire in class AddMethodsToReadyValid is deprecated (since Chisel 3.5): Calling this function with an empty argument list is invalid in Scala 3. Use the form without parentheses instead
[warn]     val c_dec = x.c.fire() && c_last && c_response
[warn]                   ^
[warn] /opt/spechunter/chipyard-issue-715-repairv3/generators/rocket-chip/src/main/scala/tilelink/Edges.scala:319:19: method fire in class AddMethodsToReadyValid is deprecated (since Chisel 3.5): Calling this function with an empty argument list is invalid in Scala 3. Use the form without parentheses instead
[warn]     val d_dec = x.d.fire() && d_last && d_response
[warn]                   ^
[warn] /opt/spechunter/chipyard-issue-715-repairv3/generators/rocket-chip/src/main/scala/tilelink/Edges.scala:320:19: method fire in class AddMethodsToReadyValid is deprecated (since Chisel 3.5): Calling this function with an empty argument list is invalid in Scala 3. Use the form without parentheses instead
[warn]     val e_dec = x.e.fire() && e_last && e_response
[warn]                   ^
[warn] /opt/spechunter/chipyard-issue-715-repairv3/generators/rocket-chip/src/main/scala/tilelink/ErrorEvaluator.scala:53:16: method fire in class AddMethodsToReadyValid is deprecated (since Chisel 3.5): Calling this function with an empty argument list is invalid in Scala 3. Use the form without parentheses instead
[warn]       when (in.a.fire()) { inject_map.write(in.a.bits.source, inject_now) }
[warn]                ^
[warn] /opt/spechunter/chipyard-issue-715-repairv3/generators/rocket-chip/src/main/scala/tilelink/ErrorEvaluator.scala:55:64: method fire in class AddMethodsToReadyValid is deprecated (since Chisel 3.5): Calling this function with an empty argument list is invalid in Scala 3. Use the form without parentheses instead
[warn]       val bypass = Bool(edgeOut.manager.minLatency == 0) && in.a.fire() && in.a.bits.source === in.d.bits.source
[warn]                                                                ^
[warn] /opt/spechunter/chipyard-issue-715-repairv3/generators/rocket-chip/src/main/scala/tilelink/ErrorEvaluator.scala:62:17: method fire in class AddMethodsToReadyValid is deprecated (since Chisel 3.5): Calling this function with an empty argument list is invalid in Scala 3. Use the form without parentheses instead
[warn]       when (out.d.fire()) { r_detect := d_detect }
[warn]                 ^
[warn] /opt/spechunter/chipyard-issue-715-repairv3/generators/rocket-chip/src/main/scala/tilelink/ErrorEvaluator.scala:65:38: method fire in class AddMethodsToReadyValid is deprecated (since Chisel 3.5): Calling this function with an empty argument list is invalid in Scala 3. Use the form without parentheses instead
[warn]       assert (Bool(!testOn)  || !out.d.fire() || !d_last || !d_inject ||  d_detect || d_hint, "Denied/Corrupt flag was not set!")
[warn]                                      ^
[warn] /opt/spechunter/chipyard-issue-715-repairv3/generators/rocket-chip/src/main/scala/tilelink/ErrorEvaluator.scala:66:38: method fire in class AddMethodsToReadyValid is deprecated (since Chisel 3.5): Calling this function with an empty argument list is invalid in Scala 3. Use the form without parentheses instead
[warn]       assert (Bool(!testOff) || !out.d.fire() || !d_last ||  d_inject || !d_detect, "Denied/Corrupt flag was set!")
[warn]                                      ^
[warn] /opt/spechunter/chipyard-issue-715-repairv3/generators/rocket-chip/src/main/scala/tilelink/FIFOFixer.scala:72:27: method fire in class AddMethodsToReadyValid is deprecated (since Chisel 3.5): Calling this function with an empty argument list is invalid in Scala 3. Use the form without parentheses instead
[warn]       when (a_first && in.a.fire()) { flight(in.a.bits.source) := !a_notFIFO }
[warn]                           ^
[warn] /opt/spechunter/chipyard-issue-715-repairv3/generators/rocket-chip/src/main/scala/tilelink/FIFOFixer.scala:73:27: method fire in class AddMethodsToReadyValid is deprecated (since Chisel 3.5): Calling this function with an empty argument list is invalid in Scala 3. Use the form without parentheses instead
[warn]       when (d_first && in.d.fire()) { flight(in.d.bits.source) := Bool(false) }
[warn]                           ^
[warn] /opt/spechunter/chipyard-issue-715-repairv3/generators/rocket-chip/src/main/scala/tilelink/FIFOFixer.scala:77:40: method fire in class AddMethodsToReadyValid is deprecated (since Chisel 3.5): Calling this function with an empty argument list is invalid in Scala 3. Use the form without parentheses instead
[warn]         val id    = RegEnable(a_id, in.a.fire() && a_sel && !a_notFIFO)
[warn]                                        ^
[warn] /opt/spechunter/chipyard-issue-715-repairv3/generators/rocket-chip/src/main/scala/tilelink/FIFOFixer.scala:111:27: method fire in class AddMethodsToReadyValid is deprecated (since Chisel 3.5): Calling this function with an empty argument list is invalid in Scala 3. Use the form without parentheses instead
[warn]       when (a_first && in.a.fire() && !a_notFIFO)  {
[warn]                           ^
[warn] /opt/spechunter/chipyard-issue-715-repairv3/generators/rocket-chip/src/main/scala/tilelink/FIFOFixer.scala:114:27: method fire in class AddMethodsToReadyValid is deprecated (since Chisel 3.5): Calling this function with an empty argument list is invalid in Scala 3. Use the form without parentheses instead
[warn]       when (d_first && in.d.fire())  {
[warn]                           ^
[warn] /opt/spechunter/chipyard-issue-715-repairv3/generators/rocket-chip/src/main/scala/tilelink/Fragmenter.scala:208:19: method fire in class AddMethodsToReadyValid is deprecated (since Chisel 3.5): Calling this function with an empty argument list is invalid in Scala 3. Use the form without parentheses instead
[warn]         when (out.d.fire()) {
[warn]                   ^
[warn] /opt/spechunter/chipyard-issue-715-repairv3/generators/rocket-chip/src/main/scala/tilelink/Fragmenter.scala:232:21: method fire in class AddMethodsToReadyValid is deprecated (since Chisel 3.5): Calling this function with an empty argument list is invalid in Scala 3. Use the form without parentheses instead
[warn]           when (out.d.fire()) { r_denied := d_denied }
[warn]                     ^
[warn] /opt/spechunter/chipyard-issue-715-repairv3/generators/rocket-chip/src/main/scala/tilelink/Fragmenter.scala:300:19: method fire in class AddMethodsToReadyValid is deprecated (since Chisel 3.5): Calling this function with an empty argument list is invalid in Scala 3. Use the form without parentheses instead
[warn]         when (out.a.fire()) { gennum := new_gennum }
[warn]                   ^
[warn] /opt/spechunter/chipyard-issue-715-repairv3/generators/rocket-chip/src/main/scala/tilelink/Fuzzer.scala:29:12: method fire in class AddMethodsToReadyValid is deprecated (since Chisel 3.5): Calling this function with an empty argument list is invalid in Scala 3. Use the form without parentheses instead
[warn]   when (io.alloc.fire()) { clr := UIntToOH(io.alloc.bits) }
[warn]            ^
[warn] /opt/spechunter/chipyard-issue-715-repairv3/generators/rocket-chip/src/main/scala/tilelink/Fuzzer.scala:32:12: method fire in class AddMethodsToReadyValid is deprecated (since Chisel 3.5): Calling this function with an empty argument list is invalid in Scala 3. Use the form without parentheses instead
[warn]   when (io.free.fire()) { set := UIntToOH(io.free.bits) }
[warn]            ^
[warn] /opt/spechunter/chipyard-issue-715-repairv3/generators/rocket-chip/src/main/scala/tilelink/Fuzzer.scala:201:43: method fire in class AddMethodsToReadyValid is deprecated (since Chisel 3.5): Calling this function with an empty argument list is invalid in Scala 3. Use the form without parentheses instead
[warn]     idMap.io.free.valid := d_first && out.d.fire()
[warn]                                           ^
[warn] /opt/spechunter/chipyard-issue-715-repairv3/generators/rocket-chip/src/main/scala/tilelink/Fuzzer.scala:212:31: method fire in class AddMethodsToReadyValid is deprecated (since Chisel 3.5): Calling this function with an empty argument list is invalid in Scala 3. Use the form without parentheses instead
[warn]     inc_beat := !legal || out.a.fire()
[warn]                               ^
[warn] /opt/spechunter/chipyard-issue-715-repairv3/generators/rocket-chip/src/main/scala/tilelink/Fuzzer.scala:215:17: method fire in class AddMethodsToReadyValid is deprecated (since Chisel 3.5): Calling this function with an empty argument list is invalid in Scala 3. Use the form without parentheses instead
[warn]       when (out.a.fire() && a_last) {
[warn]                 ^
[warn] /opt/spechunter/chipyard-issue-715-repairv3/generators/rocket-chip/src/main/scala/tilelink/Fuzzer.scala:219:17: method fire in class AddMethodsToReadyValid is deprecated (since Chisel 3.5): Calling this function with an empty argument list is invalid in Scala 3. Use the form without parentheses instead
[warn]       when (out.d.fire() && d_last) {
[warn]                 ^
[warn] /opt/spechunter/chipyard-issue-715-repairv3/generators/rocket-chip/src/main/scala/tilelink/Monitor.scala:383:38: method fire in class AddMethodsToReadyValid is deprecated (since Chisel 3.5): Calling this function with an empty argument list is invalid in Scala 3. Use the form without parentheses instead
[warn]     val a_first = edge.first(a.bits, a.fire())
[warn]                                      ^
[warn] /opt/spechunter/chipyard-issue-715-repairv3/generators/rocket-chip/src/main/scala/tilelink/Monitor.scala:396:11: method fire in class AddMethodsToReadyValid is deprecated (since Chisel 3.5): Calling this function with an empty argument list is invalid in Scala 3. Use the form without parentheses instead
[warn]     when (a.fire() && a_first) {
[warn]           ^
[warn] /opt/spechunter/chipyard-issue-715-repairv3/generators/rocket-chip/src/main/scala/tilelink/Monitor.scala:406:38: method fire in class AddMethodsToReadyValid is deprecated (since Chisel 3.5): Calling this function with an empty argument list is invalid in Scala 3. Use the form without parentheses instead
[warn]     val b_first = edge.first(b.bits, b.fire())
[warn]                                      ^
[warn] /opt/spechunter/chipyard-issue-715-repairv3/generators/rocket-chip/src/main/scala/tilelink/Monitor.scala:419:11: method fire in class AddMethodsToReadyValid is deprecated (since Chisel 3.5): Calling this function with an empty argument list is invalid in Scala 3. Use the form without parentheses instead
[warn]     when (b.fire() && b_first) {
[warn]           ^
[warn] /opt/spechunter/chipyard-issue-715-repairv3/generators/rocket-chip/src/main/scala/tilelink/Monitor.scala:459:70: method fire in class AddMethodsToReadyValid is deprecated (since Chisel 3.5): Calling this function with an empty argument list is invalid in Scala 3. Use the form without parentheses instead
[warn]     val a_first = bundle.a.valid && edge.first(bundle.a.bits, bundle.a.fire())
[warn]                                                                      ^
[warn] /opt/spechunter/chipyard-issue-715-repairv3/generators/rocket-chip/src/main/scala/tilelink/Monitor.scala:460:70: method fire in class AddMethodsToReadyValid is deprecated (since Chisel 3.5): Calling this function with an empty argument list is invalid in Scala 3. Use the form without parentheses instead
[warn]     val d_first = bundle.d.valid && edge.first(bundle.d.bits, bundle.d.fire())
[warn]                                                                      ^
[warn] /opt/spechunter/chipyard-issue-715-repairv3/generators/rocket-chip/src/main/scala/tilelink/Monitor.scala:465:36: method fire in class AddMethodsToReadyValid is deprecated (since Chisel 3.5): Calling this function with an empty argument list is invalid in Scala 3. Use the form without parentheses instead
[warn]     val my_clr_resp_pend = (bundle.d.fire() && my_d_first_beat)
[warn]                                    ^
[warn] /opt/spechunter/chipyard-issue-715-repairv3/generators/rocket-chip/src/main/scala/tilelink/Monitor.scala:466:36: method fire in class AddMethodsToReadyValid is deprecated (since Chisel 3.5): Calling this function with an empty argument list is invalid in Scala 3. Use the form without parentheses instead
[warn]     val my_set_resp_pend = (bundle.a.fire() && my_a_first_beat && !my_clr_resp_pend)
[warn]                                    ^
[warn] /opt/spechunter/chipyard-issue-715-repairv3/generators/rocket-chip/src/main/scala/tilelink/Monitor.scala:511:38: method fire in class AddMethodsToReadyValid is deprecated (since Chisel 3.5): Calling this function with an empty argument list is invalid in Scala 3. Use the form without parentheses instead
[warn]     val c_first = edge.first(c.bits, c.fire())
[warn]                                      ^
[warn] /opt/spechunter/chipyard-issue-715-repairv3/generators/rocket-chip/src/main/scala/tilelink/Monitor.scala:524:11: method fire in class AddMethodsToReadyValid is deprecated (since Chisel 3.5): Calling this function with an empty argument list is invalid in Scala 3. Use the form without parentheses instead
[warn]     when (c.fire() && c_first) {
[warn]           ^
[warn] /opt/spechunter/chipyard-issue-715-repairv3/generators/rocket-chip/src/main/scala/tilelink/Monitor.scala:534:38: method fire in class AddMethodsToReadyValid is deprecated (since Chisel 3.5): Calling this function with an empty argument list is invalid in Scala 3. Use the form without parentheses instead
[warn]     val d_first = edge.first(d.bits, d.fire())
[warn]                                      ^
[warn] /opt/spechunter/chipyard-issue-715-repairv3/generators/rocket-chip/src/main/scala/tilelink/Monitor.scala:549:11: method fire in class AddMethodsToReadyValid is deprecated (since Chisel 3.5): Calling this function with an empty argument list is invalid in Scala 3. Use the form without parentheses instead
[warn]     when (d.fire() && d_first) {
[warn]           ^
[warn] /opt/spechunter/chipyard-issue-715-repairv3/generators/rocket-chip/src/main/scala/tilelink/Monitor.scala:618:52: method fire in class AddMethodsToReadyValid is deprecated (since Chisel 3.5): Calling this function with an empty argument list is invalid in Scala 3. Use the form without parentheses instead
[warn]     val a_first = edge.first(bundle.a.bits, bundle.a.fire())
[warn]                                                    ^
[warn] /opt/spechunter/chipyard-issue-715-repairv3/generators/rocket-chip/src/main/scala/tilelink/Monitor.scala:620:52: method fire in class AddMethodsToReadyValid is deprecated (since Chisel 3.5): Calling this function with an empty argument list is invalid in Scala 3. Use the form without parentheses instead
[warn]     val d_first = edge.first(bundle.d.bits, bundle.d.fire())
[warn]                                                    ^
[warn] /opt/spechunter/chipyard-issue-715-repairv3/generators/rocket-chip/src/main/scala/tilelink/Monitor.scala:652:18: method fire in class AddMethodsToReadyValid is deprecated (since Chisel 3.5): Calling this function with an empty argument list is invalid in Scala 3. Use the form without parentheses instead
[warn]     when (bundle.a.fire() && a_first && edge.isRequest(bundle.a.bits)) {
[warn]                  ^
[warn] /opt/spechunter/chipyard-issue-715-repairv3/generators/rocket-chip/src/main/scala/tilelink/Monitor.scala:675:18: method fire in class AddMethodsToReadyValid is deprecated (since Chisel 3.5): Calling this function with an empty argument list is invalid in Scala 3. Use the form without parentheses instead
[warn]     when (bundle.d.fire() && d_first && edge.isResponse(bundle.d.bits) && !d_release_ack) {
[warn]                  ^
[warn] /opt/spechunter/chipyard-issue-715-repairv3/generators/rocket-chip/src/main/scala/tilelink/Monitor.scala:712:18: method fire in class AddMethodsToReadyValid is deprecated (since Chisel 3.5): Calling this function with an empty argument list is invalid in Scala 3. Use the form without parentheses instead
[warn]     when (bundle.a.fire() || bundle.d.fire()) { watchdog := 0.U }
[warn]                  ^
[warn] /opt/spechunter/chipyard-issue-715-repairv3/generators/rocket-chip/src/main/scala/tilelink/Monitor.scala:712:37: method fire in class AddMethodsToReadyValid is deprecated (since Chisel 3.5): Calling this function with an empty argument list is invalid in Scala 3. Use the form without parentheses instead
[warn]     when (bundle.a.fire() || bundle.d.fire()) { watchdog := 0.U }
[warn]                                     ^
[warn] /opt/spechunter/chipyard-issue-715-repairv3/generators/rocket-chip/src/main/scala/tilelink/Monitor.scala:730:52: method fire in class AddMethodsToReadyValid is deprecated (since Chisel 3.5): Calling this function with an empty argument list is invalid in Scala 3. Use the form without parentheses instead
[warn]     val c_first = edge.first(bundle.c.bits, bundle.c.fire())
[warn]                                                    ^
[warn] /opt/spechunter/chipyard-issue-715-repairv3/generators/rocket-chip/src/main/scala/tilelink/Monitor.scala:731:52: method fire in class AddMethodsToReadyValid is deprecated (since Chisel 3.5): Calling this function with an empty argument list is invalid in Scala 3. Use the form without parentheses instead
[warn]     val d_first = edge.first(bundle.d.bits, bundle.d.fire())
[warn]                                                    ^
[warn] /opt/spechunter/chipyard-issue-715-repairv3/generators/rocket-chip/src/main/scala/tilelink/Monitor.scala:760:18: method fire in class AddMethodsToReadyValid is deprecated (since Chisel 3.5): Calling this function with an empty argument list is invalid in Scala 3. Use the form without parentheses instead
[warn]     when (bundle.c.fire() && c_first && edge.isRequest(bundle.c.bits)) {
[warn]                  ^
[warn] /opt/spechunter/chipyard-issue-715-repairv3/generators/rocket-chip/src/main/scala/tilelink/Monitor.scala:783:18: method fire in class AddMethodsToReadyValid is deprecated (since Chisel 3.5): Calling this function with an empty argument list is invalid in Scala 3. Use the form without parentheses instead
[warn]     when (bundle.d.fire() && d_first && edge.isResponse(bundle.d.bits) && d_release_ack) {
[warn]                  ^
[warn] /opt/spechunter/chipyard-issue-715-repairv3/generators/rocket-chip/src/main/scala/tilelink/Monitor.scala:819:18: method fire in class AddMethodsToReadyValid is deprecated (since Chisel 3.5): Calling this function with an empty argument list is invalid in Scala 3. Use the form without parentheses instead
[warn]     when (bundle.c.fire() || bundle.d.fire()) { watchdog := 0.U }
[warn]                  ^
[warn] /opt/spechunter/chipyard-issue-715-repairv3/generators/rocket-chip/src/main/scala/tilelink/Monitor.scala:819:37: method fire in class AddMethodsToReadyValid is deprecated (since Chisel 3.5): Calling this function with an empty argument list is invalid in Scala 3. Use the form without parentheses instead
[warn]     when (bundle.c.fire() || bundle.d.fire()) { watchdog := 0.U }
[warn]                                     ^
[warn] /opt/spechunter/chipyard-issue-715-repairv3/generators/rocket-chip/src/main/scala/tilelink/Monitor.scala:825:52: method fire in class AddMethodsToReadyValid is deprecated (since Chisel 3.5): Calling this function with an empty argument list is invalid in Scala 3. Use the form without parentheses instead
[warn]     val d_first = edge.first(bundle.d.bits, bundle.d.fire())
[warn]                                                    ^
[warn] /opt/spechunter/chipyard-issue-715-repairv3/generators/rocket-chip/src/main/scala/tilelink/Monitor.scala:829:18: method fire in class AddMethodsToReadyValid is deprecated (since Chisel 3.5): Calling this function with an empty argument list is invalid in Scala 3. Use the form without parentheses instead
[warn]     when (bundle.d.fire() && d_first && edge.isRequest(bundle.d.bits)) {
[warn]                  ^
[warn] /opt/spechunter/chipyard-issue-715-repairv3/generators/rocket-chip/src/main/scala/tilelink/Monitor.scala:835:18: method fire in class AddMethodsToReadyValid is deprecated (since Chisel 3.5): Calling this function with an empty argument list is invalid in Scala 3. Use the form without parentheses instead
[warn]     when (bundle.e.fire() && e_first && edge.isResponse(bundle.e.bits)) {
[warn]                  ^
[warn] /opt/spechunter/chipyard-issue-715-repairv3/generators/rocket-chip/src/main/scala/tilelink/Monitor.scala:856:11: method legalizeADSourceOld in class TLMonitor is deprecated: Use legalizeADSource instead if possible
[warn]           legalizeADSourceOld(bundle, edge)
[warn]           ^
[warn] /opt/spechunter/chipyard-issue-715-repairv3/generators/rocket-chip/src/main/scala/tilelink/PatternPusher.scala:61:83: method fire in class AddMethodsToReadyValid is deprecated (since Chisel 3.5): Calling this function with an empty argument list is invalid in Scala 3. Use the form without parentheses instead
[warn]     val check  = Vec(pattern.map(p => Bool(p.dataIn.isDefined)))(step) holdUnless a.fire()
[warn]                                                                                   ^
[warn] /opt/spechunter/chipyard-issue-715-repairv3/generators/rocket-chip/src/main/scala/tilelink/PatternPusher.scala:62:94: method fire in class AddMethodsToReadyValid is deprecated (since Chisel 3.5): Calling this function with an empty argument list is invalid in Scala 3. Use the form without parentheses instead
[warn]     val expect = Vec(pattern.map(p => UInt(p.dataIn.getOrElse(BigInt(0)))))(step) holdUnless a.fire()
[warn]                                                                                              ^
[warn] /opt/spechunter/chipyard-issue-715-repairv3/generators/rocket-chip/src/main/scala/tilelink/PatternPusher.scala:63:24: method fire in class AddMethodsToReadyValid is deprecated (since Chisel 3.5): Calling this function with an empty argument list is invalid in Scala 3. Use the form without parentheses instead
[warn]     assert (!check || !d.fire() || expect === d.bits.data)
[warn]                        ^
[warn] /opt/spechunter/chipyard-issue-715-repairv3/generators/rocket-chip/src/main/scala/tilelink/PatternPusher.scala:65:11: method fire in class AddMethodsToReadyValid is deprecated (since Chisel 3.5): Calling this function with an empty argument list is invalid in Scala 3. Use the form without parentheses instead
[warn]     when (a.fire()) {
[warn]           ^
[warn] /opt/spechunter/chipyard-issue-715-repairv3/generators/rocket-chip/src/main/scala/tilelink/PatternPusher.scala:69:11: method fire in class AddMethodsToReadyValid is deprecated (since Chisel 3.5): Calling this function with an empty argument list is invalid in Scala 3. Use the form without parentheses instead
[warn]     when (d.fire()) {
[warn]           ^
[warn] /opt/spechunter/chipyard-issue-715-repairv3/generators/rocket-chip/src/main/scala/tilelink/RAMModel.scala:91:16: method fire in class AddMethodsToReadyValid is deprecated (since Chisel 3.5): Calling this function with an empty argument list is invalid in Scala 3. Use the form without parentheses instead
[warn]       when (in.a.fire()) { flight(in.a.bits.source) := a_flight }
[warn]                ^
[warn] /opt/spechunter/chipyard-issue-715-repairv3/generators/rocket-chip/src/main/scala/tilelink/RAMModel.scala:97:34: method fire in class AddMethodsToReadyValid is deprecated (since Chisel 3.5): Calling this function with an empty argument list is invalid in Scala 3. Use the form without parentheses instead
[warn]       val a_fire = Reg(next = in.a.fire(), init = Bool(false))
[warn]                                  ^
[warn] /opt/spechunter/chipyard-issue-715-repairv3/generators/rocket-chip/src/main/scala/tilelink/RAMModel.scala:201:35: method fire in class AddMethodsToReadyValid is deprecated (since Chisel 3.5): Calling this function with an empty argument list is invalid in Scala 3. Use the form without parentheses instead
[warn]       val d_fire = Reg(next = out.d.fire(), init = Bool(false))
[warn]                                   ^
[warn] /opt/spechunter/chipyard-issue-715-repairv3/generators/rocket-chip/src/main/scala/tilelink/SRAM.scala:259:14: method fire in class AddMethodsToReadyValid is deprecated (since Chisel 3.5): Calling this function with an empty argument list is invalid in Scala 3. Use the form without parentheses instead
[warn]     when (in.a.fire()) {
[warn]              ^
[warn] /opt/spechunter/chipyard-issue-715-repairv3/generators/rocket-chip/src/main/scala/tilelink/SRAM.scala:291:21: method fire in class AddMethodsToReadyValid is deprecated (since Chisel 3.5): Calling this function with an empty argument list is invalid in Scala 3. Use the form without parentheses instead
[warn]     val a_fire = in.a.fire()
[warn]                     ^
[warn] /opt/spechunter/chipyard-issue-715-repairv3/generators/rocket-chip/src/main/scala/tilelink/SourceShrinker.scala:70:29: method fire in class AddMethodsToReadyValid is deprecated (since Chisel 3.5): Calling this function with an empty argument list is invalid in Scala 3. Use the form without parentheses instead
[warn]         when (a_first && in.a.fire()) {
[warn]                             ^
[warn] /opt/spechunter/chipyard-issue-715-repairv3/generators/rocket-chip/src/main/scala/tilelink/SourceShrinker.scala:74:35: method fire in class AddMethodsToReadyValid is deprecated (since Chisel 3.5): Calling this function with an empty argument list is invalid in Scala 3. Use the form without parentheses instead
[warn]         val alloc = a_first && in.a.fire()
[warn]                                   ^
[warn] /opt/spechunter/chipyard-issue-715-repairv3/generators/rocket-chip/src/main/scala/tilelink/SourceShrinker.scala:75:33: method fire in class AddMethodsToReadyValid is deprecated (since Chisel 3.5): Calling this function with an empty argument list is invalid in Scala 3. Use the form without parentheses instead
[warn]         val free = d_last && in.d.fire()
[warn]                                 ^
[warn] /opt/spechunter/chipyard-issue-715-repairv3/generators/rocket-chip/src/main/scala/tilelink/ToAHB.scala:141:24: method fire in class AddMethodsToReadyValid is deprecated (since Chisel 3.5): Calling this function with an empty argument list is invalid in Scala 3. Use the form without parentheses instead
[warn]         a_commit := in.a.fire() // every first beat commits to a D beat answer
[warn]                        ^
[warn] /opt/spechunter/chipyard-issue-715-repairv3/generators/rocket-chip/src/main/scala/tilelink/ToAHB.scala:143:18: method fire in class AddMethodsToReadyValid is deprecated (since Chisel 3.5): Calling this function with an empty argument list is invalid in Scala 3. Use the form without parentheses instead
[warn]         when (in.a.fire()) {
[warn]                  ^
[warn] /opt/spechunter/chipyard-issue-715-repairv3/generators/rocket-chip/src/main/scala/tilelink/ToAHB.scala:153:18: method fire in class AddMethodsToReadyValid is deprecated (since Chisel 3.5): Calling this function with an empty argument list is invalid in Scala 3. Use the form without parentheses instead
[warn]         when (in.a.fire() && !a_hint) {
[warn]                  ^
[warn] /opt/spechunter/chipyard-issue-715-repairv3/generators/rocket-chip/src/main/scala/tilelink/ToAHB.scala:211:51: method fire in class AddMethodsToReadyValid is deprecated (since Chisel 3.5): Calling this function with an empty argument list is invalid in Scala 3. Use the form without parentheses instead
[warn]       d_flight := d_flight + a_commit.asUInt - in.d.fire().asUInt
[warn]                                                   ^
[warn] /opt/spechunter/chipyard-issue-715-repairv3/generators/rocket-chip/src/main/scala/tilelink/ToAPB.scala:81:13: method fire in class AddMethodsToReadyValid is deprecated (since Chisel 3.5): Calling this function with an empty argument list is invalid in Scala 3. Use the form without parentheses instead
[warn]       when (d.fire()) { a_enable := Bool(false) }
[warn]             ^
[warn] /opt/spechunter/chipyard-issue-715-repairv3/generators/rocket-chip/src/main/scala/tilelink/ToAXI4.scala:162:16: method fire in class AddMethodsToReadyValid is deprecated (since Chisel 3.5): Calling this function with an empty argument list is invalid in Scala 3. Use the form without parentheses instead
[warn]       when (in.a.fire()) { doneAW := !a_last }
[warn]                ^
[warn] /opt/spechunter/chipyard-issue-715-repairv3/generators/rocket-chip/src/main/scala/tilelink/ToAXI4.scala:207:17: method fire in class AddMethodsToReadyValid is deprecated (since Chisel 3.5): Calling this function with an empty argument list is invalid in Scala 3. Use the form without parentheses instead
[warn]       when (out.r.fire()) { r_holds_d := !out.r.bits.last }
[warn]                 ^
[warn] /opt/spechunter/chipyard-issue-715-repairv3/generators/rocket-chip/src/main/scala/tilelink/ToAXI4.scala:225:17: method fire in class AddMethodsToReadyValid is deprecated (since Chisel 3.5): Calling this function with an empty argument list is invalid in Scala 3. Use the form without parentheses instead
[warn]       when (out.r.fire()) { r_first := out.r.bits.last }
[warn]                 ^
[warn] /opt/spechunter/chipyard-issue-715-repairv3/generators/rocket-chip/src/main/scala/tilelink/ToAXI4.scala:258:25: method fire in class AddMethodsToReadyValid is deprecated (since Chisel 3.5): Calling this function with an empty argument list is invalid in Scala 3. Use the form without parentheses instead
[warn]         val inc = as && out_arw.fire()
[warn]                         ^
[warn] /opt/spechunter/chipyard-issue-715-repairv3/generators/rocket-chip/src/main/scala/tilelink/ToAXI4.scala:259:38: method fire in class AddMethodsToReadyValid is deprecated (since Chisel 3.5): Calling this function with an empty argument list is invalid in Scala 3. Use the form without parentheses instead
[warn]         val dec = ds && d_last && in.d.fire()
[warn]                                      ^
[warn] /opt/spechunter/chipyard-issue-715-repairv3/generators/rocket-chip/src/main/scala/tilelink/WidthWidget.scala:43:13: method fire in class AddMethodsToReadyValid is deprecated (since Chisel 3.5): Calling this function with an empty argument list is invalid in Scala 3. Use the form without parentheses instead
[warn]       when (in.fire()) {
[warn]             ^
[warn] /opt/spechunter/chipyard-issue-715-repairv3/generators/rocket-chip/src/main/scala/tilelink/WidthWidget.scala:63:15: method fire in class AddMethodsToReadyValid is deprecated (since Chisel 3.5): Calling this function with an empty argument list is invalid in Scala 3. Use the form without parentheses instead
[warn]         when (in.fire() && !last) {
[warn]               ^
[warn] /opt/spechunter/chipyard-issue-715-repairv3/generators/rocket-chip/src/main/scala/tilelink/WidthWidget.scala:103:13: method fire in class AddMethodsToReadyValid is deprecated (since Chisel 3.5): Calling this function with an empty argument list is invalid in Scala 3. Use the form without parentheses instead
[warn]       when (out.fire()) {
[warn]             ^
[warn] /opt/spechunter/chipyard-issue-715-repairv3/generators/rocket-chip/src/main/scala/tilelink/WidthWidget.scala:182:18: method fire in class AddMethodsToReadyValid is deprecated (since Chisel 3.5): Calling this function with an empty argument list is invalid in Scala 3. Use the form without parentheses instead
[warn]         when (in.a.fire()) {
[warn]                  ^
[warn] /opt/spechunter/chipyard-issue-715-repairv3/generators/rocket-chip/src/main/scala/transforms/naming/RenameDesiredNames.scala:118:15: method record in trait RenameMap is deprecated (since FIRRTL 1.5): Use firrtl.renamemap.MutableRenameMap for recording renames
[warn]       renames.record(oldMain.module(from), newMain.module(to))
[warn]               ^
[warn] /opt/spechunter/chipyard-issue-715-repairv3/generators/rocket-chip/src/main/scala/unittest/UnitTest.scala:23:30: type MultiIOModule in package chisel3 is deprecated (since Chisel 3.5): MultiIOModule is now just Module
[warn] trait UnitTestModule extends MultiIOModule with HasUnitTestIO {
[warn]                              ^
[warn] /opt/spechunter/chipyard-issue-715-repairv3/generators/rocket-chip/src/main/scala/util/Arbiters.scala:58:12: method fire in class AddMethodsToReadyValid is deprecated (since Chisel 3.5): Calling this function with an empty argument list is invalid in Scala 3. Use the form without parentheses instead
[warn]   when (io.out.fire()) {
[warn]            ^
[warn] /opt/spechunter/chipyard-issue-715-repairv3/generators/rocket-chip/src/main/scala/util/Arbiters.scala:85:12: method fire in class AddMethodsToReadyValid is deprecated (since Chisel 3.5): Calling this function with an empty argument list is invalid in Scala 3. Use the form without parentheses instead
[warn]   when (io.out.fire()) {
[warn]            ^
[warn] /opt/spechunter/chipyard-issue-715-repairv3/generators/rocket-chip/src/main/scala/util/AsyncQueue.scala:81:67: method fire in class AddMethodsToReadyValid is deprecated (since Chisel 3.5): Calling this function with an empty argument list is invalid in Scala 3. Use the form without parentheses instead
[warn]   val widx = withReset(reset.asAsyncReset)(GrayCounter(bits+1, io.enq.fire(), !sink_ready, "widx_bin"))
[warn]                                                                   ^
[warn] /opt/spechunter/chipyard-issue-715-repairv3/generators/rocket-chip/src/main/scala/util/AsyncQueue.scala:86:12: method fire in class AddMethodsToReadyValid is deprecated (since Chisel 3.5): Calling this function with an empty argument list is invalid in Scala 3. Use the form without parentheses instead
[warn]   when (io.enq.fire()) { mem(index) := io.enq.bits }
[warn]            ^
[warn] /opt/spechunter/chipyard-issue-715-repairv3/generators/rocket-chip/src/main/scala/util/AsyncQueue.scala:144:67: method fire in class AddMethodsToReadyValid is deprecated (since Chisel 3.5): Calling this function with an empty argument list is invalid in Scala 3. Use the form without parentheses instead
[warn]   val ridx = withReset(reset.asAsyncReset)(GrayCounter(bits+1, io.deq.fire(), !source_ready, "ridx_bin"))
[warn]                                                                   ^
[warn] /opt/spechunter/chipyard-issue-715-repairv3/generators/rocket-chip/src/main/scala/util/Broadcaster.scala:33:14: method fire in class AddMethodsToReadyValid is deprecated (since Chisel 3.5): Calling this function with an empty argument list is invalid in Scala 3. Use the form without parentheses instead
[warn]     when (io.in.fire()) { save := io.in.bits }
[warn]              ^
[warn] /opt/spechunter/chipyard-issue-715-repairv3/generators/rocket-chip/src/main/scala/util/Broadcaster.scala:35:17: method fire in class AddMethodsToReadyValid is deprecated (since Chisel 3.5): Calling this function with an empty argument list is invalid in Scala 3. Use the form without parentheses instead
[warn]     when (io.out(idx).fire()) {
[warn]                 ^
[warn] /opt/spechunter/chipyard-issue-715-repairv3/generators/rocket-chip/src/main/scala/util/CreditedIO.scala:59:14: method fire in class AddMethodsToReadyValid is deprecated (since Chisel 3.5): Calling this function with an empty argument list is invalid in Scala 3. Use the form without parentheses instead
[warn]     debit := res.fire()
[warn]              ^
[warn] /opt/spechunter/chipyard-issue-715-repairv3/generators/rocket-chip/src/main/scala/util/CreditedIO.scala:77:15: method fire in class AddMethodsToReadyValid is deprecated (since Chisel 3.5): Calling this function with an empty argument list is invalid in Scala 3. Use the form without parentheses instead
[warn]     credit := res.fire()
[warn]               ^
[warn] /opt/spechunter/chipyard-issue-715-repairv3/generators/rocket-chip/src/main/scala/util/GeneratorUtils.scala:16:36: method newInstance in class Class is deprecated: see corresponding Javadoc for more information.
[warn]         Class.forName(currentName).newInstance.asInstanceOf[Config]
[warn]                                    ^
[warn] /opt/spechunter/chipyard-issue-715-repairv3/generators/rocket-chip/src/main/scala/util/HellaQueue.scala:12:19: method fire in class AddMethodsToReadyValid is deprecated (since Chisel 3.5): Calling this function with an empty argument list is invalid in Scala 3. Use the form without parentheses instead
[warn]   val do_enq = io.enq.fire() && !do_flow
[warn]                   ^
[warn] /opt/spechunter/chipyard-issue-715-repairv3/generators/rocket-chip/src/main/scala/util/HellaQueue.scala:13:19: method fire in class AddMethodsToReadyValid is deprecated (since Chisel 3.5): Calling this function with an empty argument list is invalid in Scala 3. Use the form without parentheses instead
[warn]   val do_deq = io.deq.fire() && !do_flow
[warn]                   ^
[warn] /opt/spechunter/chipyard-issue-715-repairv3/generators/rocket-chip/src/main/scala/util/LanePositionedQueue.scala:188:42: method fire in class AddMethodsToReadyValid is deprecated (since Chisel 3.5): Calling this function with an empty argument list is invalid in Scala 3. Use the form without parentheses instead
[warn]   val freed     = io.free  .map(x => Mux(x.fire(), x.bits, 0.U)).getOrElse(io.deq.ready)
[warn]                                          ^
[warn] /opt/spechunter/chipyard-issue-715-repairv3/generators/rocket-chip/src/main/scala/util/LanePositionedQueue.scala:189:42: method fire in class AddMethodsToReadyValid is deprecated (since Chisel 3.5): Calling this function with an empty argument list is invalid in Scala 3. Use the form without parentheses instead
[warn]   val committed = io.commit.map(x => Mux(x.fire(), x.bits, 0.U)).getOrElse(io.enq.valid)
[warn]                                          ^
[warn] /opt/spechunter/chipyard-issue-715-repairv3/generators/rocket-chip/src/main/scala/util/LanePositionedQueue.scala:539:11: method fire in class AddMethodsToReadyValid is deprecated (since Chisel 3.5): Calling this function with an empty argument list is invalid in Scala 3. Use the form without parentheses instead
[warn]     when (c.fire()) { com := com + c.bits }
[warn]           ^
[warn] /opt/spechunter/chipyard-issue-715-repairv3/generators/rocket-chip/src/main/scala/util/LanePositionedQueue.scala:547:11: method fire in class AddMethodsToReadyValid is deprecated (since Chisel 3.5): Calling this function with an empty argument list is invalid in Scala 3. Use the form without parentheses instead
[warn]     when (f.fire()) { abt := abt + f.bits }
[warn]           ^
[warn] /opt/spechunter/chipyard-issue-715-repairv3/generators/rocket-chip/src/main/scala/util/LanePositionedQueue.scala:553:27: method fire in class AddMethodsToReadyValid is deprecated (since Chisel 3.5): Calling this function with an empty argument list is invalid in Scala 3. Use the form without parentheses instead
[warn]     when (r) { deq := Mux(f.fire(), abt + f.bits, abt) }
[warn]                           ^
[warn] /opt/spechunter/chipyard-issue-715-repairv3/generators/rocket-chip/src/main/scala/util/LanePositionedQueue.scala:559:27: method fire in class AddMethodsToReadyValid is deprecated (since Chisel 3.5): Calling this function with an empty argument list is invalid in Scala 3. Use the form without parentheses instead
[warn]     when (a) { enq := Mux(c.fire(), com + c.bits, com) }
[warn]                           ^
[warn] /opt/spechunter/chipyard-issue-715-repairv3/generators/rocket-chip/src/main/scala/util/MultiPortQueue.scala:90:38: method fire in class AddMethodsToReadyValid is deprecated (since Chisel 3.5): Calling this function with an empty argument list is invalid in Scala 3. Use the form without parentheses instead
[warn]   enq := enq + PopCount(q.io.enq.map(_.fire()))
[warn]                                      ^
[warn] /opt/spechunter/chipyard-issue-715-repairv3/generators/rocket-chip/src/main/scala/util/MultiPortQueue.scala:91:38: method fire in class AddMethodsToReadyValid is deprecated (since Chisel 3.5): Calling this function with an empty argument list is invalid in Scala 3. Use the form without parentheses instead
[warn]   deq := deq + PopCount(q.io.deq.map(_.fire()))
[warn]                                      ^
[warn] /opt/spechunter/chipyard-issue-715-repairv3/generators/rocket-chip/src/main/scala/util/MultiPortQueue.scala:100:22: method fire in class AddMethodsToReadyValid is deprecated (since Chisel 3.5): Calling this function with an empty argument list is invalid in Scala 3. Use the form without parentheses instead
[warn]     assert (!q.io.deq(i).fire() || q.io.deq(i).bits === deq_bits(i))
[warn]                      ^
[warn] /opt/spechunter/chipyard-issue-715-repairv3/generators/rocket-chip/src/main/scala/util/MultiWidthFifo.scala:34:14: method fire in class AddMethodsToReadyValid is deprecated (since Chisel 3.5): Calling this function with an empty argument list is invalid in Scala 3. Use the form without parentheses instead
[warn]     when (io.in.fire()) {
[warn]              ^
[warn] /opt/spechunter/chipyard-issue-715-repairv3/generators/rocket-chip/src/main/scala/util/MultiWidthFifo.scala:39:14: method fire in class AddMethodsToReadyValid is deprecated (since Chisel 3.5): Calling this function with an empty argument list is invalid in Scala 3. Use the form without parentheses instead
[warn]     when (io.out.fire()) { tail := tail + UInt(1) }
[warn]              ^
[warn] /opt/spechunter/chipyard-issue-715-repairv3/generators/rocket-chip/src/main/scala/util/MultiWidthFifo.scala:42:11: method fire in class AddMethodsToReadyValid is deprecated (since Chisel 3.5): Calling this function with an empty argument list is invalid in Scala 3. Use the form without parentheses instead
[warn]       (io.in.fire() && io.out.fire()) -> (size + UInt(nBeats - 1)),
[warn]           ^
[warn] /opt/spechunter/chipyard-issue-715-repairv3/generators/rocket-chip/src/main/scala/util/MultiWidthFifo.scala:42:27: method fire in class AddMethodsToReadyValid is deprecated (since Chisel 3.5): Calling this function with an empty argument list is invalid in Scala 3. Use the form without parentheses instead
[warn]       (io.in.fire() && io.out.fire()) -> (size + UInt(nBeats - 1)),
[warn]                           ^
[warn] /opt/spechunter/chipyard-issue-715-repairv3/generators/rocket-chip/src/main/scala/util/MultiWidthFifo.scala:43:10: method fire in class AddMethodsToReadyValid is deprecated (since Chisel 3.5): Calling this function with an empty argument list is invalid in Scala 3. Use the form without parentheses instead
[warn]       io.in.fire() -> (size + UInt(nBeats)),
[warn]          ^
[warn] /opt/spechunter/chipyard-issue-715-repairv3/generators/rocket-chip/src/main/scala/util/MultiWidthFifo.scala:44:10: method fire in class AddMethodsToReadyValid is deprecated (since Chisel 3.5): Calling this function with an empty argument list is invalid in Scala 3. Use the form without parentheses instead
[warn]       io.out.fire() -> (size - UInt(1))))
[warn]          ^
[warn] /opt/spechunter/chipyard-issue-715-repairv3/generators/rocket-chip/src/main/scala/util/MultiWidthFifo.scala:63:14: method fire in class AddMethodsToReadyValid is deprecated (since Chisel 3.5): Calling this function with an empty argument list is invalid in Scala 3. Use the form without parentheses instead
[warn]     when (io.in.fire()) {
[warn]              ^
[warn] /opt/spechunter/chipyard-issue-715-repairv3/generators/rocket-chip/src/main/scala/util/MultiWidthFifo.scala:68:14: method fire in class AddMethodsToReadyValid is deprecated (since Chisel 3.5): Calling this function with an empty argument list is invalid in Scala 3. Use the form without parentheses instead
[warn]     when (io.out.fire()) { tail := tail + UInt(1) }
[warn]              ^
[warn] /opt/spechunter/chipyard-issue-715-repairv3/generators/rocket-chip/src/main/scala/util/MultiWidthFifo.scala:71:11: method fire in class AddMethodsToReadyValid is deprecated (since Chisel 3.5): Calling this function with an empty argument list is invalid in Scala 3. Use the form without parentheses instead
[warn]       (io.in.fire() && io.out.fire()) -> (size - UInt(nBeats - 1)),
[warn]           ^
[warn] /opt/spechunter/chipyard-issue-715-repairv3/generators/rocket-chip/src/main/scala/util/MultiWidthFifo.scala:71:27: method fire in class AddMethodsToReadyValid is deprecated (since Chisel 3.5): Calling this function with an empty argument list is invalid in Scala 3. Use the form without parentheses instead
[warn]       (io.in.fire() && io.out.fire()) -> (size - UInt(nBeats - 1)),
[warn]                           ^
[warn] /opt/spechunter/chipyard-issue-715-repairv3/generators/rocket-chip/src/main/scala/util/MultiWidthFifo.scala:72:10: method fire in class AddMethodsToReadyValid is deprecated (since Chisel 3.5): Calling this function with an empty argument list is invalid in Scala 3. Use the form without parentheses instead
[warn]       io.in.fire() -> (size + UInt(1)),
[warn]          ^
[warn] /opt/spechunter/chipyard-issue-715-repairv3/generators/rocket-chip/src/main/scala/util/MultiWidthFifo.scala:73:10: method fire in class AddMethodsToReadyValid is deprecated (since Chisel 3.5): Calling this function with an empty argument list is invalid in Scala 3. Use the form without parentheses instead
[warn]       io.out.fire() -> (size - UInt(nBeats))))
[warn]          ^
[warn] /opt/spechunter/chipyard-issue-715-repairv3/generators/rocket-chip/src/main/scala/util/MultiWidthFifo.scala:96:59: method fire in class AddMethodsToReadyValid is deprecated (since Chisel 3.5): Calling this function with an empty argument list is invalid in Scala 3. Use the form without parentheses instead
[warn]   val (bl_send_cnt, bl_send_done) = Counter(big2little.io.in.fire(), 4)
[warn]                                                           ^
[warn] /opt/spechunter/chipyard-issue-715-repairv3/generators/rocket-chip/src/main/scala/util/MultiWidthFifo.scala:97:59: method fire in class AddMethodsToReadyValid is deprecated (since Chisel 3.5): Calling this function with an empty argument list is invalid in Scala 3. Use the form without parentheses instead
[warn]   val (lb_send_cnt, lb_send_done) = Counter(little2big.io.in.fire(), 8)
[warn]                                                           ^
[warn] /opt/spechunter/chipyard-issue-715-repairv3/generators/rocket-chip/src/main/scala/util/MultiWidthFifo.scala:99:59: method fire in class AddMethodsToReadyValid is deprecated (since Chisel 3.5): Calling this function with an empty argument list is invalid in Scala 3. Use the form without parentheses instead
[warn]   val (bl_recv_cnt, bl_recv_done) = Counter(big2little.io.out.fire(), 8)
[warn]                                                           ^
[warn] /opt/spechunter/chipyard-issue-715-repairv3/generators/rocket-chip/src/main/scala/util/MultiWidthFifo.scala:100:59: method fire in class AddMethodsToReadyValid is deprecated (since Chisel 3.5): Calling this function with an empty argument list is invalid in Scala 3. Use the form without parentheses instead
[warn]   val (lb_recv_cnt, lb_recv_done) = Counter(little2big.io.out.fire(), 4)
[warn]                                                           ^
[warn] /opt/spechunter/chipyard-issue-715-repairv3/generators/rocket-chip/src/main/scala/util/RationalCrossing.scala:92:9: method fire in class AddMethodsToReadyValid is deprecated (since Chisel 3.5): Calling this function with an empty argument list is invalid in Scala 3. Use the form without parentheses instead
[warn]   when (enq.fire()) { count := Cat(count(0), !count(1)) }
[warn]         ^
[warn] /opt/spechunter/chipyard-issue-715-repairv3/generators/rocket-chip/src/main/scala/util/RationalCrossing.scala:127:9: method fire in class AddMethodsToReadyValid is deprecated (since Chisel 3.5): Calling this function with an empty argument list is invalid in Scala 3. Use the form without parentheses instead
[warn]   when (deq.fire()) { count := Cat(count(0), !count(1)) }
[warn]         ^
[warn] /opt/spechunter/chipyard-issue-715-repairv3/generators/rocket-chip/src/main/scala/util/Repeater.scala:28:12: method fire in class AddMethodsToReadyValid is deprecated (since Chisel 3.5): Calling this function with an empty argument list is invalid in Scala 3. Use the form without parentheses instead
[warn]   when (io.enq.fire() &&  io.repeat) { full := true.B; saved := io.enq.bits }
[warn]            ^
[warn] /opt/spechunter/chipyard-issue-715-repairv3/generators/rocket-chip/src/main/scala/util/Repeater.scala:29:12: method fire in class AddMethodsToReadyValid is deprecated (since Chisel 3.5): Calling this function with an empty argument list is invalid in Scala 3. Use the form without parentheses instead
[warn]   when (io.deq.fire() && !io.repeat) { full := false.B }
[warn]            ^
[warn] /opt/spechunter/chipyard-issue-715-repairv3/generators/rocket-chip/src/main/scala/util/ShiftQueue.scala:30:34: method fire in class AddMethodsToReadyValid is deprecated (since Chisel 3.5): Calling this function with an empty argument list is invalid in Scala 3. Use the form without parentheses instead
[warn]           paddedValid(i+1) || io.enq.fire() && ((i == 0 && !flow).B || valid(i)),
[warn]                                  ^
[warn] /opt/spechunter/chipyard-issue-715-repairv3/generators/rocket-chip/src/main/scala/util/ShiftQueue.scala:31:14: method fire in class AddMethodsToReadyValid is deprecated (since Chisel 3.5): Calling this function with an empty argument list is invalid in Scala 3. Use the form without parentheses instead
[warn]           io.enq.fire() && paddedValid(i-1) && !valid(i))
[warn]              ^
[warn] /opt/spechunter/chipyard-issue-715-repairv3/generators/rocket-chip/src/main/scala/util/ShiftQueue.scala:36:34: method fire in class AddMethodsToReadyValid is deprecated (since Chisel 3.5): Calling this function with an empty argument list is invalid in Scala 3. Use the form without parentheses instead
[warn]           paddedValid(i+1) || io.enq.fire() && ((i == 0 && !flow).B || valid(i)),
[warn]                                  ^
[warn] /opt/spechunter/chipyard-issue-715-repairv3/generators/rocket-chip/src/main/scala/util/ShiftQueue.scala:37:14: method fire in class AddMethodsToReadyValid is deprecated (since Chisel 3.5): Calling this function with an empty argument list is invalid in Scala 3. Use the form without parentheses instead
[warn]           io.enq.fire() && paddedValid(i-1) || valid(i))
[warn]              ^
[warn] there were 2657 feature warnings; re-run with -feature for details
[warn] 340 warnings found
[info] done compiling
[info] compiling 10 Scala sources to /opt/spechunter/chipyard-issue-715-repairv3/generators/sha3/target/scala-2.12/classes ...
[info] compiling 4 Scala sources to /opt/spechunter/chipyard-issue-715-repairv3/generators/nvdla/target/scala-2.12/classes ...
[info] compiling 8 Scala sources to /opt/spechunter/chipyard-issue-715-repairv3/generators/mempress/target/scala-2.12/classes ...
[info] compiling 20 Scala sources to /opt/spechunter/chipyard-issue-715-repairv3/generators/sifive-cache/target/scala-2.12/classes ...
[info] compiling 43 Scala sources to /opt/spechunter/chipyard-issue-715-repairv3/generators/riscv-sodor/target/scala-2.12/classes ...
[info] compiling 74 Scala sources to /opt/spechunter/chipyard-issue-715-repairv3/generators/sifive-blocks/target/scala-2.12/classes ...
[info] compiling 3 Scala sources to /opt/spechunter/chipyard-issue-715-repairv3/generators/ibex/target/scala-2.12/classes ...
[info] compiling 53 Scala sources to /opt/spechunter/chipyard-issue-715-repairv3/generators/hwacha/target/scala-2.12/classes ...
[warn] /opt/spechunter/chipyard-issue-715-repairv3/generators/nvdla/src/main/scala/devices/nvdla/Periphery.scala:17:10: method fromMaster in trait CanAttachTLMasters is deprecated (since rocket-chip 1.3): Replace with e.g. bus.coupleFrom(s"master_named_${name}"){ _ :=* TLFIFOFixer(TLFIFOFixer.all) :=* master.node }
[warn]     fbus.fromMaster(name = Some("nvdla_dbb"), buffer = BufferParams.default) {
[warn]          ^
[warn] /opt/spechunter/chipyard-issue-715-repairv3/generators/nvdla/src/main/scala/devices/nvdla/Periphery.scala:21:10: method toFixedWidthSingleBeatSlave in trait CanAttachTLSlaves is deprecated (since rocket-chip 1.3): Replace with e.g. bus.coupleTo(s"slave_named_${name}"){ slave.controlXing(NoCrossing) :*= TLFragmenter(widthBytes, bus.blockBytes) :*= TLWidthWidget(bus.beatBytes) :*= _ }
[warn]     pbus.toFixedWidthSingleBeatSlave(4, Some("nvdla_cfg")) { nvdla.cfg_tl_node }
[warn]          ^
[warn] /opt/spechunter/chipyard-issue-715-repairv3/generators/ibex/src/main/scala/IbexTile.scala:169:53: method hartId in trait HasNonDiplomaticTileParameters is deprecated (since rocket-chip 1.3): use hartIdSinkNodeOpt.map(_.bundle) or staticIdForMetadataUseOnly
[warn]     Resource(cpuDevice, "reg").bind(ResourceAddress(hartId))
[warn]                                                     ^
[warn] /opt/spechunter/chipyard-issue-715-repairv3/generators/ibex/src/main/scala/IbexTile.scala:237:43: method fire in class AddMethodsToReadyValid is deprecated (since Chisel 3.5): Calling this function with an empty argument list is invalid in Scala 3. Use the form without parentheses instead
[warn]   when (dmem_state === s_active && dmem.a.fire()) {
[warn]                                           ^
[warn] /opt/spechunter/chipyard-issue-715-repairv3/generators/ibex/src/main/scala/IbexTile.scala:240:45: method fire in class AddMethodsToReadyValid is deprecated (since Chisel 3.5): Calling this function with an empty argument list is invalid in Scala 3. Use the form without parentheses instead
[warn]   when (dmem_state === s_inflight && dmem.d.fire()) {
[warn]                                             ^
[warn] /opt/spechunter/chipyard-issue-715-repairv3/generators/ibex/src/main/scala/IbexTile.scala:270:43: method fire in class AddMethodsToReadyValid is deprecated (since Chisel 3.5): Calling this function with an empty argument list is invalid in Scala 3. Use the form without parentheses instead
[warn]   when (imem_state === s_active && imem.a.fire()) {
[warn]                                           ^
[warn] /opt/spechunter/chipyard-issue-715-repairv3/generators/ibex/src/main/scala/IbexTile.scala:273:45: method fire in class AddMethodsToReadyValid is deprecated (since Chisel 3.5): Calling this function with an empty argument list is invalid in Scala 3. Use the form without parentheses instead
[warn]   when (imem_state === s_inflight && imem.d.fire()) {
[warn]                                             ^
[warn] there were 62 feature warnings; re-run with -feature for details
[warn] three warnings found
[info] done compiling
[warn] there were 36 feature warnings; re-run with -feature for details
[warn] 6 warnings found
[info] done compiling
[info] compiling 41 Scala sources to /opt/spechunter/chipyard-issue-715-repairv3/generators/constellation/target/scala-2.12/classes ...
[info] compiling 3 Scala sources to /opt/spechunter/chipyard-issue-715-repairv3/generators/cva6/target/scala-2.12/classes ...
[warn] /opt/spechunter/chipyard-issue-715-repairv3/generators/mempress/src/main/scala/l2shim_interface.scala:44:37: method apply in object TLClientPortParameters is deprecated: Use TLMasterPortParameters.v1 instead of TLClientPortParameters
[warn]   val masterNode = TLClientNode(Seq(TLClientPortParameters(
[warn]                                     ^
[warn] /opt/spechunter/chipyard-issue-715-repairv3/generators/mempress/src/main/scala/l2shim_interface.scala:45:9: method apply in object TLClientParameters is deprecated: Use TLMasterParameters.v1 instead of TLClientParameters
[warn]     Seq(TLClientParameters(name = printInfo, sourceId = IdRange(0,
[warn]         ^
[warn] /opt/spechunter/chipyard-issue-715-repairv3/generators/mempress/src/main/scala/l2shim_interface.scala:128:23: method fire in class AddMethodsToReadyValid is deprecated (since Chisel 3.5): Calling this function with an empty argument list is invalid in Scala 3. Use the form without parentheses instead
[warn]   when (io.userif.req.fire()) {
[warn]                       ^
[warn] /opt/spechunter/chipyard-issue-715-repairv3/generators/mempress/src/main/scala/l2shim_interface.scala:146:23: method fire in class AddMethodsToReadyValid is deprecated (since Chisel 3.5): Calling this function with an empty argument list is invalid in Scala 3. Use the form without parentheses instead
[warn]   when (request_input.fire()) {
[warn]                       ^
[warn] /opt/spechunter/chipyard-issue-715-repairv3/generators/mempress/src/main/scala/l2shim_interface.scala:192:16: method fire in class AddMethodsToReadyValid is deprecated (since Chisel 3.5): Calling this function with an empty argument list is invalid in Scala 3. Use the form without parentheses instead
[warn]   when (dmem.a.fire()) {
[warn]                ^
[warn] /opt/spechunter/chipyard-issue-715-repairv3/generators/mempress/src/main/scala/l2shim_interface.scala:265:16: method fire in class AddMethodsToReadyValid is deprecated (since Chisel 3.5): Calling this function with an empty argument list is invalid in Scala 3. Use the form without parentheses instead
[warn]   when (dmem.d.fire()) {
[warn]                ^
[warn] /opt/spechunter/chipyard-issue-715-repairv3/generators/mempress/src/main/scala/l2shim_interface.scala:278:25: method fire in class AddMethodsToReadyValid is deprecated (since Chisel 3.5): Calling this function with an empty argument list is invalid in Scala 3. Use the form without parentheses instead
[warn]   when (response_output.fire()) {
[warn]                         ^
[warn] /opt/spechunter/chipyard-issue-715-repairv3/generators/mempress/src/main/scala/l2shim_interface.scala:285:16: method fire in class AddMethodsToReadyValid is deprecated (since Chisel 3.5): Calling this function with an empty argument list is invalid in Scala 3. Use the form without parentheses instead
[warn]   when (dmem.d.fire()) {
[warn]                ^
[warn] /opt/spechunter/chipyard-issue-715-repairv3/generators/mempress/src/main/scala/l2shim_interface.scala:289:25: method fire in class AddMethodsToReadyValid is deprecated (since Chisel 3.5): Calling this function with an empty argument list is invalid in Scala 3. Use the form without parentheses instead
[warn]   when (response_output.fire()) {
[warn]                         ^
[warn] /opt/spechunter/chipyard-issue-715-repairv3/generators/mempress/src/main/scala/util.scala:18:32: method apply in object SynthesizePrintf is deprecated (since FireSim 1.14): This method will be removed. Annotate the printf statement directly
[warn]       printf(midas.targetutils.SynthesizePrintf("cy: %d, ", loginfo_cycles))
[warn]                                ^
[warn] /opt/spechunter/chipyard-issue-715-repairv3/generators/mempress/src/main/scala/util.scala:19:32: method apply in object SynthesizePrintf is deprecated (since FireSim 1.14): This method will be removed. Annotate the printf statement directly
[warn]       printf(midas.targetutils.SynthesizePrintf(format, args:_*))
[warn]                                ^
[warn] /opt/spechunter/chipyard-issue-715-repairv3/generators/sha3/src/main/scala/chi.scala:27:44: object PeekPokeTester in package iotesters is deprecated (since chisel-iotesters 2.5.0): chisel-iotesters is end-of-life. Use chiseltest instead, see https://www.chisel-lang.org/chiseltest/migrating-from-iotesters.
[warn] class ChiModuleTests(c: ChiModule) extends PeekPokeTester(c) {
[warn]                                            ^
[warn] /opt/spechunter/chipyard-issue-715-repairv3/generators/sha3/src/main/scala/dpath.scala:106:32: method apply in object SynthesizePrintf is deprecated (since FireSim 1.14): This method will be removed. Annotate the printf statement directly
[warn]       printf(midas.targetutils.SynthesizePrintf("SHA3 finished an iteration with index %d and message %x\n", io.aindex, io.message_in))
[warn]                                ^
[warn] /opt/spechunter/chipyard-issue-715-repairv3/generators/sha3/src/main/scala/iota.scala:44:46: object PeekPokeTester in package iotesters is deprecated (since chisel-iotesters 2.5.0): chisel-iotesters is end-of-life. Use chiseltest instead, see https://www.chisel-lang.org/chiseltest/migrating-from-iotesters.
[warn] class IotaModuleTests(c: IotaModule) extends PeekPokeTester(c) {
[warn]                                              ^
[warn] /opt/spechunter/chipyard-issue-715-repairv3/generators/sha3/src/main/scala/sha3.scala:119:55: method fire in class AddMethodsToReadyValid is deprecated (since Chisel 3.5): Calling this function with an empty argument list is invalid in Scala 3. Use the form without parentheses instead
[warn]     val status = RegEnable(io.cmd.bits.status, io.cmd.fire())
[warn]                                                       ^
[warn] there were 79 feature warnings; re-run with -feature for details
[warn] 12 warnings found
[info] done compiling
[info] compiling 41 Scala sources to /opt/spechunter/chipyard-issue-715-repairv3/tools/rocket-dsp-utils/src/target/scala-2.12/classes ...
[warn] there were 220 feature warnings; re-run with -feature for details
[warn] 5 warnings found
[info] done compiling
[warn] there were 61 feature warnings; re-run with -feature for details
[warn] one warning found
[info] done compiling
[warn] /opt/spechunter/chipyard-issue-715-repairv3/generators/sifive-cache/design/craft/inclusivecache/src/InclusiveCache.scala:77:24: method apply in object TLClientPortParameters is deprecated: Use TLMasterPortParameters.v1 instead of TLClientPortParameters
[warn]     clientFn  = { _ => TLClientPortParameters(Seq(TLClientParameters(
[warn]                        ^
[warn] /opt/spechunter/chipyard-issue-715-repairv3/generators/sifive-cache/design/craft/inclusivecache/src/InclusiveCache.scala:77:51: method apply in object TLClientParameters is deprecated: Use TLMasterParameters.v1 instead of TLClientParameters
[warn]     clientFn  = { _ => TLClientPortParameters(Seq(TLClientParameters(
[warn]                                                   ^
[warn] /opt/spechunter/chipyard-issue-715-repairv3/generators/sifive-cache/design/craft/inclusivecache/src/InclusiveCache.scala:82:24: method apply in object TLManagerPortParameters is deprecated: Use TLSlavePortParameters.v1 instead of TLManagerPortParameters
[warn]     managerFn = { m => TLManagerPortParameters(
[warn]                        ^
[warn] /opt/spechunter/chipyard-issue-715-repairv3/generators/sifive-cache/design/craft/inclusivecache/src/InclusiveCache.scala:83:42: method copy in class TLSlaveParameters is deprecated: Use v1copy instead of copy
[warn]       managers = m.managers.map { m => m.copy(
[warn]                                          ^
[warn] /opt/spechunter/chipyard-issue-715-repairv3/generators/sifive-cache/design/craft/inclusivecache/src/ListBuffer.scala:64:17: method fire in class AddMethodsToReadyValid is deprecated (since Chisel 3.5): Calling this function with an empty argument list is invalid in Scala 3. Use the form without parentheses instead
[warn]   when (io.push.fire()) {
[warn]                 ^
[warn] /opt/spechunter/chipyard-issue-715-repairv3/generators/sifive-cache/design/craft/inclusivecache/src/ListBuffer.scala:84:19: method fire in class Valid is deprecated (since Chisel 3.5): Calling this function with an empty argument list is invalid in Scala 3. Use the form without parentheses instead
[warn]   assert (!io.pop.fire() || (io.valid)(io.pop.bits))
[warn]                   ^
[warn] /opt/spechunter/chipyard-issue-715-repairv3/generators/sifive-cache/design/craft/inclusivecache/src/ListBuffer.scala:86:16: method fire in class Valid is deprecated (since Chisel 3.5): Calling this function with an empty argument list is invalid in Scala 3. Use the form without parentheses instead
[warn]   when (io.pop.fire()) {
[warn]                ^
[warn] /opt/spechunter/chipyard-issue-715-repairv3/generators/sifive-cache/design/craft/inclusivecache/src/ListBuffer.scala:91:41: method fire in class AddMethodsToReadyValid is deprecated (since Chisel 3.5): Calling this function with an empty argument list is invalid in Scala 3. Use the form without parentheses instead
[warn]     head.write(io.pop.bits, Mux(io.push.fire() && push_valid && push_tail === pop_head, freeIdx, next.read(pop_head)))
[warn]                                         ^
[warn] /opt/spechunter/chipyard-issue-715-repairv3/generators/sifive-cache/design/craft/inclusivecache/src/MSHR.scala:530:55: method fire in class AddMethodsToReadyValid is deprecated (since Chisel 3.5): Calling this function with an empty argument list is invalid in Scala 3. Use the form without parentheses instead
[warn]     assert (!request_valid || (no_wait && io.schedule.fire()))
[warn]                                                       ^
[warn] /opt/spechunter/chipyard-issue-715-repairv3/generators/sifive-cache/design/craft/inclusivecache/src/SinkA.scala:103:39: method fire in class AddMethodsToReadyValid is deprecated (since Chisel 3.5): Calling this function with an empty argument list is invalid in Scala 3. Use the form without parentheses instead
[warn]   putbuffer.io.pop.valid := io.pb_pop.fire()
[warn]                                       ^
[warn] /opt/spechunter/chipyard-issue-715-repairv3/generators/sifive-cache/design/craft/inclusivecache/src/SinkA.scala:107:19: method fire in class AddMethodsToReadyValid is deprecated (since Chisel 3.5): Calling this function with an empty argument list is invalid in Scala 3. Use the form without parentheses instead
[warn]   when (io.pb_pop.fire() && io.pb_pop.bits.last) {
[warn]                   ^
[warn] /opt/spechunter/chipyard-issue-715-repairv3/generators/sifive-cache/design/craft/inclusivecache/src/SinkC.scala:92:58: method fire in class AddMethodsToReadyValid is deprecated (since Chisel 3.5): Calling this function with an empty argument list is invalid in Scala 3. Use the form without parentheses instead
[warn]     io.bs_dat.data   := RegEnable(c.bits.data,    bs_adr.fire())
[warn]                                                          ^
[warn] /opt/spechunter/chipyard-issue-715-repairv3/generators/sifive-cache/design/craft/inclusivecache/src/SinkC.scala:153:42: method fire in class AddMethodsToReadyValid is deprecated (since Chisel 3.5): Calling this function with an empty argument list is invalid in Scala 3. Use the form without parentheses instead
[warn]     putbuffer.io.pop.valid := io.rel_pop.fire()
[warn]                                          ^
[warn] /opt/spechunter/chipyard-issue-715-repairv3/generators/sifive-cache/design/craft/inclusivecache/src/SinkC.scala:157:22: method fire in class AddMethodsToReadyValid is deprecated (since Chisel 3.5): Calling this function with an empty argument list is invalid in Scala 3. Use the form without parentheses instead
[warn]     when (io.rel_pop.fire() && io.rel_pop.bits.last) {
[warn]                      ^
[warn] /opt/spechunter/chipyard-issue-715-repairv3/generators/sifive-cache/design/craft/inclusivecache/src/SinkD.scala:61:41: method fire in class AddMethodsToReadyValid is deprecated (since Chisel 3.5): Calling this function with an empty argument list is invalid in Scala 3. Use the form without parentheses instead
[warn]   io.resp.valid := (first || last) && d.fire()
[warn]                                         ^
[warn] /opt/spechunter/chipyard-issue-715-repairv3/generators/sifive-cache/design/craft/inclusivecache/src/SourceB.scala:60:18: method fire in class AddMethodsToReadyValid is deprecated (since Chisel 3.5): Calling this function with an empty argument list is invalid in Scala 3. Use the form without parentheses instead
[warn]     when (io.req.fire()) { remain_set := io.req.bits.clients }
[warn]                  ^
[warn] /opt/spechunter/chipyard-issue-715-repairv3/generators/sifive-cache/design/craft/inclusivecache/src/SourceB.scala:67:13: method fire in class AddMethodsToReadyValid is deprecated (since Chisel 3.5): Calling this function with an empty argument list is invalid in Scala 3. Use the form without parentheses instead
[warn]     when (b.fire()) { remain_clr := next }
[warn]             ^
[warn] /opt/spechunter/chipyard-issue-715-repairv3/generators/sifive-cache/design/craft/inclusivecache/src/SourceB.scala:70:77: method fire in class AddMethodsToReadyValid is deprecated (since Chisel 3.5): Calling this function with an empty argument list is invalid in Scala 3. Use the form without parentheses instead
[warn]     val tag = Mux(!busy, io.req.bits.tag, RegEnable(io.req.bits.tag, io.req.fire()))
[warn]                                                                             ^
[warn] /opt/spechunter/chipyard-issue-715-repairv3/generators/sifive-cache/design/craft/inclusivecache/src/SourceB.scala:71:77: method fire in class AddMethodsToReadyValid is deprecated (since Chisel 3.5): Calling this function with an empty argument list is invalid in Scala 3. Use the form without parentheses instead
[warn]     val set = Mux(!busy, io.req.bits.set, RegEnable(io.req.bits.set, io.req.fire()))
[warn]                                                                             ^
[warn] /opt/spechunter/chipyard-issue-715-repairv3/generators/sifive-cache/design/craft/inclusivecache/src/SourceB.scala:72:83: method fire in class AddMethodsToReadyValid is deprecated (since Chisel 3.5): Calling this function with an empty argument list is invalid in Scala 3. Use the form without parentheses instead
[warn]     val param = Mux(!busy, io.req.bits.param, RegEnable(io.req.bits.param, io.req.fire()))
[warn]                                                                                   ^
[warn] /opt/spechunter/chipyard-issue-715-repairv3/generators/sifive-cache/design/craft/inclusivecache/src/SourceC.scala:59:22: method fire in class AddMethodsToReadyValid is deprecated (since Chisel 3.5): Calling this function with an empty argument list is invalid in Scala 3. Use the form without parentheses instead
[warn]   when (queue.io.enq.fire() =/= queue.io.deq.fire()) {
[warn]                      ^
[warn] /opt/spechunter/chipyard-issue-715-repairv3/generators/sifive-cache/design/craft/inclusivecache/src/SourceC.scala:59:46: method fire in class AddMethodsToReadyValid is deprecated (since Chisel 3.5): Calling this function with an empty argument list is invalid in Scala 3. Use the form without parentheses instead
[warn]   when (queue.io.enq.fire() =/= queue.io.deq.fire()) {
[warn]                                              ^
[warn] /opt/spechunter/chipyard-issue-715-repairv3/generators/sifive-cache/design/craft/inclusivecache/src/SourceC.scala:60:37: method fire in class AddMethodsToReadyValid is deprecated (since Chisel 3.5): Calling this function with an empty argument list is invalid in Scala 3. Use the form without parentheses instead
[warn]     fill := fill + Mux(queue.io.enq.fire(), UInt(1), ~UInt(0, width = fillBits))
[warn]                                     ^
[warn] /opt/spechunter/chipyard-issue-715-repairv3/generators/sifive-cache/design/craft/inclusivecache/src/SourceC.scala:61:90: method fire in class AddMethodsToReadyValid is deprecated (since Chisel 3.5): Calling this function with an empty argument list is invalid in Scala 3. Use the form without parentheses instead
[warn]     room := fill === UInt(0) || ((fill === UInt(1) || fill === UInt(2)) && !queue.io.enq.fire())
[warn]                                                                                          ^
[warn] /opt/spechunter/chipyard-issue-715-repairv3/generators/sifive-cache/design/craft/inclusivecache/src/SourceC.scala:87:19: method fire in class AddMethodsToReadyValid is deprecated (since Chisel 3.5): Calling this function with an empty argument list is invalid in Scala 3. Use the form without parentheses instead
[warn]   when (io.bs_adr.fire()) {
[warn]                   ^
[warn] /opt/spechunter/chipyard-issue-715-repairv3/generators/sifive-cache/design/craft/inclusivecache/src/SourceC.scala:92:43: method fire in class AddMethodsToReadyValid is deprecated (since Chisel 3.5): Calling this function with an empty argument list is invalid in Scala 3. Use the form without parentheses instead
[warn]   val s2_latch = Mux(want_data, io.bs_adr.fire(), io.req.fire())
[warn]                                           ^
[warn] /opt/spechunter/chipyard-issue-715-repairv3/generators/sifive-cache/design/craft/inclusivecache/src/SourceC.scala:92:58: method fire in class AddMethodsToReadyValid is deprecated (since Chisel 3.5): Calling this function with an empty argument list is invalid in Scala 3. Use the form without parentheses instead
[warn]   val s2_latch = Mux(want_data, io.bs_adr.fire(), io.req.fire())
[warn]                                                          ^
[warn] /opt/spechunter/chipyard-issue-715-repairv3/generators/sifive-cache/design/craft/inclusivecache/src/SourceD.scala:120:52: method fire in class AddMethodsToReadyValid is deprecated (since Chisel 3.5): Calling this function with an empty argument list is invalid in Scala 3. Use the form without parentheses instead
[warn]   queue.io.enq.valid := RegNext(RegNext(io.bs_radr.fire()))
[warn]                                                    ^
[warn] /opt/spechunter/chipyard-issue-715-repairv3/generators/sifive-cache/design/craft/inclusivecache/src/SourceD.scala:126:20: method fire in class AddMethodsToReadyValid is deprecated (since Chisel 3.5): Calling this function with an empty argument list is invalid in Scala 3. Use the form without parentheses instead
[warn]   when (io.bs_radr.fire()) { s1_block_r := Bool(true) }
[warn]                    ^
[warn] /opt/spechunter/chipyard-issue-715-repairv3/generators/sifive-blocks/src/main/scala/util/DFT.scala:24:49: non-variable type argument chisel3.Bundle in type pattern sifive.blocks.util.HasDeviceDFTPorts[chisel3.Bundle] is unchecked since it is eliminated by erasure
[warn]   val dftNodes = devices.collect { case source: HasDeviceDFTPorts[Bundle] => source }
[warn]                                                 ^
[warn] /opt/spechunter/chipyard-issue-715-repairv3/tools/rocket-dsp-utils/src/main/scala/freechips/rocketchip/amba/axi4stream/SimpleSplitter.scala:4:46: imported `AXI4StreamMasterPortParameters' is permanently hidden by definition of object AXI4StreamMasterPortParameters in package axi4stream
[warn] import freechips.rocketchip.amba.axi4stream.{AXI4StreamMasterPortParameters, AXI4StreamNexusNode, AXI4StreamSlavePortParameters}
[warn]                                              ^
[warn] /opt/spechunter/chipyard-issue-715-repairv3/tools/rocket-dsp-utils/src/main/scala/freechips/rocketchip/amba/axi4stream/SimpleSplitter.scala:4:78: imported `AXI4StreamNexusNode' is permanently hidden by definition of object AXI4StreamNexusNode in package axi4stream
[warn] import freechips.rocketchip.amba.axi4stream.{AXI4StreamMasterPortParameters, AXI4StreamNexusNode, AXI4StreamSlavePortParameters}
[warn]                                                                              ^
[warn] /opt/spechunter/chipyard-issue-715-repairv3/tools/rocket-dsp-utils/src/main/scala/freechips/rocketchip/amba/axi4stream/SimpleSplitter.scala:4:99: imported `AXI4StreamSlavePortParameters' is permanently hidden by definition of object AXI4StreamSlavePortParameters in package axi4stream
[warn] import freechips.rocketchip.amba.axi4stream.{AXI4StreamMasterPortParameters, AXI4StreamNexusNode, AXI4StreamSlavePortParameters}
[warn]                                                                                                   ^
[warn] /opt/spechunter/chipyard-issue-715-repairv3/generators/sifive-blocks/src/main/scala/devices/gpio/GPIO.scala:278:44: match may not be exhaustive.
[warn] It would fail on the following input: CreditedCrossing(_, _)
[warn]       gpioClockDomainWrapper.clockNode := (controlXType match {
[warn]                                            ^
[warn] /opt/spechunter/chipyard-issue-715-repairv3/generators/sifive-blocks/src/main/scala/devices/gpio/GPIO.scala:295:6: match may not be exhaustive.
[warn] It would fail on the following input: CreditedCrossing(_, _)
[warn]     (intXType match {
[warn]      ^
[warn] /opt/spechunter/chipyard-issue-715-repairv3/generators/sifive-blocks/src/main/scala/devices/i2c/I2C.scala:608:43: match may not be exhaustive.
[warn] It would fail on the following input: CreditedCrossing(_, _)
[warn]       i2cClockDomainWrapper.clockNode := (controlXType match {
[warn]                                           ^
[warn] /opt/spechunter/chipyard-issue-715-repairv3/generators/sifive-blocks/src/main/scala/devices/i2c/I2C.scala:625:6: match may not be exhaustive.
[warn] It would fail on the following input: CreditedCrossing(_, _)
[warn]     (intXType match {
[warn]      ^
[warn] /opt/spechunter/chipyard-issue-715-repairv3/generators/sifive-blocks/src/main/scala/devices/porgen/PorGen.scala:134:46: match may not be exhaustive.
[warn] It would fail on the following input: CreditedCrossing(_, _)
[warn]       porgenClockDomainWrapper.clockNode := (controlXType match {
[warn]                                              ^
[warn] /opt/spechunter/chipyard-issue-715-repairv3/generators/sifive-blocks/src/main/scala/devices/pwm/PWM.scala:130:43: match may not be exhaustive.
[warn] It would fail on the following input: CreditedCrossing(_, _)
[warn]       pwmClockDomainWrapper.clockNode := (controlXType match {
[warn]                                           ^
[warn] /opt/spechunter/chipyard-issue-715-repairv3/generators/sifive-blocks/src/main/scala/devices/pwm/PWM.scala:147:6: match may not be exhaustive.
[warn] It would fail on the following input: CreditedCrossing(_, _)
[warn]     (intXType match {
[warn]      ^
[warn] there were 649 feature warnings; re-run with -feature for details
[warn] /opt/spechunter/chipyard-issue-715-repairv3/generators/sifive-blocks/src/main/scala/devices/spi/SPI.scala:46:43: match may not be exhaustive.
[warn] It would fail on the following input: CreditedCrossing(_, _)
[warn]       spiClockDomainWrapper.clockNode := (controlXType match {
[warn]                                           ^
[warn] 30 warnings found
[info] done compiling
[warn] /opt/spechunter/chipyard-issue-715-repairv3/generators/sifive-blocks/src/main/scala/devices/spi/SPI.scala:63:6: match may not be exhaustive.
[warn] It would fail on the following input: CreditedCrossing(_, _)
[warn]     (intXType match {
[warn]      ^
[warn] /opt/spechunter/chipyard-issue-715-repairv3/generators/sifive-blocks/src/main/scala/devices/spi/SPI.scala:101:44: match may not be exhaustive.
[warn] It would fail on the following input: CreditedCrossing(_, _)
[warn]       qspiClockDomainWrapper.clockNode := (controlXType match {
[warn]                                            ^
[warn] /opt/spechunter/chipyard-issue-715-repairv3/generators/sifive-blocks/src/main/scala/devices/spi/SPI.scala:133:6: match may not be exhaustive.
[warn] It would fail on the following input: CreditedCrossing(_, _)
[warn]     (intXType match {
[warn]      ^
[warn] /opt/spechunter/chipyard-issue-715-repairv3/generators/sifive-blocks/src/main/scala/devices/stream/PseudoStream.scala:118:46: match may not be exhaustive.
[warn] It would fail on the following input: CreditedCrossing(_, _)
[warn]       streamClockDomainWrapper.clockNode := (controlXType match {
[warn]                                              ^
[warn] /opt/spechunter/chipyard-issue-715-repairv3/generators/sifive-blocks/src/main/scala/devices/timer/Timer.scala:91:45: match may not be exhaustive.
[warn] It would fail on the following input: CreditedCrossing(_, _)
[warn]       timerClockDomainWrapper.clockNode := (controlXType match {
[warn]                                             ^
[warn] /opt/spechunter/chipyard-issue-715-repairv3/generators/sifive-blocks/src/main/scala/devices/timer/Timer.scala:108:6: match may not be exhaustive.
[warn] It would fail on the following input: CreditedCrossing(_, _)
[warn]     (intXType match {
[warn]      ^
[warn] /opt/spechunter/chipyard-issue-715-repairv3/generators/sifive-blocks/src/main/scala/devices/uart/UART.scala:230:44: match may not be exhaustive.
[warn] It would fail on the following input: CreditedCrossing(_, _)
[warn]       uartClockDomainWrapper.clockNode := (controlXType match {
[warn]                                            ^
[warn] /opt/spechunter/chipyard-issue-715-repairv3/generators/sifive-blocks/src/main/scala/devices/uart/UART.scala:247:6: match may not be exhaustive.
[warn] It would fail on the following input: CreditedCrossing(_, _)
[warn]     (intXType match {
[warn]      ^
[warn] /opt/spechunter/chipyard-issue-715-repairv3/generators/sifive-blocks/src/main/scala/devices/wdt/TLWDT.scala:85:43: match may not be exhaustive.
[warn] It would fail on the following input: CreditedCrossing(_, _)
[warn]       wdtClockDomainWrapper.clockNode := (controlXType match {
[warn]                                           ^
[warn] /opt/spechunter/chipyard-issue-715-repairv3/generators/sifive-blocks/src/main/scala/devices/wdt/TLWDT.scala:102:6: match may not be exhaustive.
[warn] It would fail on the following input: CreditedCrossing(_, _)
[warn]     (intXType match {
[warn]      ^
[warn] /opt/spechunter/chipyard-issue-715-repairv3/tools/rocket-dsp-utils/src/main/scala/freechips/rocketchip/amba/axi4stream/CrossingHelper.scala:8:99: match may not be exhaustive.
[warn] It would fail on the following input: CreditedCrossing(_, _)
[warn]   def apply(xing: ClockCrossingType = NoCrossing)(implicit p: Parameters): AXI4StreamInwardNode = xing match {
[warn]                                                                                                   ^
[warn] /opt/spechunter/chipyard-issue-715-repairv3/tools/rocket-dsp-utils/src/main/scala/freechips/rocketchip/amba/axi4stream/CrossingHelper.scala:21:100: match may not be exhaustive.
[warn] It would fail on the following input: CreditedCrossing(_, _)
[warn]   def apply(xing: ClockCrossingType = NoCrossing)(implicit p: Parameters): AXI4StreamOutwardNode = xing match {
[warn]                                                                                                    ^
[info] /opt/spechunter/chipyard-issue-715-repairv3/tools/rocket-dsp-utils/src/main/scala/freechips/rocketchip/amba/axi4stream/MMAPFIFO.scala:1:1: 
[info] Found names but no class, trait or object is defined in the compilation unit.
[info] The incremental compiler cannot record the dependency information in such case.
[info] Some errors like unused import referring to a non-existent class might not be reported.
[info]     
[info] package freechips.rocketchip.amba.axi4stream
[info] ^
[warn] /opt/spechunter/chipyard-issue-715-repairv3/tools/rocket-dsp-utils/src/main/scala/dspblocks/DspBlock.scala:117:24: method apply in object TLClientPortParameters is deprecated: Use TLMasterPortParameters.v1 instead of TLClientPortParameters
[warn]       BundleBridgeToTL(TLClientPortParameters(Seq(TLClientParameters("bundleBridgeToTL")))) :=
[warn]                        ^
[warn] /opt/spechunter/chipyard-issue-715-repairv3/tools/rocket-dsp-utils/src/main/scala/dspblocks/DspBlock.scala:117:51: method apply in object TLClientParameters is deprecated: Use TLMasterParameters.v1 instead of TLClientParameters
[warn]       BundleBridgeToTL(TLClientPortParameters(Seq(TLClientParameters("bundleBridgeToTL")))) :=
[warn]                                                   ^
[warn] /opt/spechunter/chipyard-issue-715-repairv3/tools/rocket-dsp-utils/src/main/scala/dspblocks/DspQueue.scala:38:43: method fire in class AddMethodsToReadyValid is deprecated (since Chisel 3.5): Calling this function with an empty argument list is invalid in Scala 3. Use the form without parentheses instead
[warn]   queueEntries := queueEntries + streamIn.fire() - streamOut.fire()
[warn]                                           ^
[warn] /opt/spechunter/chipyard-issue-715-repairv3/tools/rocket-dsp-utils/src/main/scala/dspblocks/DspQueue.scala:38:62: method fire in class AddMethodsToReadyValid is deprecated (since Chisel 3.5): Calling this function with an empty argument list is invalid in Scala 3. Use the form without parentheses instead
[warn]   queueEntries := queueEntries + streamIn.fire() - streamOut.fire()
[warn]                                                              ^
[warn] /opt/spechunter/chipyard-issue-715-repairv3/tools/rocket-dsp-utils/src/main/scala/dspblocks/DspQueue.scala:53:9: class TLRegBundle in package tilelink is deprecated (since rocket-chip 1.3): Use HasTLControlRegMap+HasInterruptSources traits in place of TLRegisterRouter+TLRegBundle+TLRegModule
[warn]     new TLRegBundle(depth, _))(
[warn]         ^
[warn] /opt/spechunter/chipyard-issue-715-repairv3/tools/rocket-dsp-utils/src/main/scala/dspblocks/DspQueue.scala:62:9: class AXI4RegBundle in package axi4 is deprecated (since rocket-chip 1.3): Use HasAXI4ControlRegMap+HasInterruptSources traits in place of AXI4RegisterRouter+AXI4RegBundle+AXI4RegModule
[warn]     new AXI4RegBundle(depth, _))(
[warn]         ^
[warn] /opt/spechunter/chipyard-issue-715-repairv3/tools/rocket-dsp-utils/src/main/scala/dspblocks/DspQueue.scala:72:9: class AHBRegBundle in package ahb is deprecated (since rocket-chip 1.3): Use HasAHBControlRegMap+HasInterruptSources traits in place of AHBRegisterRouter+AHBRegBundle+AHBRegModule
[warn]     new AHBRegBundle(depth, _))(
[warn]         ^
[warn] /opt/spechunter/chipyard-issue-715-repairv3/tools/rocket-dsp-utils/src/main/scala/dspblocks/DspQueue.scala:82:9: class APBRegBundle in package apb is deprecated (since rocket-chip 1.3): Use HasAPBControlRegMap+HasInterruptSources traits in place of APBRegisterRouter+APBRegBundle+APBRegModule
[warn]     new APBRegBundle(depth, _))(
[warn]         ^
[warn] /opt/spechunter/chipyard-issue-715-repairv3/tools/rocket-dsp-utils/src/main/scala/dspblocks/DspRegister.scala:86:30: method fire in class AddMethodsToReadyValid is deprecated (since Chisel 3.5): Calling this function with an empty argument list is invalid in Scala 3. Use the form without parentheses instead
[warn]   when (loading && streamOut.fire()) {
[warn]                              ^
[warn] /opt/spechunter/chipyard-issue-715-repairv3/tools/rocket-dsp-utils/src/main/scala/dspblocks/DspRegister.scala:101:29: method fire in class AddMethodsToReadyValid is deprecated (since Chisel 3.5): Calling this function with an empty argument list is invalid in Scala 3. Use the form without parentheses instead
[warn]   when (storing && streamIn.fire()) {
[warn]                             ^
[warn] /opt/spechunter/chipyard-issue-715-repairv3/tools/rocket-dsp-utils/src/main/scala/dspblocks/DspRegister.scala:153:9: class TLRegBundle in package tilelink is deprecated (since rocket-chip 1.3): Use HasTLControlRegMap+HasInterruptSources traits in place of TLRegisterRouter+TLRegBundle+TLRegModule
[warn]     new TLRegBundle(len, _))(
[warn]         ^
[warn] /opt/spechunter/chipyard-issue-715-repairv3/tools/rocket-dsp-utils/src/main/scala/dspblocks/DspRegister.scala:162:9: class AXI4RegBundle in package axi4 is deprecated (since rocket-chip 1.3): Use HasAXI4ControlRegMap+HasInterruptSources traits in place of AXI4RegisterRouter+AXI4RegBundle+AXI4RegModule
[warn]     new AXI4RegBundle(len, _))(
[warn]         ^
[warn] /opt/spechunter/chipyard-issue-715-repairv3/generators/sifive-blocks/src/main/scala/devices/chiplink/CAM.scala:27:18: method fire in class AddMethodsToReadyValid is deprecated (since Chisel 3.5): Calling this function with an empty argument list is invalid in Scala 3. Use the form without parentheses instead
[warn]   when (io.alloc.fire()) { data.write(io.key, io.alloc.bits) }
[warn]                  ^
[warn] /opt/spechunter/chipyard-issue-715-repairv3/generators/sifive-blocks/src/main/scala/devices/chiplink/CAM.scala:30:25: method fire in class AddMethodsToReadyValid is deprecated (since Chisel 3.5): Calling this function with an empty argument list is invalid in Scala 3. Use the form without parentheses instead
[warn]   val bypass = io.alloc.fire() && io.free.bits === io.key
[warn]                         ^
[warn] /opt/spechunter/chipyard-issue-715-repairv3/generators/sifive-blocks/src/main/scala/devices/chiplink/CAM.scala:34:26: method fire in class AddMethodsToReadyValid is deprecated (since Chisel 3.5): Calling this function with an empty argument list is invalid in Scala 3. Use the form without parentheses instead
[warn]   val clr = Mux(io.alloc.fire(), free_sel, 0.U)
[warn]                          ^
[warn] /opt/spechunter/chipyard-issue-715-repairv3/tools/rocket-dsp-utils/src/main/scala/freechips/rocketchip/amba/apb/APBMasterModel.scala:9:48: class PeekPokeTester in package iotesters is deprecated (since chisel-iotesters 2.5.0): chisel-iotesters is end-of-life. Use chiseltest instead, see https://www.chisel-lang.org/chiseltest/migrating-from-iotesters.
[warn] trait APBMasterModel extends chisel3.iotesters.PeekPokeTester[MultiIOModule] with MemMasterModel {
[warn]                                                ^
[warn] /opt/spechunter/chipyard-issue-715-repairv3/generators/sifive-blocks/src/main/scala/devices/chiplink/Parameters.scala:129:13: method fire in class AddMethodsToReadyValid is deprecated (since Chisel 3.5): Calling this function with an empty argument list is invalid in Scala 3. Use the form without parentheses instead
[warn]     when (x.fire()) { count := Mux(first, beats, count - UInt(1)) }
[warn]             ^
[warn] /opt/spechunter/chipyard-issue-715-repairv3/tools/rocket-dsp-utils/src/main/scala/freechips/rocketchip/amba/axi4/AXI4MasterModel.scala:66:31: class PeekPokeTester in package iotesters is deprecated (since chisel-iotesters 2.5.0): chisel-iotesters is end-of-life. Use chiseltest instead, see https://www.chisel-lang.org/chiseltest/migrating-from-iotesters.
[warn] trait AXI4MasterModel extends PeekPokeTester[MultiIOModule] with MemMasterModel {
[warn]                               ^
[warn] /opt/spechunter/chipyard-issue-715-repairv3/generators/sifive-blocks/src/main/scala/devices/chiplink/Partial.scala:45:16: method fire in class AddMethodsToReadyValid is deprecated (since Chisel 3.5): Calling this function with an empty argument list is invalid in Scala 3. Use the form without parentheses instead
[warn]     when (io.i.fire()) {
[warn]                ^
[warn] /opt/spechunter/chipyard-issue-715-repairv3/generators/sifive-blocks/src/main/scala/devices/chiplink/Partial.scala:96:16: method fire in class AddMethodsToReadyValid is deprecated (since Chisel 3.5): Calling this function with an empty argument list is invalid in Scala 3. Use the form without parentheses instead
[warn]     when (io.o.fire()) {
[warn]                ^
[warn] /opt/spechunter/chipyard-issue-715-repairv3/generators/sifive-blocks/src/main/scala/devices/chiplink/RX.scala:36:26: method fire in class AddMethodsToReadyValid is deprecated (since Chisel 3.5): Calling this function with an empty argument list is invalid in Scala 3. Use the form without parentheses instead
[warn]   val formatValid = beat.fire() && first
[warn]                          ^
[warn] /opt/spechunter/chipyard-issue-715-repairv3/generators/sifive-blocks/src/main/scala/devices/chiplink/RX.scala:80:22: method fire in class AddMethodsToReadyValid is deprecated (since Chisel 3.5): Calling this function with an empty argument list is invalid in Scala 3. Use the form without parentheses instead
[warn]     inc := hq.io.deq.fire().asUInt
[warn]                      ^
[warn] /opt/spechunter/chipyard-issue-715-repairv3/tools/rocket-dsp-utils/src/main/scala/freechips/rocketchip/amba/axi4stream/AXI4StreamFuzzer.scala:63:29: method fire in class AddMethodsToReadyValid is deprecated (since Chisel 3.5): Calling this function with an empty argument list is invalid in Scala 3. Use the form without parentheses instead
[warn]     val interPacketGo = out.fire() && out.bits.last
[warn]                             ^
[warn] /opt/spechunter/chipyard-issue-715-repairv3/generators/sifive-blocks/src/main/scala/devices/chiplink/RX.scala:89:15: method fire in class AddMethodsToReadyValid is deprecated (since Chisel 3.5): Calling this function with an empty argument list is invalid in Scala 3. Use the form without parentheses instead
[warn]   when (txOut.fire()) { tx := txInc }
[warn]               ^
[warn] /opt/spechunter/chipyard-issue-715-repairv3/tools/rocket-dsp-utils/src/main/scala/freechips/rocketchip/amba/axi4stream/AXI4StreamFuzzer.scala:64:29: method fire in class AddMethodsToReadyValid is deprecated (since Chisel 3.5): Calling this function with an empty argument list is invalid in Scala 3. Use the form without parentheses instead
[warn]     val intraPacketGo = out.fire() && !out.bits.last
[warn]                             ^
[warn] /opt/spechunter/chipyard-issue-715-repairv3/generators/sifive-blocks/src/main/scala/devices/chiplink/RX.scala:90:15: method fire in class AddMethodsToReadyValid is deprecated (since Chisel 3.5): Calling this function with an empty argument list is invalid in Scala 3. Use the form without parentheses instead
[warn]   when (rxOut.fire()) { rx := rxInc }
[warn]               ^
[warn] /opt/spechunter/chipyard-issue-715-repairv3/tools/rocket-dsp-utils/src/main/scala/freechips/rocketchip/amba/axi4stream/AXI4StreamFuzzer.scala:90:68: method fire in class AddMethodsToReadyValid is deprecated (since Chisel 3.5): Calling this function with an empty argument list is invalid in Scala 3. Use the form without parentheses instead
[warn]     val (transactionCounter, transactionCounterDone) = Counter(out.fire(), nTransactions)
[warn]                                                                    ^
[warn] /opt/spechunter/chipyard-issue-715-repairv3/generators/sifive-blocks/src/main/scala/devices/chiplink/SinkA.scala:35:14: method fire in class AddMethodsToReadyValid is deprecated (since Chisel 3.5): Calling this function with an empty argument list is invalid in Scala 3. Use the form without parentheses instead
[warn]   when (io.q.fire()) {
[warn]              ^
[warn] /opt/spechunter/chipyard-issue-715-repairv3/generators/sifive-blocks/src/main/scala/devices/chiplink/SinkB.scala:30:14: method fire in class AddMethodsToReadyValid is deprecated (since Chisel 3.5): Calling this function with an empty argument list is invalid in Scala 3. Use the form without parentheses instead
[warn]   when (io.q.fire()) {
[warn]              ^
[warn] /opt/spechunter/chipyard-issue-715-repairv3/tools/rocket-dsp-utils/src/main/scala/freechips/rocketchip/amba/axi4stream/AXI4StreamModel.scala:106:64: class PeekPokeTester in package iotesters is deprecated (since chisel-iotesters 2.5.0): chisel-iotesters is end-of-life. Use chiseltest instead, see https://www.chisel-lang.org/chiseltest/migrating-from-iotesters.
[warn] class AXI4StreamPeekPokeMaster(port: AXI4StreamBundle, tester: PeekPokeTester[_]) {
[warn]                                                                ^
[warn] /opt/spechunter/chipyard-issue-715-repairv3/generators/sifive-blocks/src/main/scala/devices/chiplink/SinkC.scala:32:14: method fire in class AddMethodsToReadyValid is deprecated (since Chisel 3.5): Calling this function with an empty argument list is invalid in Scala 3. Use the form without parentheses instead
[warn]   when (io.q.fire()) {
[warn]              ^
[warn] /opt/spechunter/chipyard-issue-715-repairv3/tools/rocket-dsp-utils/src/main/scala/freechips/rocketchip/amba/axi4stream/AXI4StreamModel.scala:159:63: class PeekPokeTester in package iotesters is deprecated (since chisel-iotesters 2.5.0): chisel-iotesters is end-of-life. Use chiseltest instead, see https://www.chisel-lang.org/chiseltest/migrating-from-iotesters.
[warn] class AXI4StreamPeekPokeSlave(port: AXI4StreamBundle, tester: PeekPokeTester[_]) {
[warn]                                                               ^
[warn] /opt/spechunter/chipyard-issue-715-repairv3/tools/rocket-dsp-utils/src/main/scala/freechips/rocketchip/amba/axi4stream/AXI4StreamModel.scala:245:37: class PeekPokeTester in package iotesters is deprecated (since chisel-iotesters 2.5.0): chisel-iotesters is end-of-life. Use chiseltest instead, see https://www.chisel-lang.org/chiseltest/migrating-from-iotesters.
[warn] trait AXI4StreamMasterModel extends PeekPokeTester[MultiIOModule] {
[warn]                                     ^
[warn] /opt/spechunter/chipyard-issue-715-repairv3/tools/rocket-dsp-utils/src/main/scala/freechips/rocketchip/amba/axi4stream/AXI4StreamModel.scala:287:36: class PeekPokeTester in package iotesters is deprecated (since chisel-iotesters 2.5.0): chisel-iotesters is end-of-life. Use chiseltest instead, see https://www.chisel-lang.org/chiseltest/migrating-from-iotesters.
[warn] trait AXI4StreamSlaveModel extends PeekPokeTester[MultiIOModule] {
[warn]                                    ^
[warn] /opt/spechunter/chipyard-issue-715-repairv3/generators/sifive-blocks/src/main/scala/devices/chiplink/SinkD.scala:30:14: method fire in class AddMethodsToReadyValid is deprecated (since Chisel 3.5): Calling this function with an empty argument list is invalid in Scala 3. Use the form without parentheses instead
[warn]   when (io.q.fire()) {
[warn]              ^
[warn] /opt/spechunter/chipyard-issue-715-repairv3/generators/sifive-blocks/src/main/scala/devices/chiplink/SinkD.scala:40:31: method fire in class AddMethodsToReadyValid is deprecated (since Chisel 3.5): Calling this function with an empty argument list is invalid in Scala 3. Use the form without parentheses instead
[warn]   io.a_tlSource.valid := io.q.fire() && state === s_header && !relack
[warn]                               ^
[warn] /opt/spechunter/chipyard-issue-715-repairv3/generators/sifive-blocks/src/main/scala/devices/chiplink/SinkD.scala:42:31: method fire in class AddMethodsToReadyValid is deprecated (since Chisel 3.5): Calling this function with an empty argument list is invalid in Scala 3. Use the form without parentheses instead
[warn]   io.c_tlSource.valid := io.q.fire() && state === s_header &&  relack
[warn]                               ^
[warn] /opt/spechunter/chipyard-issue-715-repairv3/generators/sifive-blocks/src/main/scala/devices/chiplink/SinkE.scala:17:29: method fire in class AddMethodsToReadyValid is deprecated (since Chisel 3.5): Calling this function with an empty argument list is invalid in Scala 3. Use the form without parentheses instead
[warn]   io.d_tlSink.valid := io.e.fire()
[warn]                             ^
[warn] /opt/spechunter/chipyard-issue-715-repairv3/generators/sifive-blocks/src/main/scala/devices/chiplink/SourceA.scala:45:50: method fire in class AddMethodsToReadyValid is deprecated (since Chisel 3.5): Calling this function with an empty argument list is invalid in Scala 3. Use the form without parentheses instead
[warn]   val a_first = RegEnable(state =/= s_data, io.q.fire())
[warn]                                                  ^
[warn] /opt/spechunter/chipyard-issue-715-repairv3/generators/sifive-blocks/src/main/scala/devices/chiplink/SourceA.scala:47:14: method fire in class AddMethodsToReadyValid is deprecated (since Chisel 3.5): Calling this function with an empty argument list is invalid in Scala 3. Use the form without parentheses instead
[warn]   when (io.q.fire()) {
[warn]              ^
[warn] /opt/spechunter/chipyard-issue-715-repairv3/generators/sifive-blocks/src/main/scala/devices/chiplink/SourceB.scala:40:50: method fire in class AddMethodsToReadyValid is deprecated (since Chisel 3.5): Calling this function with an empty argument list is invalid in Scala 3. Use the form without parentheses instead
[warn]   val b_first = RegEnable(state =/= s_data, io.q.fire())
[warn]                                                  ^
[warn] /opt/spechunter/chipyard-issue-715-repairv3/generators/sifive-blocks/src/main/scala/devices/chiplink/SourceB.scala:42:14: method fire in class AddMethodsToReadyValid is deprecated (since Chisel 3.5): Calling this function with an empty argument list is invalid in Scala 3. Use the form without parentheses instead
[warn]   when (io.q.fire()) {
[warn]              ^
[warn] /opt/spechunter/chipyard-issue-715-repairv3/generators/sifive-blocks/src/main/scala/devices/chiplink/SourceC.scala:43:50: method fire in class AddMethodsToReadyValid is deprecated (since Chisel 3.5): Calling this function with an empty argument list is invalid in Scala 3. Use the form without parentheses instead
[warn]   val c_first = RegEnable(state =/= s_data, io.q.fire())
[warn]                                                  ^
[warn] /opt/spechunter/chipyard-issue-715-repairv3/tools/rocket-dsp-utils/src/main/scala/freechips/rocketchip/amba/axi4stream/DMA.scala:96:16: method fire in class AddMethodsToReadyValid is deprecated (since Chisel 3.5): Calling this function with an empty argument list is invalid in Scala 3. Use the form without parentheses instead
[warn]   when (io.out.fire()) {
[warn]                ^
[warn] /opt/spechunter/chipyard-issue-715-repairv3/tools/rocket-dsp-utils/src/main/scala/freechips/rocketchip/amba/axi4stream/DMA.scala:100:15: method fire in class AddMethodsToReadyValid is deprecated (since Chisel 3.5): Calling this function with an empty argument list is invalid in Scala 3. Use the form without parentheses instead
[warn]   when (io.in.fire()) {
[warn]               ^
[warn] /opt/spechunter/chipyard-issue-715-repairv3/generators/sifive-blocks/src/main/scala/devices/chiplink/SourceC.scala:45:14: method fire in class AddMethodsToReadyValid is deprecated (since Chisel 3.5): Calling this function with an empty argument list is invalid in Scala 3. Use the form without parentheses instead
[warn]   when (io.q.fire()) {
[warn]              ^
[warn] /opt/spechunter/chipyard-issue-715-repairv3/tools/rocket-dsp-utils/src/main/scala/freechips/rocketchip/amba/axi4stream/DMA.scala:217:36: method fire in class AddMethodsToReadyValid is deprecated (since Chisel 3.5): Calling this function with an empty argument list is invalid in Scala 3. Use the form without parentheses instead
[warn]     when (memToStreamSimple.io.out.fire()) {
[warn]                                    ^
[warn] /opt/spechunter/chipyard-issue-715-repairv3/generators/sifive-blocks/src/main/scala/devices/chiplink/SourceD.scala:48:50: method fire in class AddMethodsToReadyValid is deprecated (since Chisel 3.5): Calling this function with an empty argument list is invalid in Scala 3. Use the form without parentheses instead
[warn]   val d_first = RegEnable(state =/= s_data, io.q.fire())
[warn]                                                  ^
[warn] /opt/spechunter/chipyard-issue-715-repairv3/generators/sifive-blocks/src/main/scala/devices/chiplink/SourceD.scala:51:14: method fire in class AddMethodsToReadyValid is deprecated (since Chisel 3.5): Calling this function with an empty argument list is invalid in Scala 3. Use the form without parentheses instead
[warn]   when (io.q.fire()) {
[warn]              ^
[warn] /opt/spechunter/chipyard-issue-715-repairv3/tools/rocket-dsp-utils/src/main/scala/freechips/rocketchip/amba/axi4stream/DMA.scala:226:36: method fire in class AddMethodsToReadyValid is deprecated (since Chisel 3.5): Calling this function with an empty argument list is invalid in Scala 3. Use the form without parentheses instead
[warn]     when (streamToMemSimple.io.out.fire()) {
[warn]                                    ^
[warn] /opt/spechunter/chipyard-issue-715-repairv3/tools/rocket-dsp-utils/src/main/scala/freechips/rocketchip/amba/axi4stream/DMA.scala:256:17: method fire in class AddMethodsToReadyValid is deprecated (since Chisel 3.5): Calling this function with an empty argument list is invalid in Scala 3. Use the form without parentheses instead
[warn]     when (axi.r.fire()) {
[warn]                 ^
[warn] /opt/spechunter/chipyard-issue-715-repairv3/tools/rocket-dsp-utils/src/main/scala/freechips/rocketchip/amba/axi4stream/DMA.scala:270:35: method fire in class AddMethodsToReadyValid is deprecated (since Chisel 3.5): Calling this function with an empty argument list is invalid in Scala 3. Use the form without parentheses instead
[warn]     axi.w.bits.last := Mux(axi.aw.fire(), // check if single beat
[warn]                                   ^
[warn] /opt/spechunter/chipyard-issue-715-repairv3/tools/rocket-dsp-utils/src/main/scala/freechips/rocketchip/amba/axi4stream/DMA.scala:286:17: method fire in class AddMethodsToReadyValid is deprecated (since Chisel 3.5): Calling this function with an empty argument list is invalid in Scala 3. Use the form without parentheses instead
[warn]     when (axi.w.fire()) {
[warn]                 ^
[warn] /opt/spechunter/chipyard-issue-715-repairv3/tools/rocket-dsp-utils/src/main/scala/freechips/rocketchip/amba/axi4stream/DMA.scala:296:17: method fire in class AddMethodsToReadyValid is deprecated (since Chisel 3.5): Calling this function with an empty argument list is invalid in Scala 3. Use the form without parentheses instead
[warn]     when (axi.b.fire()) {
[warn]                 ^
[warn] /opt/spechunter/chipyard-issue-715-repairv3/generators/sifive-blocks/src/main/scala/devices/chiplink/StuckSnooper.scala:61:45: method fire in class AddMethodsToReadyValid is deprecated (since Chisel 3.5): Calling this function with an empty argument list is invalid in Scala 3. Use the form without parentheses instead
[warn]     divertprobes := divertprobes && ~(in1.a.fire() && (in1.a.bits.opcode === TLMessages.AcquireBlock || in1.a.bits.opcode === TLMessages.AcquirePerm))
[warn]                                             ^
[warn] /opt/spechunter/chipyard-issue-715-repairv3/generators/sifive-blocks/src/main/scala/devices/chiplink/TX.scala:50:54: method fire in class AddMethodsToReadyValid is deprecated (since Chisel 3.5): Calling this function with an empty argument list is invalid in Scala 3. Use the form without parentheses instead
[warn]     val first = RegEnable(q.bits.last, Bool(true), q.fire())
[warn]                                                      ^
[warn] /opt/spechunter/chipyard-issue-715-repairv3/generators/sifive-blocks/src/main/scala/devices/chiplink/TX.scala:53:21: method fire in class AddMethodsToReadyValid is deprecated (since Chisel 3.5): Calling this function with an empty argument list is invalid in Scala 3. Use the form without parentheses instead
[warn]     credit := Mux(q.fire() && first, delta, credit) + Mux(txInc.fire(), gain, UInt(0))
[warn]                     ^
[warn] /opt/spechunter/chipyard-issue-715-repairv3/generators/sifive-blocks/src/main/scala/devices/chiplink/TX.scala:53:65: method fire in class AddMethodsToReadyValid is deprecated (since Chisel 3.5): Calling this function with an empty argument list is invalid in Scala 3. Use the form without parentheses instead
[warn]     credit := Mux(q.fire() && first, delta, credit) + Mux(txInc.fire(), gain, UInt(0))
[warn]                                                                 ^
[warn] /opt/spechunter/chipyard-issue-715-repairv3/generators/sifive-blocks/src/main/scala/devices/chiplink/TX.scala:69:24: method fire in class AddMethodsToReadyValid is deprecated (since Chisel 3.5): Calling this function with an empty argument list is invalid in Scala 3. Use the form without parentheses instead
[warn]   rx := Mux(rxQ.io.enq.fire(), rxLeft, rx) + Mux(rxInc.fire(), rxInc.bits, CreditBump(info.params, 0))
[warn]                        ^
[warn] /opt/spechunter/chipyard-issue-715-repairv3/generators/sifive-blocks/src/main/scala/devices/chiplink/TX.scala:69:56: method fire in class AddMethodsToReadyValid is deprecated (since Chisel 3.5): Calling this function with an empty argument list is invalid in Scala 3. Use the form without parentheses instead
[warn]   rx := Mux(rxQ.io.enq.fire(), rxLeft, rx) + Mux(rxInc.fire(), rxInc.bits, CreditBump(info.params, 0))
[warn]                                                        ^
[warn] /opt/spechunter/chipyard-issue-715-repairv3/generators/sifive-blocks/src/main/scala/devices/chiplink/TX.scala:82:11: method fire in class AddMethodsToReadyValid is deprecated (since Chisel 3.5): Calling this function with an empty argument list is invalid in Scala 3. Use the form without parentheses instead
[warn]   when (f.fire()) { xmit := ~UInt(0, width = xmitBits) }
[warn]           ^
[warn] /opt/spechunter/chipyard-issue-715-repairv3/generators/sifive-blocks/src/main/scala/devices/mockaon/MockAON.scala:53:40: type MultiIOModule in package chisel3 is deprecated (since Chisel 3.5): MultiIOModule is now just Module
[warn] trait HasMockAONModuleContents extends MultiIOModule with HasRegMap {
[warn]                                        ^
[warn] /opt/spechunter/chipyard-issue-715-repairv3/tools/rocket-dsp-utils/src/main/scala/freechips/rocketchip/jtag2mm/JtagToMaster.scala:133:11: method apply in object TLClientPortParameters is deprecated: Use TLMasterPortParameters.v1 instead of TLClientPortParameters
[warn]       Seq(TLClientPortParameters(Seq(TLClientParameters(name = "JTAGToMasterOut", sourceId = IdRange(0, 4)))))
[warn]           ^
[warn] /opt/spechunter/chipyard-issue-715-repairv3/tools/rocket-dsp-utils/src/main/scala/freechips/rocketchip/jtag2mm/JtagToMaster.scala:133:38: method apply in object TLClientParameters is deprecated: Use TLMasterParameters.v1 instead of TLClientParameters
[warn]       Seq(TLClientPortParameters(Seq(TLClientParameters(name = "JTAGToMasterOut", sourceId = IdRange(0, 4)))))
[warn]                                      ^
[warn] /opt/spechunter/chipyard-issue-715-repairv3/tools/rocket-dsp-utils/src/main/scala/freechips/rocketchip/jtag2mm/JtagToMaster.scala:468:23: method apply in object TLManagerParameters is deprecated: Use TLSlaveParameters.v1 instead of TLManagerParameters
[warn]   val managerParams = TLManagerParameters(
[warn]                       ^
[warn] /opt/spechunter/chipyard-issue-715-repairv3/generators/sifive-blocks/src/main/scala/devices/mockaon/RTC.scala:12:19: type MultiIOModule in package chisel3 is deprecated (since Chisel 3.5): MultiIOModule is now just Module
[warn] class RTC extends MultiIOModule with GenericTimer {
[warn]                   ^
[warn] /opt/spechunter/chipyard-issue-715-repairv3/generators/sifive-blocks/src/main/scala/devices/mockaon/WatchdogTimer.scala:24:29: type MultiIOModule in package chisel3 is deprecated (since Chisel 3.5): MultiIOModule is now just Module
[warn] class WatchdogTimer extends MultiIOModule with GenericTimer {
[warn]                             ^
[warn] /opt/spechunter/chipyard-issue-715-repairv3/tools/rocket-dsp-utils/src/main/scala/freechips/rocketchip/jtag2mm/TestMultiplexer.scala:62:24: method apply in object TLClientParameters is deprecated: Use TLMasterParameters.v1 instead of TLClientParameters
[warn]     val clientParams = TLClientParameters(
[warn]                        ^
[warn] /opt/spechunter/chipyard-issue-715-repairv3/tools/rocket-dsp-utils/src/main/scala/freechips/rocketchip/jtag2mm/TestMultiplexer.scala:80:31: method apply in object TLClientPortParameters is deprecated: Use TLMasterPortParameters.v1 instead of TLClientPortParameters
[warn]         m := BundleBridgeToTL(TLClientPortParameters(Seq(clientParams))) := ioMemNode
[warn]                               ^
[warn] /opt/spechunter/chipyard-issue-715-repairv3/generators/sifive-blocks/src/main/scala/devices/msi/MSIMaster.scala:63:16: method fire in class AddMethodsToReadyValid is deprecated (since Chisel 3.5): Calling this function with an empty argument list is invalid in Scala 3. Use the form without parentheses instead
[warn]     when (io.a.fire()) {
[warn]                ^
[warn] /opt/spechunter/chipyard-issue-715-repairv3/generators/sifive-blocks/src/main/scala/devices/msi/MSIMaster.scala:70:16: method fire in class AddMethodsToReadyValid is deprecated (since Chisel 3.5): Calling this function with an empty argument list is invalid in Scala 3. Use the form without parentheses instead
[warn]     when (io.d.fire()) {
[warn]                ^
[warn] /opt/spechunter/chipyard-issue-715-repairv3/tools/rocket-dsp-utils/src/main/scala/freechips/rocketchip/tilelink/Node.scala:20:30: method apply in object TLManagerPortParameters is deprecated: Use TLSlavePortParameters.v1 instead of TLManagerPortParameters
[warn]     new TLToBundleBridgeNode(TLManagerPortParameters(Seq(managerParams), beatBytes))
[warn]                              ^
[warn] /opt/spechunter/chipyard-issue-715-repairv3/tools/rocket-dsp-utils/src/main/scala/freechips/rocketchip/tilelink/Node.scala:38:11: method apply in object TLManagerPortParameters is deprecated: Use TLSlavePortParameters.v1 instead of TLManagerPortParameters
[warn]     apply(TLManagerPortParameters(Seq(managerParams), beatBytes))
[warn]           ^
[warn] /opt/spechunter/chipyard-issue-715-repairv3/tools/rocket-dsp-utils/src/main/scala/freechips/rocketchip/tilelink/Node.scala:52:26: method apply in object TLClientPortParameters is deprecated: Use TLMasterPortParameters.v1 instead of TLClientPortParameters
[warn]     BundleBridgeToTLNode(TLClientPortParameters(Seq(clientParams), beatBytes))
[warn]                          ^
[warn] /opt/spechunter/chipyard-issue-715-repairv3/tools/rocket-dsp-utils/src/main/scala/freechips/rocketchip/tilelink/Node.scala:71:11: method apply in object TLClientPortParameters is deprecated: Use TLMasterPortParameters.v1 instead of TLClientPortParameters
[warn]     apply(TLClientPortParameters(Seq(clientParams), beatBytes))
[warn]           ^
[warn] /opt/spechunter/chipyard-issue-715-repairv3/generators/sifive-blocks/src/main/scala/devices/pwm/PWM.scala:24:95: type MultiIOModule in package chisel3 is deprecated (since Chisel 3.5): MultiIOModule is now just Module
[warn] class PWMTimer(val ncmp: Int = 4, val cmpWidth: Int = 16, val prefix: String = "pwm") extends MultiIOModule with GenericTimer {
[warn]                                                                                               ^
[warn] /opt/spechunter/chipyard-issue-715-repairv3/tools/rocket-dsp-utils/src/main/scala/freechips/rocketchip/tilelink/TestIP.scala:50:47: class PeekPokeTester in package iotesters is deprecated (since chisel-iotesters 2.5.0): chisel-iotesters is end-of-life. Use chiseltest instead, see https://www.chisel-lang.org/chiseltest/migrating-from-iotesters.
[warn] trait TLMasterModel extends chisel3.iotesters.PeekPokeTester[MultiIOModule] with MemMasterModel {
[warn]                                               ^
[warn] /opt/spechunter/chipyard-issue-715-repairv3/generators/sifive-blocks/src/main/scala/devices/spi/SPIFIFO.scala:27:28: method fire in class AddMethodsToReadyValid is deprecated (since Chisel 3.5): Calling this function with an empty argument list is invalid in Scala 3. Use the form without parentheses instead
[warn]   val fire_tx = io.link.tx.fire()
[warn]                            ^
[warn] /opt/spechunter/chipyard-issue-715-repairv3/generators/sifive-blocks/src/main/scala/devices/spi/SPIFIFO.scala:28:28: method fire in class Valid is deprecated (since Chisel 3.5): Calling this function with an empty argument list is invalid in Scala 3. Use the form without parentheses instead
[warn]   val fire_rx = io.link.rx.fire()
[warn]                            ^
[warn] /opt/spechunter/chipyard-issue-715-repairv3/generators/sifive-blocks/src/main/scala/devices/spi/SPIFlash.scala:88:22: method fire in class AddMethodsToReadyValid is deprecated (since Chisel 3.5): Calling this function with an empty argument list is invalid in Scala 3. Use the form without parentheses instead
[warn]     when (io.link.tx.fire()) {
[warn]                      ^
[warn] /opt/spechunter/chipyard-issue-715-repairv3/generators/sifive-blocks/src/main/scala/devices/spi/SPIFlash.scala:163:21: method fire in class AddMethodsToReadyValid is deprecated (since Chisel 3.5): Calling this function with an empty argument list is invalid in Scala 3. Use the form without parentheses instead
[warn]       when (io.data.fire()) {
[warn]                     ^
[warn] /opt/spechunter/chipyard-issue-715-repairv3/generators/sifive-blocks/src/main/scala/devices/spi/SPIMedia.scala:87:20: method fire in class AddMethodsToReadyValid is deprecated (since Chisel 3.5): Calling this function with an empty argument list is invalid in Scala 3. Use the form without parentheses instead
[warn]           when (op.fire()) {
[warn]                    ^
[warn] /opt/spechunter/chipyard-issue-715-repairv3/generators/sifive-blocks/src/main/scala/devices/spi/TLSPI.scala:98:95: method litValue in class Data is deprecated (since Chisel 3.5): Calling this function with an empty argument list is invalid in Scala 3. Use the form without parentheses instead
[warn]                          RegFieldDesc("csmode", "Chip select mode", reset=Some(SPICSMode.Auto.litValue())))),
[warn]                                                                                               ^
[warn] /opt/spechunter/chipyard-issue-715-repairv3/generators/sifive-blocks/src/main/scala/devices/spi/TLSPI.scala:110:83: method litValue in class Data is deprecated (since Chisel 3.5): Calling this function with an empty argument list is invalid in Scala 3. Use the form without parentheses instead
[warn]                RegFieldDesc("proto","SPI Protocol", reset=Some(SPIProtocol.Single.litValue()))),
[warn]                                                                                   ^
[warn] /opt/spechunter/chipyard-issue-715-repairv3/generators/sifive-blocks/src/main/scala/devices/spi/TLSPI.scala:112:81: method litValue in class Data is deprecated (since Chisel 3.5): Calling this function with an empty argument list is invalid in Scala 3. Use the form without parentheses instead
[warn]                RegFieldDesc("endian","SPI Endianness", reset=Some(SPIEndian.MSB.litValue()))),
[warn]                                                                                 ^
[warn] /opt/spechunter/chipyard-issue-715-repairv3/generators/sifive-blocks/src/main/scala/devices/spi/TLSPI.scala:114:85: method litValue in class Data is deprecated (since Chisel 3.5): Calling this function with an empty argument list is invalid in Scala 3. Use the form without parentheses instead
[warn]                RegFieldDesc("iodir","SPI I/O Direction", reset=Some(SPIDirection.Rx.litValue()))))),
[warn]                                                                                     ^
[warn] /opt/spechunter/chipyard-issue-715-repairv3/generators/sifive-blocks/src/main/scala/devices/spi/TLSPIFlash.scala:68:13: method fire in class AddMethodsToReadyValid is deprecated (since Chisel 3.5): Calling this function with an empty argument list is invalid in Scala 3. Use the form without parentheses instead
[warn]   when (f.a.fire()) {
[warn]             ^
[warn] /opt/spechunter/chipyard-issue-715-repairv3/generators/sifive-blocks/src/main/scala/devices/uart/UARTTx.scala:36:15: method fire in class AddMethodsToReadyValid is deprecated (since Chisel 3.5): Calling this function with an empty argument list is invalid in Scala 3. Use the form without parentheses instead
[warn]   when (io.in.fire()) {
[warn]               ^
[warn] /opt/spechunter/chipyard-issue-715-repairv3/generators/sifive-blocks/src/main/scala/devices/uart/UARTTx.scala:39:15: method fire in class AddMethodsToReadyValid is deprecated (since Chisel 3.5): Calling this function with an empty argument list is invalid in Scala 3. Use the form without parentheses instead
[warn]   when (io.in.fire() && plusarg_tx) {
[warn]               ^
[warn] there were 254 feature warnings; re-run with -feature for details
[warn] one warning found
[info] done compiling
[warn] /opt/spechunter/chipyard-issue-715-repairv3/generators/hwacha/src/main/scala/types-vxu.scala:265:7: Unable to determine primary constructor!
[warn] trait MicroOp extends BankPred with Rate
[warn]       ^
[warn] there were 56 feature warnings; re-run with -feature for details
[warn] 45 warnings found
[info] done compiling
[info] compiling 7 Scala sources to /opt/spechunter/chipyard-issue-715-repairv3/generators/fft-generator/target/scala-2.12/classes ...
[warn] there were 760 feature warnings; re-run with -feature for details
[warn] 70 warnings found
[info] done compiling
[info] compiling 25 Scala sources to /opt/spechunter/chipyard-issue-715-repairv3/generators/testchipip/target/scala-2.12/classes ...
[warn] /opt/spechunter/chipyard-issue-715-repairv3/generators/fft-generator/src/main/scala/Tail.scala:152:10: method toVariableWidthSlave in trait CanAttachTLSlaves is deprecated (since rocket-chip 1.3): Replace with e.g. bus.coupleTo(s"slave_named_${name}"){ slave.controlXing(NoCrossing) :*= TLFragmenter(bus.beatBytes, bus.blockBytes) :*= _ }
[warn]     pbus.toVariableWidthSlave(Some("tailWrite")) { tailChain.node }
[warn]          ^
[warn] one warning found
[info] done compiling
[warn] /opt/spechunter/chipyard-issue-715-repairv3/generators/testchipip/src/main/scala/BlockDevice.scala:463:13: method toVariableWidthSlave in trait CanAttachTLSlaves is deprecated (since rocket-chip 1.3): Replace with e.g. bus.coupleTo(s"slave_named_${name}"){ slave.controlXing(NoCrossing) :*= TLFragmenter(bus.beatBytes, bus.blockBytes) :*= _ }
[warn]     manager.toVariableWidthSlave(Some(portName)) { controller.mmio }
[warn]             ^
[warn] /opt/spechunter/chipyard-issue-715-repairv3/generators/testchipip/src/main/scala/BootAddrReg.scala:32:11: method toVariableWidthSlave in trait CanAttachTLSlaves is deprecated (since rocket-chip 1.3): Replace with e.g. bus.coupleTo(s"slave_named_${name}"){ slave.controlXing(NoCrossing) :*= TLFragmenter(bus.beatBytes, bus.blockBytes) :*= _ }
[warn]     tlbus.toVariableWidthSlave(Some("boot-address-reg")) { node }
[warn]           ^
[warn] /opt/spechunter/chipyard-issue-715-repairv3/generators/testchipip/src/main/scala/SPIFlash.scala:35:20: method append in object PlusArgArtefacts is deprecated (since Rocket Chip 2020.05): Use `Some(BigInt)` to specify a `default` value. This will be removed in Rocket Chip 2020.08
[warn]   PlusArgArtefacts.append(SPIFlashPlusarg(id), 0, s"Binary image to mount to SPI flash memory ${id}")
[warn]                    ^
[warn] /opt/spechunter/chipyard-issue-715-repairv3/generators/testchipip/src/main/scala/Scratchpad.scala:24:10: method toVariableWidthSlave in trait CanAttachTLSlaves is deprecated (since rocket-chip 1.3): Replace with e.g. bus.coupleTo(s"slave_named_${name}"){ slave.controlXing(NoCrossing) :*= TLFragmenter(bus.beatBytes, bus.blockBytes) :*= _ }
[warn]     mbus.toVariableWidthSlave(Some(portName)) { spad.node }
[warn]          ^
[warn] /opt/spechunter/chipyard-issue-715-repairv3/generators/testchipip/src/main/scala/TileResetCtrl.scala:28:11: method toVariableWidthSlave in trait CanAttachTLSlaves is deprecated (since rocket-chip 1.3): Replace with e.g. bus.coupleTo(s"slave_named_${name}"){ slave.controlXing(NoCrossing) :*= TLFragmenter(bus.beatBytes, bus.blockBytes) :*= _ }
[warn]     tlbus.toVariableWidthSlave(Some("tile-reset-ctrl")) { resetCtrl.node := TLBuffer() }
[warn]           ^
[warn] there were 514 feature warnings; re-run with -feature for details
[warn] 6 warnings found
[info] done compiling
[info] compiling 55 Scala sources to /opt/spechunter/chipyard-issue-715-repairv3/generators/boom/target/scala-2.12/classes ...
[info] compiling 15 Scala sources to /opt/spechunter/chipyard-issue-715-repairv3/generators/icenet/target/scala-2.12/classes ...
[info] compiling 53 Scala sources to /opt/spechunter/chipyard-issue-715-repairv3/generators/gemmini/target/scala-2.12/classes ...
[warn] there were 3047 feature warnings; re-run with -feature for details
[warn] two warnings found
[info] done compiling
[warn] /opt/spechunter/chipyard-issue-715-repairv3/generators/icenet/src/main/scala/NIC.scala:552:13: method toVariableWidthSlave in trait CanAttachTLSlaves is deprecated (since rocket-chip 1.3): Replace with e.g. bus.coupleTo(s"slave_named_${name}"){ slave.controlXing(NoCrossing) :*= TLFragmenter(bus.beatBytes, bus.blockBytes) :*= _ }
[warn]     manager.toVariableWidthSlave(Some(portName)) { icenic.mmionode }
[warn]             ^
[warn] there were 643 feature warnings; re-run with -feature for details
[warn] two warnings found
[info] done compiling
[warn] /opt/spechunter/chipyard-issue-715-repairv3/generators/gemmini/src/main/scala/gemmini/VectorScalarMultiplier.scala:135:32: unreachable code
[warn]             case b: Bool => 1.U(1.W)
[warn]                                ^
[warn] /opt/spechunter/chipyard-issue-715-repairv3/generators/gemmini/src/main/scala/gemmini/DMA.scala:326:16: method apply in object SynthesizePrintf is deprecated (since FireSim 1.14): This method will be removed. Annotate the printf statement directly
[warn]         printf(SynthesizePrintf("RDMA bytes rec: %d\n", total_bytes_read))
[warn]                ^
[warn] /opt/spechunter/chipyard-issue-715-repairv3/generators/gemmini/src/main/scala/gemmini/DMA.scala:638:16: method apply in object SynthesizePrintf is deprecated (since FireSim 1.14): This method will be removed. Annotate the printf statement directly
[warn]         printf(SynthesizePrintf("WDMA bytes sent: %d\n", total_bytes_sent))
[warn]                ^
[warn] /opt/spechunter/chipyard-issue-715-repairv3/generators/gemmini/src/main/scala/gemmini/DMA.scala:639:16: method apply in object SynthesizePrintf is deprecated (since FireSim 1.14): This method will be removed. Annotate the printf statement directly
[warn]         printf(SynthesizePrintf("WDMA total latency: %d\n", total_latency))
[warn]                ^
[warn] /opt/spechunter/chipyard-issue-715-repairv3/generators/gemmini/src/main/scala/gemmini/ReservationStation.scala:485:14: method apply in object SynthesizePrintf is deprecated (since FireSim 1.14): This method will be removed. Annotate the printf statement directly
[warn]       printf(SynthesizePrintf("Utilization: %d\n", utilization))
[warn]              ^
[warn] /opt/spechunter/chipyard-issue-715-repairv3/generators/gemmini/src/main/scala/gemmini/ReservationStation.scala:486:14: method apply in object SynthesizePrintf is deprecated (since FireSim 1.14): This method will be removed. Annotate the printf statement directly
[warn]       printf(SynthesizePrintf("Utilization ld q (incomplete): %d\n", utilization_ld_q_unissued))
[warn]              ^
[warn] /opt/spechunter/chipyard-issue-715-repairv3/generators/gemmini/src/main/scala/gemmini/ReservationStation.scala:487:14: method apply in object SynthesizePrintf is deprecated (since FireSim 1.14): This method will be removed. Annotate the printf statement directly
[warn]       printf(SynthesizePrintf("Utilization st q (incomplete): %d\n", utilization_st_q_unissued))
[warn]              ^
[warn] /opt/spechunter/chipyard-issue-715-repairv3/generators/gemmini/src/main/scala/gemmini/ReservationStation.scala:488:14: method apply in object SynthesizePrintf is deprecated (since FireSim 1.14): This method will be removed. Annotate the printf statement directly
[warn]       printf(SynthesizePrintf("Utilization ex q (incomplete): %d\n", utilization_ex_q_unissued))
[warn]              ^
[warn] /opt/spechunter/chipyard-issue-715-repairv3/generators/gemmini/src/main/scala/gemmini/ReservationStation.scala:489:14: method apply in object SynthesizePrintf is deprecated (since FireSim 1.14): This method will be removed. Annotate the printf statement directly
[warn]       printf(SynthesizePrintf("Utilization ld q: %d\n", utilization_ld_q))
[warn]              ^
[warn] /opt/spechunter/chipyard-issue-715-repairv3/generators/gemmini/src/main/scala/gemmini/ReservationStation.scala:490:14: method apply in object SynthesizePrintf is deprecated (since FireSim 1.14): This method will be removed. Annotate the printf statement directly
[warn]       printf(SynthesizePrintf("Utilization st q: %d\n", utilization_st_q))
[warn]              ^
[warn] /opt/spechunter/chipyard-issue-715-repairv3/generators/gemmini/src/main/scala/gemmini/ReservationStation.scala:491:14: method apply in object SynthesizePrintf is deprecated (since FireSim 1.14): This method will be removed. Annotate the printf statement directly
[warn]       printf(SynthesizePrintf("Utilization ex q: %d\n", utilization_ex_q))
[warn]              ^
[warn] /opt/spechunter/chipyard-issue-715-repairv3/generators/gemmini/src/main/scala/gemmini/XactTracker.scala:106:14: method apply in object SynthesizePrintf is deprecated (since FireSim 1.14): This method will be removed. Annotate the printf statement directly
[warn]       printf(SynthesizePrintf("RDMA total latency: %d\n", total_latency))
[warn]              ^
[warn] /opt/spechunter/chipyard-issue-715-repairv3/generators/constellation/src/main/scala/channel/WidthWidget.scala:26:15: method fire in class AddMethodsToReadyValid is deprecated (since Chisel 3.5): Calling this function with an empty argument list is invalid in Scala 3. Use the form without parentheses instead
[warn]     when (out.fire()) {
[warn]               ^
[warn] /opt/spechunter/chipyard-issue-715-repairv3/generators/constellation/src/main/scala/channel/WidthWidget.scala:48:14: method fire in class AddMethodsToReadyValid is deprecated (since Chisel 3.5): Calling this function with an empty argument list is invalid in Scala 3. Use the form without parentheses instead
[warn]     when (in.fire()) {
[warn]              ^
[warn] /opt/spechunter/chipyard-issue-715-repairv3/generators/constellation/src/main/scala/protocol/AXI4.scala:106:33: method fire in class AddMethodsToReadyValid is deprecated (since Chisel 3.5): Calling this function with an empty argument list is invalid in Scala 3. Use the form without parentheses instead
[warn]         arSel(id) && io.axi4.ar.fire(),
[warn]                                 ^
[warn] /opt/spechunter/chipyard-issue-715-repairv3/generators/constellation/src/main/scala/protocol/AXI4.scala:107:31: method fire in class AddMethodsToReadyValid is deprecated (since Chisel 3.5): Calling this function with an empty argument list is invalid in Scala 3. Use the form without parentheses instead
[warn]         rSel(id) && io.axi4.r.fire() && io.axi4.r.bits.last)
[warn]                               ^
[warn] /opt/spechunter/chipyard-issue-715-repairv3/generators/constellation/src/main/scala/protocol/AXI4.scala:110:33: method fire in class AddMethodsToReadyValid is deprecated (since Chisel 3.5): Calling this function with an empty argument list is invalid in Scala 3. Use the form without parentheses instead
[warn]         awSel(id) && io.axi4.aw.fire(),
[warn]                                 ^
[warn] /opt/spechunter/chipyard-issue-715-repairv3/generators/constellation/src/main/scala/protocol/AXI4.scala:111:31: method fire in class AddMethodsToReadyValid is deprecated (since Chisel 3.5): Calling this function with an empty argument list is invalid in Scala 3. Use the form without parentheses instead
[warn]         bSel(id) && io.axi4.b.fire())
[warn]                               ^
[warn] /opt/spechunter/chipyard-issue-715-repairv3/generators/constellation/src/main/scala/protocol/AXI4.scala:148:20: method fire in class AddMethodsToReadyValid is deprecated (since Chisel 3.5): Calling this function with an empty argument list is invalid in Scala 3. Use the form without parentheses instead
[warn]   when (io.flits.w.fire()) { w_first := in.w.bits.last }
[warn]                    ^
[warn] /opt/spechunter/chipyard-issue-715-repairv3/generators/constellation/src/main/scala/protocol/AXI4.scala:206:16: method fire in class AddMethodsToReadyValid is deprecated (since Chisel 3.5): Calling this function with an empty argument list is invalid in Scala 3. Use the form without parentheses instead
[warn]   when (out.aw.fire()) {
[warn]                ^
[warn] /opt/spechunter/chipyard-issue-715-repairv3/generators/constellation/src/main/scala/protocol/AXI4.scala:213:21: method fire in class AddMethodsToReadyValid is deprecated (since Chisel 3.5): Calling this function with an empty argument list is invalid in Scala 3. Use the form without parentheses instead
[warn]   when (aw_q.io.enq.fire()) {
[warn]                     ^
[warn] /opt/spechunter/chipyard-issue-715-repairv3/generators/constellation/src/main/scala/protocol/AXI4.scala:226:15: method fire in class AddMethodsToReadyValid is deprecated (since Chisel 3.5): Calling this function with an empty argument list is invalid in Scala 3. Use the form without parentheses instead
[warn]   when (out.w.fire() && out.w.bits.last) { w_fire := false.B }
[warn]               ^
[warn] /opt/spechunter/chipyard-issue-715-repairv3/generators/constellation/src/main/scala/protocol/AXI4.scala:237:20: method fire in class AddMethodsToReadyValid is deprecated (since Chisel 3.5): Calling this function with an empty argument list is invalid in Scala 3. Use the form without parentheses instead
[warn]   when (io.flits.r.fire()) { r_first := out.r.bits.last }
[warn]                    ^
[warn] /opt/spechunter/chipyard-issue-715-repairv3/generators/constellation/src/main/scala/protocol/Tilelink.scala:52:49: method fire in class AddMethodsToReadyValid is deprecated (since Chisel 3.5): Calling this function with an empty argument list is invalid in Scala 3. Use the form without parentheses instead
[warn]   val head = edge.first(protocol.bits, protocol.fire())
[warn]                                                 ^
[warn] /opt/spechunter/chipyard-issue-715-repairv3/generators/constellation/src/main/scala/protocol/Tilelink.scala:53:48: method fire in class AddMethodsToReadyValid is deprecated (since Chisel 3.5): Calling this function with an empty argument list is invalid in Scala 3. Use the form without parentheses instead
[warn]   val tail = edge.last(protocol.bits, protocol.fire())
[warn]                                                ^
[warn] /opt/spechunter/chipyard-issue-715-repairv3/generators/constellation/src/main/scala/protocol/Tilelink.scala:70:17: method fire in class AddMethodsToReadyValid is deprecated (since Chisel 3.5): Calling this function with an empty argument list is invalid in Scala 3. Use the form without parentheses instead
[warn]   when (io.flit.fire() && io.flit.bits.head) { is_body := true.B }
[warn]                 ^
[warn] /opt/spechunter/chipyard-issue-715-repairv3/generators/constellation/src/main/scala/protocol/Tilelink.scala:71:17: method fire in class AddMethodsToReadyValid is deprecated (since Chisel 3.5): Calling this function with an empty argument list is invalid in Scala 3. Use the form without parentheses instead
[warn]   when (io.flit.fire() && io.flit.bits.tail) { is_body := false.B }
[warn]                 ^
[warn] /opt/spechunter/chipyard-issue-715-repairv3/generators/constellation/src/main/scala/protocol/Tilelink.scala:101:17: method fire in class AddMethodsToReadyValid is deprecated (since Chisel 3.5): Calling this function with an empty argument list is invalid in Scala 3. Use the form without parentheses instead
[warn]   when (io.flit.fire() && io.flit.bits.head) { is_const := false.B; const_reg := io.flit.bits.payload }
[warn]                 ^
[warn] /opt/spechunter/chipyard-issue-715-repairv3/generators/constellation/src/main/scala/protocol/Tilelink.scala:102:17: method fire in class AddMethodsToReadyValid is deprecated (since Chisel 3.5): Calling this function with an empty argument list is invalid in Scala 3. Use the form without parentheses instead
[warn]   when (io.flit.fire() && io.flit.bits.tail) { is_const := true.B }
[warn]                 ^
[warn] there were 2758 feature warnings; re-run with -feature for details
[warn] 13 warnings found
[info] done compiling
[warn] /opt/spechunter/chipyard-issue-715-repairv3/generators/constellation/src/main/scala/router/IngressUnit.scala:61:41: method fire in class AddMethodsToReadyValid is deprecated (since Chisel 3.5): Calling this function with an empty argument list is invalid in Scala 3. Use the form without parentheses instead
[warn]   route_q.io.enq.valid := io.router_req.fire()
[warn]                                         ^
[warn] /opt/spechunter/chipyard-issue-715-repairv3/generators/constellation/src/main/scala/router/IngressUnit.scala:63:15: method fire in class AddMethodsToReadyValid is deprecated (since Chisel 3.5): Calling this function with an empty argument list is invalid in Scala 3. Use the form without parentheses instead
[warn]   when (io.in.fire() && io.in.bits.head && at_dest) {
[warn]               ^
[warn] /opt/spechunter/chipyard-issue-715-repairv3/generators/constellation/src/main/scala/router/IngressUnit.scala:96:48: method fire in class AddMethodsToReadyValid is deprecated (since Chisel 3.5): Calling this function with an empty argument list is invalid in Scala 3. Use the form without parentheses instead
[warn]   route_q.io.deq.ready := (route_buffer.io.deq.fire() && tail)
[warn]                                                ^
[warn] /opt/spechunter/chipyard-issue-715-repairv3/generators/constellation/src/main/scala/router/IngressUnit.scala:99:44: method fire in class AddMethodsToReadyValid is deprecated (since Chisel 3.5): Calling this function with an empty argument list is invalid in Scala 3. Use the form without parentheses instead
[warn]   vcalloc_q.io.enq.valid := io.vcalloc_req.fire()
[warn]                                            ^
[warn] /opt/spechunter/chipyard-issue-715-repairv3/generators/constellation/src/main/scala/router/IngressUnit.scala:110:67: method fire in class AddMethodsToReadyValid is deprecated (since Chisel 3.5): Calling this function with an empty argument list is invalid in Scala 3. Use the form without parentheses instead
[warn]   vcalloc_q.io.deq.ready := vcalloc_tail && vcalloc_buffer.io.deq.fire()
[warn]                                                                   ^
[warn] /opt/spechunter/chipyard-issue-715-repairv3/generators/constellation/src/main/scala/router/IngressUnit.scala:119:45: method fire in class AddMethodsToReadyValid is deprecated (since Chisel 3.5): Calling this function with an empty argument list is invalid in Scala 3. Use the form without parentheses instead
[warn]   out_bundle.valid := vcalloc_buffer.io.deq.fire()
[warn]                                             ^
[warn] /opt/spechunter/chipyard-issue-715-repairv3/generators/constellation/src/main/scala/router/InputUnit.scala:163:25: method fire in class Valid is deprecated (since Chisel 3.5): Calling this function with an empty argument list is invalid in Scala 3. Use the form without parentheses instead
[warn]     when (io.in.flit(i).fire() && io.in.flit(i).bits.head) {
[warn]                         ^
[warn] /opt/spechunter/chipyard-issue-715-repairv3/generators/constellation/src/main/scala/router/InputUnit.scala:184:15: method fire in class AddMethodsToReadyValid is deprecated (since Chisel 3.5): Calling this function with an empty argument list is invalid in Scala 3. Use the form without parentheses instead
[warn]       when (i.fire()) { s.g := g_v }
[warn]               ^
[warn] /opt/spechunter/chipyard-issue-715-repairv3/generators/constellation/src/main/scala/router/InputUnit.scala:191:23: method fire in class AddMethodsToReadyValid is deprecated (since Chisel 3.5): Calling this function with an empty argument list is invalid in Scala 3. Use the form without parentheses instead
[warn]   when (io.router_req.fire()) {
[warn]                       ^
[warn] /opt/spechunter/chipyard-issue-715-repairv3/generators/constellation/src/main/scala/router/InputUnit.scala:208:23: method fire in class AddMethodsToReadyValid is deprecated (since Chisel 3.5): Calling this function with an empty argument list is invalid in Scala 3. Use the form without parentheses instead
[warn]   when (io.router_req.fire()) {
[warn]                       ^
[warn] /opt/spechunter/chipyard-issue-715-repairv3/generators/constellation/src/main/scala/router/InputUnit.scala:224:40: method fire in class AddMethodsToReadyValid is deprecated (since Chisel 3.5): Calling this function with an empty argument list is invalid in Scala 3. Use the form without parentheses instead
[warn]         when (route_arbiter.io.in(idx).fire()) {
[warn]                                        ^
[warn] /opt/spechunter/chipyard-issue-715-repairv3/generators/constellation/src/main/scala/router/InputUnit.scala:237:24: method fire in class AddMethodsToReadyValid is deprecated (since Chisel 3.5): Calling this function with an empty argument list is invalid in Scala 3. Use the form without parentheses instead
[warn]   when (io.vcalloc_req.fire()) {
[warn]                        ^
[warn] /opt/spechunter/chipyard-issue-715-repairv3/generators/constellation/src/main/scala/router/InputUnit.scala:261:15: method fire in class AddMethodsToReadyValid is deprecated (since Chisel 3.5): Calling this function with an empty argument list is invalid in Scala 3. Use the form without parentheses instead
[warn]       when (r.fire() && deq_tail) {
[warn]               ^
[warn] /opt/spechunter/chipyard-issue-715-repairv3/generators/constellation/src/main/scala/router/InputUnit.scala:291:11: method fire in class AddMethodsToReadyValid is deprecated (since Chisel 3.5): Calling this function with an empty argument list is invalid in Scala 3. Use the form without parentheses instead
[warn]     Mux(o.fire(), salloc_arb.io.chosen_oh(i), 0.U)
[warn]           ^
[warn] /opt/spechunter/chipyard-issue-715-repairv3/generators/constellation/src/main/scala/router/InputUnit.scala:294:11: method fire in class AddMethodsToReadyValid is deprecated (since Chisel 3.5): Calling this function with an empty argument list is invalid in Scala 3. Use the form without parentheses instead
[warn]     Mux(o.fire() && Mux1H(salloc_arb.io.chosen_oh(i), input_buffer.io.deq.map(_.bits.tail)),
[warn]           ^
[warn] /opt/spechunter/chipyard-issue-715-repairv3/generators/constellation/src/main/scala/router/InputUnit.scala:300:46: method fire in class AddMethodsToReadyValid is deprecated (since Chisel 3.5): Calling this function with an empty argument list is invalid in Scala 3. Use the form without parentheses instead
[warn]     salloc_out.valid := salloc_arb.io.out(i).fire()
[warn]                                              ^
[warn] /opt/spechunter/chipyard-issue-715-repairv3/generators/constellation/src/main/scala/router/InputUnit.scala:305:32: method fire in class AddMethodsToReadyValid is deprecated (since Chisel 3.5): Calling this function with an empty argument list is invalid in Scala 3. Use the form without parentheses instead
[warn]     when (salloc_arb.io.out(i).fire()) {
[warn]                                ^
[warn] /opt/spechunter/chipyard-issue-715-repairv3/generators/constellation/src/main/scala/router/Router.scala:137:67: method fire in class AddMethodsToReadyValid is deprecated (since Chisel 3.5): Calling this function with an empty argument list is invalid in Scala 3. Use the form without parentheses instead
[warn]     val fires_count = WireInit(PopCount(vc_allocator.io.req.map(_.fire())))
[warn]                                                                   ^
[warn] /opt/spechunter/chipyard-issue-715-repairv3/generators/constellation/src/main/scala/router/Router.scala:212:16: method fire in class Valid is deprecated (since Chisel 3.5): Calling this function with an empty argument list is invalid in Scala 3. Use the form without parentheses instead
[warn]       sample(f.fire(), s"${edge.cp.srcId} $nodeId")
[warn]                ^
[warn] /opt/spechunter/chipyard-issue-715-repairv3/generators/constellation/src/main/scala/router/Router.scala:215:22: method fire in class AddMethodsToReadyValid is deprecated (since Chisel 3.5): Calling this function with an empty argument list is invalid in Scala 3. Use the form without parentheses instead
[warn]       sample(in.flit.fire(), s"i${edge.cp.asInstanceOf[IngressChannelParams].ingressId} $nodeId")
[warn]                      ^
[warn] /opt/spechunter/chipyard-issue-715-repairv3/generators/constellation/src/main/scala/router/Router.scala:218:23: method fire in class AddMethodsToReadyValid is deprecated (since Chisel 3.5): Calling this function with an empty argument list is invalid in Scala 3. Use the form without parentheses instead
[warn]       sample(out.flit.fire(), s"$nodeId e${edge.cp.asInstanceOf[EgressChannelParams].egressId}")
[warn]                       ^
[warn] /opt/spechunter/chipyard-issue-715-repairv3/generators/constellation/src/main/scala/router/SwitchAllocator.scala:52:21: method fire in class AddMethodsToReadyValid is deprecated (since Chisel 3.5): Calling this function with an empty argument list is invalid in Scala 3. Use the form without parentheses instead
[warn]     when (io.out(i).fire()) {
[warn]                     ^
[warn] /opt/spechunter/chipyard-issue-715-repairv3/generators/constellation/src/main/scala/router/SwitchAllocator.scala:57:19: method fire in class AddMethodsToReadyValid is deprecated (since Chisel 3.5): Calling this function with an empty argument list is invalid in Scala 3. Use the form without parentheses instead
[warn]   when (io.out(0).fire()) {
[warn]                   ^
[warn] /opt/spechunter/chipyard-issue-715-repairv3/generators/constellation/src/main/scala/router/SwitchAllocator.scala:97:32: method fire in class AddMethodsToReadyValid is deprecated (since Chisel 3.5): Calling this function with an empty argument list is invalid in Scala 3. Use the form without parentheses instead
[warn]       fires(i) := a.io.in(idx).fire()
[warn]                                ^
[warn] /opt/spechunter/chipyard-issue-715-repairv3/generators/constellation/src/main/scala/router/vcalloc/MultiVCAllocator.scala:20:105: method fire in class AddMethodsToReadyValid is deprecated (since Chisel 3.5): Calling this function with an empty argument list is invalid in Scala 3. Use the form without parentheses instead
[warn]       inputAllocPolicy(io.req(i).bits.flow, io.req(i).bits.vc_sel, i.U, io.req(i).bits.in_vc, io.req(i).fire()),
[warn]                                                                                                         ^
[warn] /opt/spechunter/chipyard-issue-715-repairv3/generators/constellation/src/main/scala/test/TestHarness.scala:92:33: method fire in class AddMethodsToReadyValid is deprecated (since Chisel 3.5): Calling this function with an empty argument list is invalid in Scala 3. Use the form without parentheses instead
[warn]   io.fire := can_fire && io.out.fire()
[warn]                                 ^
[warn] /opt/spechunter/chipyard-issue-715-repairv3/generators/constellation/src/main/scala/test/TestHarness.scala:108:18: method fire in class AddMethodsToReadyValid is deprecated (since Chisel 3.5): Calling this function with an empty argument list is invalid in Scala 3. Use the form without parentheses instead
[warn]     when (io.out.fire()) {
[warn]                  ^
[warn] /opt/spechunter/chipyard-issue-715-repairv3/generators/constellation/src/main/scala/test/TestHarness.scala:199:18: method fire in class AddMethodsToReadyValid is deprecated (since Chisel 3.5): Calling this function with an empty argument list is invalid in Scala 3. Use the form without parentheses instead
[warn]     when (o.flit.fire()) {
[warn]                  ^
[warn] /opt/spechunter/chipyard-issue-715-repairv3/generators/constellation/src/main/scala/test/TestHarness.scala:217:38: method fire in class AddMethodsToReadyValid is deprecated (since Chisel 3.5): Calling this function with an empty argument list is invalid in Scala 3. Use the form without parentheses instead
[warn]     rob_frees = rob_frees | ((o.flit.fire() && o.flit.bits.tail) << rob_idx)
[warn]                                      ^
[warn] /opt/spechunter/chipyard-issue-715-repairv3/generators/constellation/src/main/scala/test/TestHarness.scala:223:43: method fire in class AddMethodsToReadyValid is deprecated (since Chisel 3.5): Calling this function with an empty argument list is invalid in Scala 3. Use the form without parentheses instead
[warn]   flits := flits + io.from_noc.map(_.flit.fire().asUInt).reduce(_+&_)
[warn]                                           ^
[warn] there were 2656 feature warnings; re-run with -feature for details
[warn] one warning found
[info] done compiling
[info] compiling 3 Scala sources to /opt/spechunter/chipyard-issue-715-repairv3/generators/tracegen/target/scala-2.12/classes ...
[warn] there were 99 feature warnings; re-run with -feature for details
[warn] one warning found
[info] done compiling
[warn] 47 warnings found
[info] done compiling
[info] compiling 48 Scala sources to /opt/spechunter/chipyard-issue-715-repairv3/generators/chipyard/target/scala-2.12/classes ...
[warn] /opt/spechunter/chipyard-issue-715-repairv3/generators/chipyard/src/main/scala/clocking/TileClockGater.scala:52:11: method toVariableWidthSlave in trait CanAttachTLSlaves is deprecated (since rocket-chip 1.3): Replace with e.g. bus.coupleTo(s"slave_named_${name}"){ slave.controlXing(NoCrossing) :*= TLFragmenter(bus.beatBytes, bus.blockBytes) :*= _ }
[warn]     tlbus.toVariableWidthSlave(Some("clock-gater")) { gater.tlNode := TLBuffer() }
[warn]           ^
[warn] /opt/spechunter/chipyard-issue-715-repairv3/generators/chipyard/src/main/scala/clocking/TileResetSetter.scala:69:11: method toVariableWidthSlave in trait CanAttachTLSlaves is deprecated (since rocket-chip 1.3): Replace with e.g. bus.coupleTo(s"slave_named_${name}"){ slave.controlXing(NoCrossing) :*= TLFragmenter(bus.beatBytes, bus.blockBytes) :*= _ }
[warn]     tlbus.toVariableWidthSlave(Some("tile-reset-setter")) { setter.tlNode := TLBuffer() }
[warn]           ^
[warn] /opt/spechunter/chipyard-issue-715-repairv3/generators/chipyard/src/main/scala/example/GCD.scala:168:14: method toSlave in trait CanAttachTLSlaves is deprecated (since rocket-chip 1.3): Replace with e.g. bus.coupleTo(s"slave_named_${name}"){ slave.controlXing(NoCrossing) :*= _ }
[warn]         pbus.toSlave(Some(portName)) {
[warn]              ^
[warn] /opt/spechunter/chipyard-issue-715-repairv3/generators/chipyard/src/main/scala/example/GCD.scala:178:14: method toVariableWidthSlave in trait CanAttachTLSlaves is deprecated (since rocket-chip 1.3): Replace with e.g. bus.coupleTo(s"slave_named_${name}"){ slave.controlXing(NoCrossing) :*= TLFragmenter(bus.beatBytes, bus.blockBytes) :*= _ }
[warn]         pbus.toVariableWidthSlave(Some(portName)) { gcd.node }
[warn]              ^
[warn] /opt/spechunter/chipyard-issue-715-repairv3/generators/chipyard/src/main/scala/example/TutorialTile.scala:132:53: method hartId in trait HasNonDiplomaticTileParameters is deprecated (since rocket-chip 1.3): use hartIdSinkNodeOpt.map(_.bundle) or staticIdForMetadataUseOnly
[warn]     Resource(cpuDevice, "reg").bind(ResourceAddress(hartId))
[warn]                                                     ^
[warn] /opt/spechunter/chipyard-issue-715-repairv3/generators/chipyard/src/main/scala/example/dsptools/GenericFIR.scala:206:12: method toVariableWidthSlave in trait CanAttachTLSlaves is deprecated (since rocket-chip 1.3): Replace with e.g. bus.coupleTo(s"slave_named_${name}"){ slave.controlXing(NoCrossing) :*= TLFragmenter(bus.beatBytes, bus.blockBytes) :*= _ }
[warn]       pbus.toVariableWidthSlave(Some("streamingFIR")) { streamingFIR.mem.get := TLFIFOFixer() }
[warn]            ^
[warn] /opt/spechunter/chipyard-issue-715-repairv3/generators/chipyard/src/main/scala/example/dsptools/StreamingPassthrough.scala:135:12: method toVariableWidthSlave in trait CanAttachTLSlaves is deprecated (since rocket-chip 1.3): Replace with e.g. bus.coupleTo(s"slave_named_${name}"){ slave.controlXing(NoCrossing) :*= TLFragmenter(bus.beatBytes, bus.blockBytes) :*= _ }
[warn]       pbus.toVariableWidthSlave(Some("streamingPassthrough")) { streamingPassthroughChain.mem.get := TLFIFOFixer() }
[warn]            ^
[warn] there were 31 feature warnings; re-run with -feature for details
[warn] 8 warnings found
[info] done compiling
[info] running chipyard.Generator --target-dir /opt/spechunter/chipyard-issue-715-repairv3/sims/verilator/generated-src/chipyard.TestHarness.SmallBoomConfig --name chipyard.TestHarness.SmallBoomConfig --top-module chipyard.TestHarness --legacy-configs chipyard:SmallBoomConfig
L2 InclusiveCache Client Map:
	0 <= serial-tl
	1 <= Core 0 DCache
	2 <= Core 0 ICache

[C0] ======BOOM Tile 0 Params======

[C0] ====Overall Frontend Params====

[C0] ==L1-ICache==
[C0] Fetch bytes   : 8
[C0] Block bytes   : 64
[C0] Row bytes     : 8
[C0] Word bits     : 64
[C0] Sets          : 64
[C0] Ways          : 4
[C0] Refill cycles : 8
[C0] RAMs          : (64 x 512) using 1 banks
[C0] Single-banked
[C0] I-TLB ways    : 32

[C0] ==Branch Predictor Memory Sizes==

[C0] bank0 tage_l2: 128 x 44 = 704
[C0] bank0 tage_l4: 128 x 44 = 704
[C0] bank0 tage_l8: 256 x 48 = 1536
[C0] bank0 tage_l16: 256 x 48 = 1536
[C0] bank0 tage_l32: 128 x 52 = 832
[C0] bank0 tage_l64: 128 x 52 = 832
[C0] bank0 btb_meta_way0: 128 x 124 = 1984
[C0] bank0 btb_data_way0: 128 x 56 = 896
[C0] bank0 btb_meta_way1: 128 x 124 = 1984
[C0] bank0 btb_data_way1: 128 x 56 = 896
[C0] bank0 ebtb: 128 x 40 = 640
[C0] bank0 bim: 2048 x 8 = 2048
[C0] Total bpd size: 14 KB

[C0] ====Overall Core Params====

[C0] ===ExecutionUnits===

[C0] ==1-wide Machine==
[C0] ==3 Issue==

[C0] ==ExeUnit==
[C0]  - Mem
[C0] ==ExeUnit==
[C0]  - ALU
[C0]  - Mul
[C0]  - Div
[C0]  - IFPU

[C0] ===FP Pipeline===

[C0] ==Floating Point Regfile==
[C0] Num RF Read Ports     : 3
[C0] Num RF Write Ports    : 2
[C0] RF Cost (R+W)*(R+2W)  : 35
[C0] Bypassable Units      : List(false, false)
[C0] Num Wakeup Ports      : 2
[C0] Num Bypass Ports      : 0

[C0] ==ROB==
[C0] Machine Width      : 1
[C0] Rob Entries        : 32
[C0] Rob Rows           : 32
[C0] Rob Row size       : 5
[C0] log2Ceil(coreWidth): 0
[C0] FPU FFlag Ports    : 2

[C0] ===Other Core Params===
[C0] Fetch Width           : 4
[C0] Decode Width          : 1
[C0] Issue Width           : 3
[C0] ROB Size              : 32
[C0] Issue Window Size     : List(8, 8, 8) (Age-based Priority)
[C0] Load/Store Unit Size  : 8/8
[C0] Num Int Phys Registers: 52
[C0] Num FP  Phys Registers: 48
[C0] Max Branch Count      : 8
[C0] ==Integer Regfile==
[C0] Num RF Read Ports     : 4
[C0] Num RF Write Ports    : 2
[C0] RF Cost (R+W)*(R+2W)  : 48
[C0] Bypassable Units      : List(true, true)

[C0] Num Slow Wakeup Ports : 2
[C0] Num Fast Wakeup Ports : 1
[C0] Num Bypass Ports      : 3

[C0] DCache Ways           : 4
[C0] DCache Sets           : 64
[C0] DCache nMSHRs         : 2
[C0] ICache Ways           : 4
[C0] ICache Sets           : 64
[C0] D-TLB Ways            : 8
[C0] I-TLB Ways            : 32
[C0] Paddr Bits            : 32
[C0] Vaddr Bits            : 39

[C0] Using FPU Unit?       : true
[C0] Using FDivSqrt?       : true
[C0] Using VM?             : true


Interrupt map (2 harts 1 interrupts):
  [1, 1] => uart_0

<stdin>:124.28-129.5: Warning (simple_bus_reg): /soc/subsystem_mbus_clock: missing or empty reg/ranges property
<stdin>:130.28-135.5: Warning (simple_bus_reg): /soc/subsystem_pbus_clock: missing or empty reg/ranges property
<stdin>:39.29-43.6: Warning (interrupt_provider): /cpus/cpu@0/interrupt-controller: Missing #address-cells in interrupt provider
<stdin>:95.36-104.5: Warning (interrupt_provider): /soc/interrupt-controller@c000000: Missing #address-cells in interrupt provider
Clock subsystem_pbus_0: using diplomatically specified frequency of 100.0.
Clock subsystem_mbus_0: using diplomatically specified frequency of 100.0.
/dts-v1/;

/ {
	#address-cells = <1>;
	#size-cells = <1>;
	compatible = "freechips,rocketchip-unknown-dev";
	model = "freechips,rocketchip-unknown";
	L24: aliases {
		serial0 = &L18;
	};
	L23: cpus {
		#address-cells = <1>;
		#size-cells = <0>;
		timebase-frequency = <1000000>;
		L5: cpu@0 {
			clock-frequency = <0>;
			compatible = "ucb-bar,boom0", "riscv";
			d-cache-block-size = <64>;
			d-cache-sets = <64>;
			d-cache-size = <16384>;
			d-tlb-sets = <1>;
			d-tlb-size = <8>;
			device_type = "cpu";
			hardware-exec-breakpoint-count = <0>;
			i-cache-block-size = <64>;
			i-cache-sets = <64>;
			i-cache-size = <16384>;
			i-tlb-sets = <1>;
			i-tlb-size = <32>;
			mmu-type = "riscv,sv39";
			next-level-cache = <&L3>;
			reg = <0x0>;
			riscv,isa = "rv64imafdc";
			riscv,pmpgranularity = <4>;
			riscv,pmpregions = <8>;
			status = "okay";
			timebase-frequency = <1000000>;
			tlb-split;
			L4: interrupt-controller {
				#interrupt-cells = <1>;
				compatible = "riscv,cpu-intc";
				interrupt-controller;
			};
		};
	};
	L25: htif {
		compatible = "ucb,htif0";
	};
	L12: memory@80000000 {
		device_type = "memory";
		reg = <0x80000000 0x10000000>;
	};
	L22: soc {
		#address-cells = <1>;
		#size-cells = <1>;
		compatible = "freechips,rocketchip-unknown-soc", "simple-bus";
		ranges;
		L15: boot-address-reg@4000 {
			reg = <0x4000 0x1000>;
			reg-names = "control";
		};
		L3: cache-controller@2010000 {
			cache-block-size = <64>;
			cache-level = <2>;
			cache-sets = <1024>;
			cache-size = <524288>;
			cache-unified;
			compatible = "sifive,inclusivecache0", "cache";
			next-level-cache = <&L12 &L16 &L17>;
			reg = <0x2010000 0x1000>;
			reg-names = "control";
			sifive,mshr-count = <7>;
		};
		L7: clint@2000000 {
			compatible = "riscv,clint0";
			interrupts-extended = <&L4 3 &L4 7>;
			reg = <0x2000000 0x10000>;
			reg-names = "control";
		};
		L19: clock-gater@100000 {
			reg = <0x100000 0x1000>;
			reg-names = "control";
		};
		L8: debug-controller@0 {
			compatible = "sifive,debug-013", "riscv,debug-013";
			debug-attach = "jtag";
			interrupts-extended = <&L4 65535>;
			reg = <0x0 0x1000>;
			reg-names = "control";
		};
		L1: error-device@3000 {
			compatible = "sifive,error0";
			reg = <0x3000 0x1000>;
		};
		L6: interrupt-controller@c000000 {
			#interrupt-cells = <1>;
			compatible = "riscv,plic0";
			interrupt-controller;
			interrupts-extended = <&L4 11 &L4 9>;
			reg = <0xc000000 0x4000000>;
			reg-names = "control";
			riscv,max-priority = <1>;
			riscv,ndev = <1>;
		};
		L16: lbwif-ram@10000000 {
			reg = <0x10000000 0x1000>;
		};
		L17: lbwif-rom@20000 {
			reg = <0x20000 0x10000>;
		};
		L14: rom@10000 {
			compatible = "sifive,rom0";
			reg = <0x10000 0x10000>;
			reg-names = "mem";
		};
		L18: serial@54000000 {
			clocks = <&L0>;
			compatible = "sifive,uart0";
			interrupt-parent = <&L6>;
			interrupts = <1>;
			reg = <0x54000000 0x1000>;
			reg-names = "control";
		};
		L2: subsystem_mbus_clock {
			#clock-cells = <0>;
			clock-frequency = <100000000>;
			clock-output-names = "subsystem_mbus_clock";
			compatible = "fixed-clock";
		};
		L0: subsystem_pbus_clock {
			#clock-cells = <0>;
			clock-frequency = <100000000>;
			clock-output-names = "subsystem_pbus_clock";
			compatible = "fixed-clock";
		};
		L20: tile-reset-setter@110000 {
			reg = <0x110000 0x1000>;
			reg-names = "control";
		};
	};
};

Generated Address Map
	       0 -     1000 ARWX  debug-controller@0
	    3000 -     4000 ARWX  error-device@3000
	    4000 -     5000 ARW   boot-address-reg@4000
	   10000 -    20000  R X  rom@10000
	   20000 -    30000  R XC lbwif-rom@20000
	  100000 -   101000 ARW   clock-gater@100000
	  110000 -   111000 ARW   tile-reset-setter@110000
	 2000000 -  2010000 ARW   clint@2000000
	 2010000 -  2011000 ARW   cache-controller@2010000
	 c000000 - 10000000 ARW   interrupt-controller@c000000
	10000000 - 10001000 ARWXC lbwif-ram@10000000
	54000000 - 54001000 ARW   serial@54000000
	80000000 - 90000000 ARWXC memory@80000000


buildTopClockGenerator Frequency Summary
  Input Reference Frequency: 100.0 MHz
  Output clock subsystem_sbus_0, requested: 100.0 MHz, actual: 100.0 MHz (division of 1)
  Output clock subsystem_sbus_1, requested: 100.0 MHz, actual: 100.0 MHz (division of 1)
  Output clock subsystem_pbus_0, requested: 100.0 MHz, actual: 100.0 MHz (division of 1)
  Output clock subsystem_fbus_0, requested: 100.0 MHz, actual: 100.0 MHz (division of 1)
  Output clock subsystem_mbus_0, requested: 100.0 MHz, actual: 100.0 MHz (division of 1)
  Output clock subsystem_cbus_0, requested: 100.0 MHz, actual: 100.0 MHz (division of 1)
  Output clock implicit_clock, requested: 100.0 MHz, actual: 100.0 MHz (division of 1)

harnessDividerOnlyClockGenerator Frequency Summary
  Input Reference Frequency: 100.0 MHz
  Output clock buildtop_reference_clock, requested: 100.0 MHz, actual: 100.0 MHz (division of 1)
[success] Total time: 221 s (03:41), completed Sep 18, 2026, 3:38:28 AM
cd /opt/spechunter/chipyard-issue-715-repairv3 && java -jar /opt/spechunter/chipyard-issue-715-repairv3/generators/rocket-chip/sbt-launch.jar  ";project tapeout; runMain barstools.tapeout.transforms.GenerateTopAndHarness  --allow-unrecognized-annotations --output-file /opt/spechunter/chipyard-issue-715-repairv3/sims/verilator/generated-src/chipyard.TestHarness.SmallBoomConfig/chipyard.TestHarness.SmallBoomConfig.top.v --harness-o /opt/spechunter/chipyard-issue-715-repairv3/sims/verilator/generated-src/chipyard.TestHarness.SmallBoomConfig/chipyard.TestHarness.SmallBoomConfig.harness.v --input-file /opt/spechunter/chipyard-issue-715-repairv3/sims/verilator/generated-src/chipyard.TestHarness.SmallBoomConfig/chipyard.TestHarness.SmallBoomConfig.fir --syn-top ChipTop --harness-top TestHarness --annotation-file /opt/spechunter/chipyard-issue-715-repairv3/sims/verilator/generated-src/chipyard.TestHarness.SmallBoomConfig/chipyard.TestHarness.SmallBoomConfig.anno.json --top-anno-out /opt/spechunter/chipyard-issue-715-repairv3/sims/verilator/generated-src/chipyard.TestHarness.SmallBoomConfig/chipyard.TestHarness.SmallBoomConfig.top.anno.json --top-dotf-out /opt/spechunter/chipyard-issue-715-repairv3/sims/verilator/generated-src/chipyard.TestHarness.SmallBoomConfig/firrtl_black_box_resource_files.top.f --top-fir /opt/spechunter/chipyard-issue-715-repairv3/sims/verilator/generated-src/chipyard.TestHarness.SmallBoomConfig/chipyard.TestHarness.SmallBoomConfig.top.fir --harness-anno-out /opt/spechunter/chipyard-issue-715-repairv3/sims/verilator/generated-src/chipyard.TestHarness.SmallBoomConfig/chipyard.TestHarness.SmallBoomConfig.harness.anno.json --harness-dotf-out /opt/spechunter/chipyard-issue-715-repairv3/sims/verilator/generated-src/chipyard.TestHarness.SmallBoomConfig/firrtl_black_box_resource_files.harness.f --harness-fir /opt/spechunter/chipyard-issue-715-repairv3/sims/verilator/generated-src/chipyard.TestHarness.SmallBoomConfig/chipyard.TestHarness.SmallBoomConfig.harness.fir --infer-rw --repl-seq-mem -c:TestHarness:-o:/opt/spechunter/chipyard-issue-715-repairv3/sims/verilator/generated-src/chipyard.TestHarness.SmallBoomConfig/chipyard.TestHarness.SmallBoomConfig.top.mems.conf -thconf /opt/spechunter/chipyard-issue-715-repairv3/sims/verilator/generated-src/chipyard.TestHarness.SmallBoomConfig/chipyard.TestHarness.SmallBoomConfig.harness.mems.conf --target-dir /opt/spechunter/chipyard-issue-715-repairv3/sims/verilator/generated-src/chipyard.TestHarness.SmallBoomConfig --log-level error "
Picked up JAVA_TOOL_OPTIONS: -Xmx8G -Xss8M -Djava.io.tmpdir=/opt/spechunter/chipyard-issue-715-repairv3/.java_tmp
WARNING: A terminally deprecated method in java.lang.System has been called
WARNING: System::setSecurityManager has been called by sbt.TrapExit$ (file:/home/ryclic/.sbt/boot/scala-2.12.14/org.scala-sbt/sbt/1.5.5/run_2.12-1.5.5.jar)
WARNING: Please consider reporting this to the maintainers of sbt.TrapExit$
WARNING: System::setSecurityManager will be removed in a future release
[info] welcome to sbt 1.5.5 (N/A Java 17.0.3-internal)
[info] loading settings for project chipyard-issue-715-repairv3-build from plugins.sbt ...
[info] loading project definition from /opt/spechunter/chipyard-issue-715-repairv3/project
[info] loading settings for project chipyardRoot from build.sbt ...
[info] loading settings for project hardfloat from build.sbt ...
[info] loading settings for project rocketConfig from build.sbt ...
[info] loading settings for project testchipip from build.sbt ...
[info] loading settings for project constellation from build.sbt ...
[info] loading settings for project icenet from build.sbt ...
[info] loading settings for project hwacha from build.sbt ...
[info] loading settings for project boom from build.sbt ...
[info] loading settings for project cva6 from build.sbt ...
[info] loading settings for project ibex from build.sbt ...
[info] loading settings for project sodor from build.sbt ...
[info] loading settings for project gemmini from build.sbt ...
[info] loading settings for project tapeout from build.sbt ...
[info] loading settings for project sim-build from plugins.sbt ...
[info] loading project definition from /opt/spechunter/chipyard-issue-715-repairv3/sims/firesim/sim/project
[info] loading settings for project firesim from build.sbt ...
[info] loading settings for project targetutils from build.sbt ...
[info] loading settings for project midas from build.sbt ...
[info] resolving key references (36697 settings) ...
[info] set current project to chipyardRoot (in build file:/opt/spechunter/chipyard-issue-715-repairv3/)
[info] set current project to tapeout (in build file:/opt/spechunter/chipyard-issue-715-repairv3/)
[info] compiling 27 Scala sources to /opt/spechunter/chipyard-issue-715-repairv3/tools/barstools/target/scala-2.12/classes ...
[warn] /opt/spechunter/chipyard-issue-715-repairv3/tools/barstools/src/main/scala/barstools/tapeout/transforms/ReParentCircuit.scala:55:23: non-variable type argument firrtl.annotations.InstanceTarget in type pattern firrtl.annotations.SingleTargetAnnotation[firrtl.annotations.InstanceTarget] is unchecked since it is eliminated by erasure
[warn]               case x: SingleTargetAnnotation[InstanceTarget] if x.target.isInstanceOf[InstanceTarget] =>
[warn]                       ^
[warn] /opt/spechunter/chipyard-issue-715-repairv3/tools/barstools/src/main/scala/barstools/tapeout/transforms/ReParentCircuit.scala:57:23: non-variable type argument firrtl.annotations.ReferenceTarget in type pattern firrtl.annotations.SingleTargetAnnotation[firrtl.annotations.ReferenceTarget] is unchecked since it is eliminated by erasure
[warn]               case x: SingleTargetAnnotation[ReferenceTarget] if x.target.isInstanceOf[ReferenceTarget] =>
[warn]                       ^
[warn] /opt/spechunter/chipyard-issue-715-repairv3/tools/barstools/src/main/scala/barstools/tapeout/transforms/AddSuffixToModuleNames.scala:59:19: method record in trait RenameMap is deprecated (since FIRRTL 1.5): Use firrtl.renamemap.MutableRenameMap for recording renames
[warn]         myRenames.record(ModuleTarget(c.main, m.name), ModuleTarget(c.main, renamer(m.name)))
[warn]                   ^
[warn] /opt/spechunter/chipyard-issue-715-repairv3/tools/barstools/src/main/scala/barstools/tapeout/transforms/ConvertToExtModPass.scala:32:13: method setCircuit in trait RenameMap is deprecated (since FIRRTL 1.5): Use firrtl.renamemap.MutableRenameMap for recording renames
[warn]     renames.setCircuit(c.main)
[warn]             ^
[warn] /opt/spechunter/chipyard-issue-715-repairv3/tools/barstools/src/main/scala/barstools/tapeout/transforms/ConvertToExtModPass.scala:46:21: method record in trait RenameMap is deprecated (since FIRRTL 1.5): Use firrtl.renamemap.MutableRenameMap for recording renames
[warn]             renames.record(ReferenceTarget(c.main, m.name, Nil, name, Nil), Nil)
[warn]                     ^
[warn] /opt/spechunter/chipyard-issue-715-repairv3/tools/barstools/src/main/scala/barstools/tapeout/transforms/ReParentCircuit.scala:33:12: method record in trait RenameMap is deprecated (since FIRRTL 1.5): Use firrtl.renamemap.MutableRenameMap for recording renames
[warn]       rmap.record(CircuitTarget(c.main), CircuitTarget(s))
[warn]            ^
[warn] /opt/spechunter/chipyard-issue-715-repairv3/tools/barstools/src/main/scala/barstools/tapeout/transforms/RemoveUnusedModules.scala:61:15: method record in trait RenameMap is deprecated (since FIRRTL 1.5): Use firrtl.renamemap.MutableRenameMap for recording renames
[warn]       renames.record(ModuleTarget(state.circuit.main, x.name), Nil)
[warn]               ^
[warn] 7 warnings found
[info] done compiling
[info] running (fork) barstools.tapeout.transforms.GenerateTopAndHarness --allow-unrecognized-annotations --output-file /opt/spechunter/chipyard-issue-715-repairv3/sims/verilator/generated-src/chipyard.TestHarness.SmallBoomConfig/chipyard.TestHarness.SmallBoomConfig.top.v --harness-o /opt/spechunter/chipyard-issue-715-repairv3/sims/verilator/generated-src/chipyard.TestHarness.SmallBoomConfig/chipyard.TestHarness.SmallBoomConfig.harness.v --input-file /opt/spechunter/chipyard-issue-715-repairv3/sims/verilator/generated-src/chipyard.TestHarness.SmallBoomConfig/chipyard.TestHarness.SmallBoomConfig.fir --syn-top ChipTop --harness-top TestHarness --annotation-file /opt/spechunter/chipyard-issue-715-repairv3/sims/verilator/generated-src/chipyard.TestHarness.SmallBoomConfig/chipyard.TestHarness.SmallBoomConfig.anno.json --top-anno-out /opt/spechunter/chipyard-issue-715-repairv3/sims/verilator/generated-src/chipyard.TestHarness.SmallBoomConfig/chipyard.TestHarness.SmallBoomConfig.top.anno.json --top-dotf-out /opt/spechunter/chipyard-issue-715-repairv3/sims/verilator/generated-src/chipyard.TestHarness.SmallBoomConfig/firrtl_black_box_resource_files.top.f --top-fir /opt/spechunter/chipyard-issue-715-repairv3/sims/verilator/generated-src/chipyard.TestHarness.SmallBoomConfig/chipyard.TestHarness.SmallBoomConfig.top.fir --harness-anno-out /opt/spechunter/chipyard-issue-715-repairv3/sims/verilator/generated-src/chipyard.TestHarness.SmallBoomConfig/chipyard.TestHarness.SmallBoomConfig.harness.anno.json --harness-dotf-out /opt/spechunter/chipyard-issue-715-repairv3/sims/verilator/generated-src/chipyard.TestHarness.SmallBoomConfig/firrtl_black_box_resource_files.harness.f --harness-fir /opt/spechunter/chipyard-issue-715-repairv3/sims/verilator/generated-src/chipyard.TestHarness.SmallBoomConfig/chipyard.TestHarness.SmallBoomConfig.harness.fir --infer-rw --repl-seq-mem -c:TestHarness:-o:/opt/spechunter/chipyard-issue-715-repairv3/sims/verilator/generated-src/chipyard.TestHarness.SmallBoomConfig/chipyard.TestHarness.SmallBoomConfig.top.mems.conf -thconf /opt/spechunter/chipyard-issue-715-repairv3/sims/verilator/generated-src/chipyard.TestHarness.SmallBoomConfig/chipyard.TestHarness.SmallBoomConfig.harness.mems.conf --target-dir /opt/spechunter/chipyard-issue-715-repairv3/sims/verilator/generated-src/chipyard.TestHarness.SmallBoomConfig --log-level error
[error] Picked up JAVA_TOOL_OPTIONS: -Xmx8G -Xss8M -Djava.io.tmpdir=/opt/spechunter/chipyard-issue-715-repairv3/.java_tmp
[success] Total time: 223 s (03:43), completed Sep 18, 2026, 3:42:21 AM
touch /opt/spechunter/chipyard-issue-715-repairv3/sims/verilator/generated-src/chipyard.TestHarness.SmallBoomConfig/firrtl_black_box_resource_files.top.f /opt/spechunter/chipyard-issue-715-repairv3/sims/verilator/generated-src/chipyard.TestHarness.SmallBoomConfig/firrtl_black_box_resource_files.harness.f
cd /opt/spechunter/chipyard-issue-715-repairv3 && java -jar /opt/spechunter/chipyard-issue-715-repairv3/generators/rocket-chip/sbt-launch.jar  ";project tapeout; runMain barstools.macros.MacroCompiler -n /opt/spechunter/chipyard-issue-715-repairv3/sims/verilator/generated-src/chipyard.TestHarness.SmallBoomConfig/chipyard.TestHarness.SmallBoomConfig.top.mems.conf -v /opt/spechunter/chipyard-issue-715-repairv3/sims/verilator/generated-src/chipyard.TestHarness.SmallBoomConfig/chipyard.TestHarness.SmallBoomConfig.top.mems.v -f /opt/spechunter/chipyard-issue-715-repairv3/sims/verilator/generated-src/chipyard.TestHarness.SmallBoomConfig/chipyard.TestHarness.SmallBoomConfig.top.mems.fir --mode synflops"
sort -u /opt/spechunter/chipyard-issue-715-repairv3/sims/verilator/generated-src/chipyard.TestHarness.SmallBoomConfig/sim_files.f /opt/spechunter/chipyard-issue-715-repairv3/sims/verilator/generated-src/chipyard.TestHarness.SmallBoomConfig/firrtl_black_box_resource_files.top.f /opt/spechunter/chipyard-issue-715-repairv3/sims/verilator/generated-src/chipyard.TestHarness.SmallBoomConfig/firrtl_black_box_resource_files.harness.f | grep -v '.*\.\(svh\|h\)$' > /opt/spechunter/chipyard-issue-715-repairv3/sims/verilator/generated-src/chipyard.TestHarness.SmallBoomConfig/sim_files.common.f
Picked up JAVA_TOOL_OPTIONS: -Xmx8G -Xss8M -Djava.io.tmpdir=/opt/spechunter/chipyard-issue-715-repairv3/.java_tmp
WARNING: A terminally deprecated method in java.lang.System has been called
WARNING: System::setSecurityManager has been called by sbt.TrapExit$ (file:/home/ryclic/.sbt/boot/scala-2.12.14/org.scala-sbt/sbt/1.5.5/run_2.12-1.5.5.jar)
WARNING: Please consider reporting this to the maintainers of sbt.TrapExit$
WARNING: System::setSecurityManager will be removed in a future release
[info] welcome to sbt 1.5.5 (N/A Java 17.0.3-internal)
[info] loading settings for project chipyard-issue-715-repairv3-build from plugins.sbt ...
[info] loading project definition from /opt/spechunter/chipyard-issue-715-repairv3/project
[info] loading settings for project chipyardRoot from build.sbt ...
[info] loading settings for project hardfloat from build.sbt ...
[info] loading settings for project rocketConfig from build.sbt ...
[info] loading settings for project testchipip from build.sbt ...
[info] loading settings for project constellation from build.sbt ...
[info] loading settings for project icenet from build.sbt ...
[info] loading settings for project hwacha from build.sbt ...
[info] loading settings for project boom from build.sbt ...
[info] loading settings for project cva6 from build.sbt ...
[info] loading settings for project ibex from build.sbt ...
[info] loading settings for project sodor from build.sbt ...
[info] loading settings for project gemmini from build.sbt ...
[info] loading settings for project tapeout from build.sbt ...
[info] loading settings for project sim-build from plugins.sbt ...
[info] loading project definition from /opt/spechunter/chipyard-issue-715-repairv3/sims/firesim/sim/project
[info] loading settings for project firesim from build.sbt ...
[info] loading settings for project targetutils from build.sbt ...
[info] loading settings for project midas from build.sbt ...
[info] resolving key references (36697 settings) ...
[info] set current project to chipyardRoot (in build file:/opt/spechunter/chipyard-issue-715-repairv3/)
[info] set current project to tapeout (in build file:/opt/spechunter/chipyard-issue-715-repairv3/)
[info] running (fork) barstools.macros.MacroCompiler -n /opt/spechunter/chipyard-issue-715-repairv3/sims/verilator/generated-src/chipyard.TestHarness.SmallBoomConfig/chipyard.TestHarness.SmallBoomConfig.top.mems.conf -v /opt/spechunter/chipyard-issue-715-repairv3/sims/verilator/generated-src/chipyard.TestHarness.SmallBoomConfig/chipyard.TestHarness.SmallBoomConfig.top.mems.v -f /opt/spechunter/chipyard-issue-715-repairv3/sims/verilator/generated-src/chipyard.TestHarness.SmallBoomConfig/chipyard.TestHarness.SmallBoomConfig.top.mems.fir --mode synflops
[error] Picked up JAVA_TOOL_OPTIONS: -Xmx8G -Xss8M -Djava.io.tmpdir=/opt/spechunter/chipyard-issue-715-repairv3/.java_tmp
[success] Total time: 4 s, completed Sep 18, 2026, 3:42:35 AM
cd /opt/spechunter/chipyard-issue-715-repairv3 && java -jar /opt/spechunter/chipyard-issue-715-repairv3/generators/rocket-chip/sbt-launch.jar  ";project tapeout; runMain barstools.macros.MacroCompiler  -n /opt/spechunter/chipyard-issue-715-repairv3/sims/verilator/generated-src/chipyard.TestHarness.SmallBoomConfig/chipyard.TestHarness.SmallBoomConfig.harness.mems.conf -v /opt/spechunter/chipyard-issue-715-repairv3/sims/verilator/generated-src/chipyard.TestHarness.SmallBoomConfig/chipyard.TestHarness.SmallBoomConfig.harness.mems.v -f /opt/spechunter/chipyard-issue-715-repairv3/sims/verilator/generated-src/chipyard.TestHarness.SmallBoomConfig/chipyard.TestHarness.SmallBoomConfig.harness.mems.fir --mode synflops"
Picked up JAVA_TOOL_OPTIONS: -Xmx8G -Xss8M -Djava.io.tmpdir=/opt/spechunter/chipyard-issue-715-repairv3/.java_tmp
WARNING: A terminally deprecated method in java.lang.System has been called
WARNING: System::setSecurityManager has been called by sbt.TrapExit$ (file:/home/ryclic/.sbt/boot/scala-2.12.14/org.scala-sbt/sbt/1.5.5/run_2.12-1.5.5.jar)
WARNING: Please consider reporting this to the maintainers of sbt.TrapExit$
WARNING: System::setSecurityManager will be removed in a future release
[info] welcome to sbt 1.5.5 (N/A Java 17.0.3-internal)
[info] loading settings for project chipyard-issue-715-repairv3-build from plugins.sbt ...
[info] loading project definition from /opt/spechunter/chipyard-issue-715-repairv3/project
[info] loading settings for project chipyardRoot from build.sbt ...
[info] loading settings for project hardfloat from build.sbt ...
[info] loading settings for project rocketConfig from build.sbt ...
[info] loading settings for project testchipip from build.sbt ...
[info] loading settings for project constellation from build.sbt ...
[info] loading settings for project icenet from build.sbt ...
[info] loading settings for project hwacha from build.sbt ...
[info] loading settings for project boom from build.sbt ...
[info] loading settings for project cva6 from build.sbt ...
[info] loading settings for project ibex from build.sbt ...
[info] loading settings for project sodor from build.sbt ...
[info] loading settings for project gemmini from build.sbt ...
[info] loading settings for project tapeout from build.sbt ...
[info] loading settings for project sim-build from plugins.sbt ...
[info] loading project definition from /opt/spechunter/chipyard-issue-715-repairv3/sims/firesim/sim/project
[info] loading settings for project firesim from build.sbt ...
[info] loading settings for project targetutils from build.sbt ...
[info] loading settings for project midas from build.sbt ...
[info] resolving key references (36697 settings) ...
[info] set current project to chipyardRoot (in build file:/opt/spechunter/chipyard-issue-715-repairv3/)
[info] set current project to tapeout (in build file:/opt/spechunter/chipyard-issue-715-repairv3/)
[info] running (fork) barstools.macros.MacroCompiler -n /opt/spechunter/chipyard-issue-715-repairv3/sims/verilator/generated-src/chipyard.TestHarness.SmallBoomConfig/chipyard.TestHarness.SmallBoomConfig.harness.mems.conf -v /opt/spechunter/chipyard-issue-715-repairv3/sims/verilator/generated-src/chipyard.TestHarness.SmallBoomConfig/chipyard.TestHarness.SmallBoomConfig.harness.mems.v -f /opt/spechunter/chipyard-issue-715-repairv3/sims/verilator/generated-src/chipyard.TestHarness.SmallBoomConfig/chipyard.TestHarness.SmallBoomConfig.harness.mems.fir --mode synflops
[error] Picked up JAVA_TOOL_OPTIONS: -Xmx8G -Xss8M -Djava.io.tmpdir=/opt/spechunter/chipyard-issue-715-repairv3/.java_tmp
[success] Total time: 4 s, completed Sep 18, 2026, 3:42:49 AM
rm -rf /opt/spechunter/chipyard-issue-715-repairv3/sims/verilator/generated-src/chipyard.TestHarness.SmallBoomConfig/chipyard.TestHarness.SmallBoomConfig
mkdir -p /opt/spechunter/chipyard-issue-715-repairv3/sims/verilator/generated-src/chipyard.TestHarness.SmallBoomConfig/chipyard.TestHarness.SmallBoomConfig
verilator --cc --exe -CFLAGS " -O3 -std=c++11 -I/opt/spechunter/chipyard-issue-715/.conda-env/riscv-tools/include -I/opt/spechunter/chipyard-issue-715-repairv3/tools/DRAMSim2 -I/opt/spechunter/chipyard-issue-715-repairv3/sims/verilator/generated-src/chipyard.TestHarness.SmallBoomConfig    -D__STDC_FORMAT_MACROS -DTEST_HARNESS=VTestHarness -DVERILATOR -include /opt/spechunter/chipyard-issue-715-repairv3/sims/verilator/generated-src/chipyard.TestHarness.SmallBoomConfig/chipyard.TestHarness.SmallBoomConfig.plusArgs -include /opt/spechunter/chipyard-issue-715-repairv3/sims/verilator/generated-src/chipyard.TestHarness.SmallBoomConfig/verilator.h" -LDFLAGS " -L/opt/spechunter/chipyard-issue-715/.conda-env/riscv-tools/lib -Wl,-rpath,/opt/spechunter/chipyard-issue-715/.conda-env/riscv-tools/lib -L/opt/spechunter/chipyard-issue-715-repairv3/sims/verilator -L/opt/spechunter/chipyard-issue-715-repairv3/tools/DRAMSim2 -lfesvr -ldramsim "   --threads 1 --threads-dpi all -O3 --x-assign fast --x-initial fast --output-split 10000 --output-split-cfuncs 100 --assert -Wno-fatal --timescale 1ns/1ps --max-num-width 1048576 +define+PRINTF_COND=\$c\(\"verbose\",\"\&\&\"\,\"done_reset\"\) +define+STOP_COND=\$c\(\"done_reset\"\) --top-module TestHarness --vpi -f /opt/spechunter/chipyard-issue-715-repairv3/sims/verilator/generated-src/chipyard.TestHarness.SmallBoomConfig/sim_files.common.f /opt/spechunter/chipyard-issue-715-repairv3/sims/verilator/generated-src/chipyard.TestHarness.SmallBoomConfig/chipyard.TestHarness.SmallBoomConfig.top.v /opt/spechunter/chipyard-issue-715-repairv3/sims/verilator/generated-src/chipyard.TestHarness.SmallBoomConfig/chipyard.TestHarness.SmallBoomConfig.harness.v /opt/spechunter/chipyard-issue-715-repairv3/sims/verilator/generated-src/chipyard.TestHarness.SmallBoomConfig/chipyard.TestHarness.SmallBoomConfig.top.mems.v /opt/spechunter/chipyard-issue-715-repairv3/sims/verilator/generated-src/chipyard.TestHarness.SmallBoomConfig/chipyard.TestHarness.SmallBoomConfig.harness.mems.v  -o /opt/spechunter/chipyard-issue-715-repairv3/sims/verilator/simulator-chipyard-SmallBoomConfig -Mdir /opt/spechunter/chipyard-issue-715-repairv3/sims/verilator/generated-src/chipyard.TestHarness.SmallBoomConfig/chipyard.TestHarness.SmallBoomConfig -CFLAGS "-include /opt/spechunter/chipyard-issue-715-repairv3/sims/verilator/generated-src/chipyard.TestHarness.SmallBoomConfig/chipyard.TestHarness.SmallBoomConfig/VTestHarness.h"
%Warning-LATCH: /opt/spechunter/chipyard-issue-715-repairv3/sims/verilator/generated-src/chipyard.TestHarness.SmallBoomConfig/EICG_wrapper.v:12:3: Latch inferred for signal 'TestHarness.chiptop.gated_clock_debug_clock_gate.en_latched' (not all control paths of combinational always assign a value)
                                                                                                                                                 : ... Suggest use of always_latch for intentional latches
   12 |   always @(*) begin
      |   ^~~~~~
                ... For warning description see https://verilator.org/warn/LATCH?v=4.226
                ... Use "/* verilator lint_off LATCH */" and lint_on around source to disable this message.
touch /opt/spechunter/chipyard-issue-715-repairv3/sims/verilator/generated-src/chipyard.TestHarness.SmallBoomConfig/chipyard.TestHarness.SmallBoomConfig/VTestHarness.mk
make VM_PARALLEL_BUILDS=1 -C /opt/spechunter/chipyard-issue-715-repairv3/sims/verilator/generated-src/chipyard.TestHarness.SmallBoomConfig/chipyard.TestHarness.SmallBoomConfig -f VTestHarness.mk
make[1]: Entering directory '/opt/spechunter/chipyard-issue-715-repairv3/sims/verilator/generated-src/chipyard.TestHarness.SmallBoomConfig/chipyard.TestHarness.SmallBoomConfig'
VTestHarness.mk:13: warning: NUL character seen; rest of line ignored
/opt/spechunter/chipyard-issue-715/.conda-env/bin/x86_64-conda-linux-gnu-c++  -I.  -MMD -I/opt/spechunter/chipyard-issue-715/.conda-env/share/verilator/include -I/opt/spechunter/chipyard-issue-715/.conda-env/share/verilator/include/vltstd -DVM_COVERAGE=0 -DVM_SC=0 -DVM_TRACE=0 -DVM_TRACE_FST=0 -DVM_TRACE_VCD=0 -faligned-new -fcf-protection=none -Wno-bool-operation -Wno-sign-compare -Wno-uninitialized -Wno-unused-but-set-variable -Wno-unused-parameter -Wno-unused-variable -Wno-shadow     -O3 -std=c++11 -I/opt/spechunter/chipyard-issue-715/.conda-env/riscv-tools/include -I/opt/spechunter/chipyard-issue-715-repairv3/tools/DRAMSim2 -I/opt/spechunter/chipyard-issue-715-repairv3/sims/verilator/generated-src/chipyard.TestHarness.SmallBoomConfig    -D__STDC_FORMAT_MACROS -DTEST_HARNESS=VTestHarness -DVERILATOR -include /opt/spechunter/chipyard-issue-715-repairv3/sims/verilator/generated-src/chipyard.TestHarness.SmallBoomConfig/chipyard.TestHarness.SmallBoomConfig.plusArgs -include /opt/spechunter/chipyard-issue-715-repairv3/sims/verilator/generated-src/chipyard.TestHarness.SmallBoomConfig/verilator.h -include /opt/spechunter/chipyard-issue-715-repairv3/sims/verilator/generated-src/chipyard.TestHarness.SmallBoomConfig/chipyard.TestHarness.SmallBoomConfig/VTestHarness.h  -DVL_THREADED -std=c++17 -Os -c -o SimDRAM.o /opt/spechunter/chipyard-issue-715-repairv3/sims/verilator/generated-src/chipyard.TestHarness.SmallBoomConfig/SimDRAM.cc
/opt/spechunter/chipyard-issue-715/.conda-env/bin/x86_64-conda-linux-gnu-c++  -I.  -MMD -I/opt/spechunter/chipyard-issue-715/.conda-env/share/verilator/include -I/opt/spechunter/chipyard-issue-715/.conda-env/share/verilator/include/vltstd -DVM_COVERAGE=0 -DVM_SC=0 -DVM_TRACE=0 -DVM_TRACE_FST=0 -DVM_TRACE_VCD=0 -faligned-new -fcf-protection=none -Wno-bool-operation -Wno-sign-compare -Wno-uninitialized -Wno-unused-but-set-variable -Wno-unused-parameter -Wno-unused-variable -Wno-shadow     -O3 -std=c++11 -I/opt/spechunter/chipyard-issue-715/.conda-env/riscv-tools/include -I/opt/spechunter/chipyard-issue-715-repairv3/tools/DRAMSim2 -I/opt/spechunter/chipyard-issue-715-repairv3/sims/verilator/generated-src/chipyard.TestHarness.SmallBoomConfig    -D__STDC_FORMAT_MACROS -DTEST_HARNESS=VTestHarness -DVERILATOR -include /opt/spechunter/chipyard-issue-715-repairv3/sims/verilator/generated-src/chipyard.TestHarness.SmallBoomConfig/chipyard.TestHarness.SmallBoomConfig.plusArgs -include /opt/spechunter/chipyard-issue-715-repairv3/sims/verilator/generated-src/chipyard.TestHarness.SmallBoomConfig/verilator.h -include /opt/spechunter/chipyard-issue-715-repairv3/sims/verilator/generated-src/chipyard.TestHarness.SmallBoomConfig/chipyard.TestHarness.SmallBoomConfig/VTestHarness.h  -DVL_THREADED -std=c++17 -Os -c -o SimDTM.o /opt/spechunter/chipyard-issue-715-repairv3/sims/verilator/generated-src/chipyard.TestHarness.SmallBoomConfig/SimDTM.cc
/opt/spechunter/chipyard-issue-715/.conda-env/bin/x86_64-conda-linux-gnu-c++  -I.  -MMD -I/opt/spechunter/chipyard-issue-715/.conda-env/share/verilator/include -I/opt/spechunter/chipyard-issue-715/.conda-env/share/verilator/include/vltstd -DVM_COVERAGE=0 -DVM_SC=0 -DVM_TRACE=0 -DVM_TRACE_FST=0 -DVM_TRACE_VCD=0 -faligned-new -fcf-protection=none -Wno-bool-operation -Wno-sign-compare -Wno-uninitialized -Wno-unused-but-set-variable -Wno-unused-parameter -Wno-unused-variable -Wno-shadow     -O3 -std=c++11 -I/opt/spechunter/chipyard-issue-715/.conda-env/riscv-tools/include -I/opt/spechunter/chipyard-issue-715-repairv3/tools/DRAMSim2 -I/opt/spechunter/chipyard-issue-715-repairv3/sims/verilator/generated-src/chipyard.TestHarness.SmallBoomConfig    -D__STDC_FORMAT_MACROS -DTEST_HARNESS=VTestHarness -DVERILATOR -include /opt/spechunter/chipyard-issue-715-repairv3/sims/verilator/generated-src/chipyard.TestHarness.SmallBoomConfig/chipyard.TestHarness.SmallBoomConfig.plusArgs -include /opt/spechunter/chipyard-issue-715-repairv3/sims/verilator/generated-src/chipyard.TestHarness.SmallBoomConfig/verilator.h -include /opt/spechunter/chipyard-issue-715-repairv3/sims/verilator/generated-src/chipyard.TestHarness.SmallBoomConfig/chipyard.TestHarness.SmallBoomConfig/VTestHarness.h  -DVL_THREADED -std=c++17 -Os -c -o SimJTAG.o /opt/spechunter/chipyard-issue-715-repairv3/sims/verilator/generated-src/chipyard.TestHarness.SmallBoomConfig/SimJTAG.cc
/opt/spechunter/chipyard-issue-715/.conda-env/bin/x86_64-conda-linux-gnu-c++  -I.  -MMD -I/opt/spechunter/chipyard-issue-715/.conda-env/share/verilator/include -I/opt/spechunter/chipyard-issue-715/.conda-env/share/verilator/include/vltstd -DVM_COVERAGE=0 -DVM_SC=0 -DVM_TRACE=0 -DVM_TRACE_FST=0 -DVM_TRACE_VCD=0 -faligned-new -fcf-protection=none -Wno-bool-operation -Wno-sign-compare -Wno-uninitialized -Wno-unused-but-set-variable -Wno-unused-parameter -Wno-unused-variable -Wno-shadow     -O3 -std=c++11 -I/opt/spechunter/chipyard-issue-715/.conda-env/riscv-tools/include -I/opt/spechunter/chipyard-issue-715-repairv3/tools/DRAMSim2 -I/opt/spechunter/chipyard-issue-715-repairv3/sims/verilator/generated-src/chipyard.TestHarness.SmallBoomConfig    -D__STDC_FORMAT_MACROS -DTEST_HARNESS=VTestHarness -DVERILATOR -include /opt/spechunter/chipyard-issue-715-repairv3/sims/verilator/generated-src/chipyard.TestHarness.SmallBoomConfig/chipyard.TestHarness.SmallBoomConfig.plusArgs -include /opt/spechunter/chipyard-issue-715-repairv3/sims/verilator/generated-src/chipyard.TestHarness.SmallBoomConfig/verilator.h -include /opt/spechunter/chipyard-issue-715-repairv3/sims/verilator/generated-src/chipyard.TestHarness.SmallBoomConfig/chipyard.TestHarness.SmallBoomConfig/VTestHarness.h  -DVL_THREADED -std=c++17 -Os -c -o SimSerial.o /opt/spechunter/chipyard-issue-715-repairv3/sims/verilator/generated-src/chipyard.TestHarness.SmallBoomConfig/SimSerial.cc
/opt/spechunter/chipyard-issue-715/.conda-env/bin/x86_64-conda-linux-gnu-c++  -I.  -MMD -I/opt/spechunter/chipyard-issue-715/.conda-env/share/verilator/include -I/opt/spechunter/chipyard-issue-715/.conda-env/share/verilator/include/vltstd -DVM_COVERAGE=0 -DVM_SC=0 -DVM_TRACE=0 -DVM_TRACE_FST=0 -DVM_TRACE_VCD=0 -faligned-new -fcf-protection=none -Wno-bool-operation -Wno-sign-compare -Wno-uninitialized -Wno-unused-but-set-variable -Wno-unused-parameter -Wno-unused-variable -Wno-shadow     -O3 -std=c++11 -I/opt/spechunter/chipyard-issue-715/.conda-env/riscv-tools/include -I/opt/spechunter/chipyard-issue-715-repairv3/tools/DRAMSim2 -I/opt/spechunter/chipyard-issue-715-repairv3/sims/verilator/generated-src/chipyard.TestHarness.SmallBoomConfig    -D__STDC_FORMAT_MACROS -DTEST_HARNESS=VTestHarness -DVERILATOR -include /opt/spechunter/chipyard-issue-715-repairv3/sims/verilator/generated-src/chipyard.TestHarness.SmallBoomConfig/chipyard.TestHarness.SmallBoomConfig.plusArgs -include /opt/spechunter/chipyard-issue-715-repairv3/sims/verilator/generated-src/chipyard.TestHarness.SmallBoomConfig/verilator.h -include /opt/spechunter/chipyard-issue-715-repairv3/sims/verilator/generated-src/chipyard.TestHarness.SmallBoomConfig/chipyard.TestHarness.SmallBoomConfig/VTestHarness.h  -DVL_THREADED -std=c++17 -Os -c -o SimUART.o /opt/spechunter/chipyard-issue-715-repairv3/sims/verilator/generated-src/chipyard.TestHarness.SmallBoomConfig/SimUART.cc
/opt/spechunter/chipyard-issue-715/.conda-env/bin/x86_64-conda-linux-gnu-c++  -I.  -MMD -I/opt/spechunter/chipyard-issue-715/.conda-env/share/verilator/include -I/opt/spechunter/chipyard-issue-715/.conda-env/share/verilator/include/vltstd -DVM_COVERAGE=0 -DVM_SC=0 -DVM_TRACE=0 -DVM_TRACE_FST=0 -DVM_TRACE_VCD=0 -faligned-new -fcf-protection=none -Wno-bool-operation -Wno-sign-compare -Wno-uninitialized -Wno-unused-but-set-variable -Wno-unused-parameter -Wno-unused-variable -Wno-shadow     -O3 -std=c++11 -I/opt/spechunter/chipyard-issue-715/.conda-env/riscv-tools/include -I/opt/spechunter/chipyard-issue-715-repairv3/tools/DRAMSim2 -I/opt/spechunter/chipyard-issue-715-repairv3/sims/verilator/generated-src/chipyard.TestHarness.SmallBoomConfig    -D__STDC_FORMAT_MACROS -DTEST_HARNESS=VTestHarness -DVERILATOR -include /opt/spechunter/chipyard-issue-715-repairv3/sims/verilator/generated-src/chipyard.TestHarness.SmallBoomConfig/chipyard.TestHarness.SmallBoomConfig.plusArgs -include /opt/spechunter/chipyard-issue-715-repairv3/sims/verilator/generated-src/chipyard.TestHarness.SmallBoomConfig/verilator.h -include /opt/spechunter/chipyard-issue-715-repairv3/sims/verilator/generated-src/chipyard.TestHarness.SmallBoomConfig/chipyard.TestHarness.SmallBoomConfig/VTestHarness.h  -DVL_THREADED -std=c++17 -Os -c -o emulator.o /opt/spechunter/chipyard-issue-715-repairv3/sims/verilator/generated-src/chipyard.TestHarness.SmallBoomConfig/emulator.cc
/opt/spechunter/chipyard-issue-715/.conda-env/bin/x86_64-conda-linux-gnu-c++  -I.  -MMD -I/opt/spechunter/chipyard-issue-715/.conda-env/share/verilator/include -I/opt/spechunter/chipyard-issue-715/.conda-env/share/verilator/include/vltstd -DVM_COVERAGE=0 -DVM_SC=0 -DVM_TRACE=0 -DVM_TRACE_FST=0 -DVM_TRACE_VCD=0 -faligned-new -fcf-protection=none -Wno-bool-operation -Wno-sign-compare -Wno-uninitialized -Wno-unused-but-set-variable -Wno-unused-parameter -Wno-unused-variable -Wno-shadow     -O3 -std=c++11 -I/opt/spechunter/chipyard-issue-715/.conda-env/riscv-tools/include -I/opt/spechunter/chipyard-issue-715-repairv3/tools/DRAMSim2 -I/opt/spechunter/chipyard-issue-715-repairv3/sims/verilator/generated-src/chipyard.TestHarness.SmallBoomConfig    -D__STDC_FORMAT_MACROS -DTEST_HARNESS=VTestHarness -DVERILATOR -include /opt/spechunter/chipyard-issue-715-repairv3/sims/verilator/generated-src/chipyard.TestHarness.SmallBoomConfig/chipyard.TestHarness.SmallBoomConfig.plusArgs -include /opt/spechunter/chipyard-issue-715-repairv3/sims/verilator/generated-src/chipyard.TestHarness.SmallBoomConfig/verilator.h -include /opt/spechunter/chipyard-issue-715-repairv3/sims/verilator/generated-src/chipyard.TestHarness.SmallBoomConfig/chipyard.TestHarness.SmallBoomConfig/VTestHarness.h  -DVL_THREADED -std=c++17 -Os -c -o mm.o /opt/spechunter/chipyard-issue-715-repairv3/sims/verilator/generated-src/chipyard.TestHarness.SmallBoomConfig/mm.cc
/opt/spechunter/chipyard-issue-715/.conda-env/bin/x86_64-conda-linux-gnu-c++  -I.  -MMD -I/opt/spechunter/chipyard-issue-715/.conda-env/share/verilator/include -I/opt/spechunter/chipyard-issue-715/.conda-env/share/verilator/include/vltstd -DVM_COVERAGE=0 -DVM_SC=0 -DVM_TRACE=0 -DVM_TRACE_FST=0 -DVM_TRACE_VCD=0 -faligned-new -fcf-protection=none -Wno-bool-operation -Wno-sign-compare -Wno-uninitialized -Wno-unused-but-set-variable -Wno-unused-parameter -Wno-unused-variable -Wno-shadow     -O3 -std=c++11 -I/opt/spechunter/chipyard-issue-715/.conda-env/riscv-tools/include -I/opt/spechunter/chipyard-issue-715-repairv3/tools/DRAMSim2 -I/opt/spechunter/chipyard-issue-715-repairv3/sims/verilator/generated-src/chipyard.TestHarness.SmallBoomConfig    -D__STDC_FORMAT_MACROS -DTEST_HARNESS=VTestHarness -DVERILATOR -include /opt/spechunter/chipyard-issue-715-repairv3/sims/verilator/generated-src/chipyard.TestHarness.SmallBoomConfig/chipyard.TestHarness.SmallBoomConfig.plusArgs -include /opt/spechunter/chipyard-issue-715-repairv3/sims/verilator/generated-src/chipyard.TestHarness.SmallBoomConfig/verilator.h -include /opt/spechunter/chipyard-issue-715-repairv3/sims/verilator/generated-src/chipyard.TestHarness.SmallBoomConfig/chipyard.TestHarness.SmallBoomConfig/VTestHarness.h  -DVL_THREADED -std=c++17 -Os -c -o mm_dramsim2.o /opt/spechunter/chipyard-issue-715-repairv3/sims/verilator/generated-src/chipyard.TestHarness.SmallBoomConfig/mm_dramsim2.cc
In file included from /opt/spechunter/chipyard-issue-715/.conda-env/share/verilator/include/verilated.h:35,
                 from /opt/spechunter/chipyard-issue-715/.conda-env/share/verilator/include/verilated_vcd_c.h:24,
                 from /opt/spechunter/chipyard-issue-715-repairv3/sims/verilator/generated-src/chipyard.TestHarness.SmallBoomConfig/verilator.h:4,
                 from <command-line>:
/opt/spechunter/chipyard-issue-715/.conda-env/share/verilator/include/verilatedos.h:291: warning: "__STDC_FORMAT_MACROS" redefined
  291 | #define __STDC_FORMAT_MACROS
      | 
In file included from /opt/spechunter/chipyard-issue-715/.conda-env/share/verilator/include/verilated.h:35,
                 from /opt/spechunter/chipyard-issue-715/.conda-env/share/verilator/include/verilated_vcd_c.h:24,
                 from /opt/spechunter/chipyard-issue-715-repairv3/sims/verilator/generated-src/chipyard.TestHarness.SmallBoomConfig/verilator.h:4,
                 from <command-line>:
/opt/spechunter/chipyard-issue-715/.conda-env/share/verilator/include/verilatedos.h:291: warning: "__STDC_FORMAT_MACROS" redefined
  291 | #define __STDC_FORMAT_MACROS
      | 
In file included from /opt/spechunter/chipyard-issue-715/.conda-env/share/verilator/include/verilated.h:35,
                 from /opt/spechunter/chipyard-issue-715/.conda-env/share/verilator/include/verilated_vcd_c.h:24,
                 from /opt/spechunter/chipyard-issue-715-repairv3/sims/verilator/generated-src/chipyard.TestHarness.SmallBoomConfig/verilator.h:4,
                 from <command-line>:
/opt/spechunter/chipyard-issue-715/.conda-env/share/verilator/include/verilatedos.h:291: warning: "__STDC_FORMAT_MACROS" redefined
  291 | #define __STDC_FORMAT_MACROS
      | 
<command-line>: note: this is the location of the previous definition
<command-line>: note: this is the location of the previous definition
<command-line>: note: this is the location of the previous definition
In file included from /opt/spechunter/chipyard-issue-715/.conda-env/share/verilator/include/verilated.h:35,
                 from /opt/spechunter/chipyard-issue-715/.conda-env/share/verilator/include/verilated_vcd_c.h:24,
                 from /opt/spechunter/chipyard-issue-715-repairv3/sims/verilator/generated-src/chipyard.TestHarness.SmallBoomConfig/verilator.h:4,
                 from <command-line>:
/opt/spechunter/chipyard-issue-715/.conda-env/share/verilator/include/verilatedos.h:291: warning: "__STDC_FORMAT_MACROS" redefined
  291 | #define __STDC_FORMAT_MACROS
      | 
<command-line>: note: this is the location of the previous definition
In file included from /opt/spechunter/chipyard-issue-715/.conda-env/share/verilator/include/verilated.h:35,
                 from /opt/spechunter/chipyard-issue-715/.conda-env/share/verilator/include/verilated_vcd_c.h:24,
                 from /opt/spechunter/chipyard-issue-715-repairv3/sims/verilator/generated-src/chipyard.TestHarness.SmallBoomConfig/verilator.h:4,
                 from <command-line>:
/opt/spechunter/chipyard-issue-715/.conda-env/share/verilator/include/verilatedos.h:291: warning: "__STDC_FORMAT_MACROS" redefined
  291 | #define __STDC_FORMAT_MACROS
      | 
<command-line>: note: this is the location of the previous definition
In file included from /opt/spechunter/chipyard-issue-715/.conda-env/share/verilator/include/verilated.h:35,
                 from /opt/spechunter/chipyard-issue-715/.conda-env/share/verilator/include/verilated_vcd_c.h:24,
                 from /opt/spechunter/chipyard-issue-715-repairv3/sims/verilator/generated-src/chipyard.TestHarness.SmallBoomConfig/verilator.h:4,
                 from <command-line>:
/opt/spechunter/chipyard-issue-715/.conda-env/share/verilator/include/verilatedos.h:291: warning: "__STDC_FORMAT_MACROS" redefined
  291 | #define __STDC_FORMAT_MACROS
      | 
<command-line>: note: this is the location of the previous definition
In file included from /opt/spechunter/chipyard-issue-715/.conda-env/share/verilator/include/verilated.h:35,
                 from /opt/spechunter/chipyard-issue-715/.conda-env/share/verilator/include/verilated_vcd_c.h:24,
                 from /opt/spechunter/chipyard-issue-715-repairv3/sims/verilator/generated-src/chipyard.TestHarness.SmallBoomConfig/verilator.h:4,
                 from <command-line>:
/opt/spechunter/chipyard-issue-715/.conda-env/share/verilator/include/verilatedos.h:291: warning: "__STDC_FORMAT_MACROS" redefined
  291 | #define __STDC_FORMAT_MACROS
      | 
<command-line>: note: this is the location of the previous definition
In file included from /opt/spechunter/chipyard-issue-715/.conda-env/share/verilator/include/verilated.h:35,
                 from /opt/spechunter/chipyard-issue-715/.conda-env/share/verilator/include/verilated_vcd_c.h:24,
                 from /opt/spechunter/chipyard-issue-715-repairv3/sims/verilator/generated-src/chipyard.TestHarness.SmallBoomConfig/verilator.h:4,
                 from <command-line>:
/opt/spechunter/chipyard-issue-715/.conda-env/share/verilator/include/verilatedos.h:291: warning: "__STDC_FORMAT_MACROS" redefined
  291 | #define __STDC_FORMAT_MACROS
      | 
<command-line>: note: this is the location of the previous definition
/opt/spechunter/chipyard-issue-715/.conda-env/bin/x86_64-conda-linux-gnu-c++  -I.  -MMD -I/opt/spechunter/chipyard-issue-715/.conda-env/share/verilator/include -I/opt/spechunter/chipyard-issue-715/.conda-env/share/verilator/include/vltstd -DVM_COVERAGE=0 -DVM_SC=0 -DVM_TRACE=0 -DVM_TRACE_FST=0 -DVM_TRACE_VCD=0 -faligned-new -fcf-protection=none -Wno-bool-operation -Wno-sign-compare -Wno-uninitialized -Wno-unused-but-set-variable -Wno-unused-parameter -Wno-unused-variable -Wno-shadow     -O3 -std=c++11 -I/opt/spechunter/chipyard-issue-715/.conda-env/riscv-tools/include -I/opt/spechunter/chipyard-issue-715-repairv3/tools/DRAMSim2 -I/opt/spechunter/chipyard-issue-715-repairv3/sims/verilator/generated-src/chipyard.TestHarness.SmallBoomConfig    -D__STDC_FORMAT_MACROS -DTEST_HARNESS=VTestHarness -DVERILATOR -include /opt/spechunter/chipyard-issue-715-repairv3/sims/verilator/generated-src/chipyard.TestHarness.SmallBoomConfig/chipyard.TestHarness.SmallBoomConfig.plusArgs -include /opt/spechunter/chipyard-issue-715-repairv3/sims/verilator/generated-src/chipyard.TestHarness.SmallBoomConfig/verilator.h -include /opt/spechunter/chipyard-issue-715-repairv3/sims/verilator/generated-src/chipyard.TestHarness.SmallBoomConfig/chipyard.TestHarness.SmallBoomConfig/VTestHarness.h  -DVL_THREADED -std=c++17 -Os -c -o remote_bitbang.o /opt/spechunter/chipyard-issue-715-repairv3/sims/verilator/generated-src/chipyard.TestHarness.SmallBoomConfig/remote_bitbang.cc
In file included from /opt/spechunter/chipyard-issue-715/.conda-env/share/verilator/include/verilated.h:35,
                 from /opt/spechunter/chipyard-issue-715/.conda-env/share/verilator/include/verilated_vcd_c.h:24,
                 from /opt/spechunter/chipyard-issue-715-repairv3/sims/verilator/generated-src/chipyard.TestHarness.SmallBoomConfig/verilator.h:4,
                 from <command-line>:
/opt/spechunter/chipyard-issue-715/.conda-env/share/verilator/include/verilatedos.h:291: warning: "__STDC_FORMAT_MACROS" redefined
  291 | #define __STDC_FORMAT_MACROS
      | 
<command-line>: note: this is the location of the previous definition
/opt/spechunter/chipyard-issue-715/.conda-env/bin/x86_64-conda-linux-gnu-c++  -I.  -MMD -I/opt/spechunter/chipyard-issue-715/.conda-env/share/verilator/include -I/opt/spechunter/chipyard-issue-715/.conda-env/share/verilator/include/vltstd -DVM_COVERAGE=0 -DVM_SC=0 -DVM_TRACE=0 -DVM_TRACE_FST=0 -DVM_TRACE_VCD=0 -faligned-new -fcf-protection=none -Wno-bool-operation -Wno-sign-compare -Wno-uninitialized -Wno-unused-but-set-variable -Wno-unused-parameter -Wno-unused-variable -Wno-shadow     -O3 -std=c++11 -I/opt/spechunter/chipyard-issue-715/.conda-env/riscv-tools/include -I/opt/spechunter/chipyard-issue-715-repairv3/tools/DRAMSim2 -I/opt/spechunter/chipyard-issue-715-repairv3/sims/verilator/generated-src/chipyard.TestHarness.SmallBoomConfig    -D__STDC_FORMAT_MACROS -DTEST_HARNESS=VTestHarness -DVERILATOR -include /opt/spechunter/chipyard-issue-715-repairv3/sims/verilator/generated-src/chipyard.TestHarness.SmallBoomConfig/chipyard.TestHarness.SmallBoomConfig.plusArgs -include /opt/spechunter/chipyard-issue-715-repairv3/sims/verilator/generated-src/chipyard.TestHarness.SmallBoomConfig/verilator.h -include /opt/spechunter/chipyard-issue-715-repairv3/sims/verilator/generated-src/chipyard.TestHarness.SmallBoomConfig/chipyard.TestHarness.SmallBoomConfig/VTestHarness.h  -DVL_THREADED -std=c++17 -Os -c -o testchip_tsi.o /opt/spechunter/chipyard-issue-715-repairv3/sims/verilator/generated-src/chipyard.TestHarness.SmallBoomConfig/testchip_tsi.cc
In file included from /opt/spechunter/chipyard-issue-715/.conda-env/share/verilator/include/verilated.h:35,
                 from /opt/spechunter/chipyard-issue-715/.conda-env/share/verilator/include/verilated_vcd_c.h:24,
                 from /opt/spechunter/chipyard-issue-715-repairv3/sims/verilator/generated-src/chipyard.TestHarness.SmallBoomConfig/verilator.h:4,
                 from <command-line>:
/opt/spechunter/chipyard-issue-715/.conda-env/share/verilator/include/verilatedos.h:291: warning: "__STDC_FORMAT_MACROS" redefined
  291 | #define __STDC_FORMAT_MACROS
      | 
<command-line>: note: this is the location of the previous definition
/opt/spechunter/chipyard-issue-715/.conda-env/bin/x86_64-conda-linux-gnu-c++  -I.  -MMD -I/opt/spechunter/chipyard-issue-715/.conda-env/share/verilator/include -I/opt/spechunter/chipyard-issue-715/.conda-env/share/verilator/include/vltstd -DVM_COVERAGE=0 -DVM_SC=0 -DVM_TRACE=0 -DVM_TRACE_FST=0 -DVM_TRACE_VCD=0 -faligned-new -fcf-protection=none -Wno-bool-operation -Wno-sign-compare -Wno-uninitialized -Wno-unused-but-set-variable -Wno-unused-parameter -Wno-unused-variable -Wno-shadow     -O3 -std=c++11 -I/opt/spechunter/chipyard-issue-715/.conda-env/riscv-tools/include -I/opt/spechunter/chipyard-issue-715-repairv3/tools/DRAMSim2 -I/opt/spechunter/chipyard-issue-715-repairv3/sims/verilator/generated-src/chipyard.TestHarness.SmallBoomConfig    -D__STDC_FORMAT_MACROS -DTEST_HARNESS=VTestHarness -DVERILATOR -include /opt/spechunter/chipyard-issue-715-repairv3/sims/verilator/generated-src/chipyard.TestHarness.SmallBoomConfig/chipyard.TestHarness.SmallBoomConfig.plusArgs -include /opt/spechunter/chipyard-issue-715-repairv3/sims/verilator/generated-src/chipyard.TestHarness.SmallBoomConfig/verilator.h -include /opt/spechunter/chipyard-issue-715-repairv3/sims/verilator/generated-src/chipyard.TestHarness.SmallBoomConfig/chipyard.TestHarness.SmallBoomConfig/VTestHarness.h  -DVL_THREADED -std=c++17 -Os -c -o uart.o /opt/spechunter/chipyard-issue-715-repairv3/sims/verilator/generated-src/chipyard.TestHarness.SmallBoomConfig/uart.cc
In file included from /opt/spechunter/chipyard-issue-715/.conda-env/share/verilator/include/verilated.h:35,
                 from /opt/spechunter/chipyard-issue-715/.conda-env/share/verilator/include/verilated_vcd_c.h:24,
                 from /opt/spechunter/chipyard-issue-715-repairv3/sims/verilator/generated-src/chipyard.TestHarness.SmallBoomConfig/verilator.h:4,
                 from <command-line>:
/opt/spechunter/chipyard-issue-715/.conda-env/share/verilator/include/verilatedos.h:291: warning: "__STDC_FORMAT_MACROS" redefined
  291 | #define __STDC_FORMAT_MACROS
      | 
<command-line>: note: this is the location of the previous definition
/opt/spechunter/chipyard-issue-715/.conda-env/bin/x86_64-conda-linux-gnu-c++  -I.  -MMD -I/opt/spechunter/chipyard-issue-715/.conda-env/share/verilator/include -I/opt/spechunter/chipyard-issue-715/.conda-env/share/verilator/include/vltstd -DVM_COVERAGE=0 -DVM_SC=0 -DVM_TRACE=0 -DVM_TRACE_FST=0 -DVM_TRACE_VCD=0 -faligned-new -fcf-protection=none -Wno-bool-operation -Wno-sign-compare -Wno-uninitialized -Wno-unused-but-set-variable -Wno-unused-parameter -Wno-unused-variable -Wno-shadow     -O3 -std=c++11 -I/opt/spechunter/chipyard-issue-715/.conda-env/riscv-tools/include -I/opt/spechunter/chipyard-issue-715-repairv3/tools/DRAMSim2 -I/opt/spechunter/chipyard-issue-715-repairv3/sims/verilator/generated-src/chipyard.TestHarness.SmallBoomConfig    -D__STDC_FORMAT_MACROS -DTEST_HARNESS=VTestHarness -DVERILATOR -include /opt/spechunter/chipyard-issue-715-repairv3/sims/verilator/generated-src/chipyard.TestHarness.SmallBoomConfig/chipyard.TestHarness.SmallBoomConfig.plusArgs -include /opt/spechunter/chipyard-issue-715-repairv3/sims/verilator/generated-src/chipyard.TestHarness.SmallBoomConfig/verilator.h -include /opt/spechunter/chipyard-issue-715-repairv3/sims/verilator/generated-src/chipyard.TestHarness.SmallBoomConfig/chipyard.TestHarness.SmallBoomConfig/VTestHarness.h  -DVL_THREADED -std=c++17 -Os -c -o verilated.o /opt/spechunter/chipyard-issue-715/.conda-env/share/verilator/include/verilated.cpp
In file included from /opt/spechunter/chipyard-issue-715/.conda-env/share/verilator/include/verilated.h:35,
                 from /opt/spechunter/chipyard-issue-715/.conda-env/share/verilator/include/verilated_vcd_c.h:24,
                 from /opt/spechunter/chipyard-issue-715-repairv3/sims/verilator/generated-src/chipyard.TestHarness.SmallBoomConfig/verilator.h:4,
                 from <command-line>:
/opt/spechunter/chipyard-issue-715/.conda-env/share/verilator/include/verilatedos.h:291: warning: "__STDC_FORMAT_MACROS" redefined
  291 | #define __STDC_FORMAT_MACROS
      | 
<command-line>: note: this is the location of the previous definition
/opt/spechunter/chipyard-issue-715-repairv3/sims/verilator/generated-src/chipyard.TestHarness.SmallBoomConfig/uart.cc:7: warning: "_XOPEN_SOURCE" redefined
    7 | #define _XOPEN_SOURCE
      | 
In file included from /opt/spechunter/chipyard-issue-715/.conda-env/x86_64-conda-linux-gnu/include/c++/12.1.0/x86_64-conda-linux-gnu/bits/os_defines.h:39,
                 from /opt/spechunter/chipyard-issue-715/.conda-env/x86_64-conda-linux-gnu/include/c++/12.1.0/x86_64-conda-linux-gnu/bits/c++config.h:655,
                 from /opt/spechunter/chipyard-issue-715/.conda-env/x86_64-conda-linux-gnu/include/c++/12.1.0/cstdint:38,
                 from /opt/spechunter/chipyard-issue-715/.conda-env/share/verilator/include/verilatedos.h:294:
/opt/spechunter/chipyard-issue-715/.conda-env/x86_64-conda-linux-gnu/sysroot/usr/include/features.h:170: note: this is the location of the previous definition
  170 | # define _XOPEN_SOURCE  700
      | 
/opt/spechunter/chipyard-issue-715/.conda-env/bin/x86_64-conda-linux-gnu-c++  -I.  -MMD -I/opt/spechunter/chipyard-issue-715/.conda-env/share/verilator/include -I/opt/spechunter/chipyard-issue-715/.conda-env/share/verilator/include/vltstd -DVM_COVERAGE=0 -DVM_SC=0 -DVM_TRACE=0 -DVM_TRACE_FST=0 -DVM_TRACE_VCD=0 -faligned-new -fcf-protection=none -Wno-bool-operation -Wno-sign-compare -Wno-uninitialized -Wno-unused-but-set-variable -Wno-unused-parameter -Wno-unused-variable -Wno-shadow     -O3 -std=c++11 -I/opt/spechunter/chipyard-issue-715/.conda-env/riscv-tools/include -I/opt/spechunter/chipyard-issue-715-repairv3/tools/DRAMSim2 -I/opt/spechunter/chipyard-issue-715-repairv3/sims/verilator/generated-src/chipyard.TestHarness.SmallBoomConfig    -D__STDC_FORMAT_MACROS -DTEST_HARNESS=VTestHarness -DVERILATOR -include /opt/spechunter/chipyard-issue-715-repairv3/sims/verilator/generated-src/chipyard.TestHarness.SmallBoomConfig/chipyard.TestHarness.SmallBoomConfig.plusArgs -include /opt/spechunter/chipyard-issue-715-repairv3/sims/verilator/generated-src/chipyard.TestHarness.SmallBoomConfig/verilator.h -include /opt/spechunter/chipyard-issue-715-repairv3/sims/verilator/generated-src/chipyard.TestHarness.SmallBoomConfig/chipyard.TestHarness.SmallBoomConfig/VTestHarness.h  -DVL_THREADED -std=c++17 -Os -c -o verilated_dpi.o /opt/spechunter/chipyard-issue-715/.conda-env/share/verilator/include/verilated_dpi.cpp
In file included from /opt/spechunter/chipyard-issue-715/.conda-env/share/verilator/include/verilated.h:35,
                 from /opt/spechunter/chipyard-issue-715/.conda-env/share/verilator/include/verilated_vcd_c.h:24,
                 from /opt/spechunter/chipyard-issue-715-repairv3/sims/verilator/generated-src/chipyard.TestHarness.SmallBoomConfig/verilator.h:4,
                 from <command-line>:
/opt/spechunter/chipyard-issue-715/.conda-env/share/verilator/include/verilatedos.h:291: warning: "__STDC_FORMAT_MACROS" redefined
  291 | #define __STDC_FORMAT_MACROS
      | 
<command-line>: note: this is the location of the previous definition
/opt/spechunter/chipyard-issue-715/.conda-env/bin/x86_64-conda-linux-gnu-c++  -I.  -MMD -I/opt/spechunter/chipyard-issue-715/.conda-env/share/verilator/include -I/opt/spechunter/chipyard-issue-715/.conda-env/share/verilator/include/vltstd -DVM_COVERAGE=0 -DVM_SC=0 -DVM_TRACE=0 -DVM_TRACE_FST=0 -DVM_TRACE_VCD=0 -faligned-new -fcf-protection=none -Wno-bool-operation -Wno-sign-compare -Wno-uninitialized -Wno-unused-but-set-variable -Wno-unused-parameter -Wno-unused-variable -Wno-shadow     -O3 -std=c++11 -I/opt/spechunter/chipyard-issue-715/.conda-env/riscv-tools/include -I/opt/spechunter/chipyard-issue-715-repairv3/tools/DRAMSim2 -I/opt/spechunter/chipyard-issue-715-repairv3/sims/verilator/generated-src/chipyard.TestHarness.SmallBoomConfig    -D__STDC_FORMAT_MACROS -DTEST_HARNESS=VTestHarness -DVERILATOR -include /opt/spechunter/chipyard-issue-715-repairv3/sims/verilator/generated-src/chipyard.TestHarness.SmallBoomConfig/chipyard.TestHarness.SmallBoomConfig.plusArgs -include /opt/spechunter/chipyard-issue-715-repairv3/sims/verilator/generated-src/chipyard.TestHarness.SmallBoomConfig/verilator.h -include /opt/spechunter/chipyard-issue-715-repairv3/sims/verilator/generated-src/chipyard.TestHarness.SmallBoomConfig/chipyard.TestHarness.SmallBoomConfig/VTestHarness.h  -DVL_THREADED -std=c++17 -Os -c -o verilated_vpi.o /opt/spechunter/chipyard-issue-715/.conda-env/share/verilator/include/verilated_vpi.cpp
In file included from /opt/spechunter/chipyard-issue-715/.conda-env/share/verilator/include/verilated.h:35,
                 from /opt/spechunter/chipyard-issue-715/.conda-env/share/verilator/include/verilated_vcd_c.h:24,
                 from /opt/spechunter/chipyard-issue-715-repairv3/sims/verilator/generated-src/chipyard.TestHarness.SmallBoomConfig/verilator.h:4,
                 from <command-line>:
/opt/spechunter/chipyard-issue-715/.conda-env/share/verilator/include/verilatedos.h:291: warning: "__STDC_FORMAT_MACROS" redefined
  291 | #define __STDC_FORMAT_MACROS
      | 
<command-line>: note: this is the location of the previous definition
/opt/spechunter/chipyard-issue-715/.conda-env/bin/x86_64-conda-linux-gnu-c++  -I.  -MMD -I/opt/spechunter/chipyard-issue-715/.conda-env/share/verilator/include -I/opt/spechunter/chipyard-issue-715/.conda-env/share/verilator/include/vltstd -DVM_COVERAGE=0 -DVM_SC=0 -DVM_TRACE=0 -DVM_TRACE_FST=0 -DVM_TRACE_VCD=0 -faligned-new -fcf-protection=none -Wno-bool-operation -Wno-sign-compare -Wno-uninitialized -Wno-unused-but-set-variable -Wno-unused-parameter -Wno-unused-variable -Wno-shadow     -O3 -std=c++11 -I/opt/spechunter/chipyard-issue-715/.conda-env/riscv-tools/include -I/opt/spechunter/chipyard-issue-715-repairv3/tools/DRAMSim2 -I/opt/spechunter/chipyard-issue-715-repairv3/sims/verilator/generated-src/chipyard.TestHarness.SmallBoomConfig    -D__STDC_FORMAT_MACROS -DTEST_HARNESS=VTestHarness -DVERILATOR -include /opt/spechunter/chipyard-issue-715-repairv3/sims/verilator/generated-src/chipyard.TestHarness.SmallBoomConfig/chipyard.TestHarness.SmallBoomConfig.plusArgs -include /opt/spechunter/chipyard-issue-715-repairv3/sims/verilator/generated-src/chipyard.TestHarness.SmallBoomConfig/verilator.h -include /opt/spechunter/chipyard-issue-715-repairv3/sims/verilator/generated-src/chipyard.TestHarness.SmallBoomConfig/chipyard.TestHarness.SmallBoomConfig/VTestHarness.h  -DVL_THREADED -std=c++17 -Os -c -o verilated_threads.o /opt/spechunter/chipyard-issue-715/.conda-env/share/verilator/include/verilated_threads.cpp
In file included from /opt/spechunter/chipyard-issue-715/.conda-env/share/verilator/include/verilated.h:35,
                 from /opt/spechunter/chipyard-issue-715/.conda-env/share/verilator/include/verilated_vcd_c.h:24,
                 from /opt/spechunter/chipyard-issue-715-repairv3/sims/verilator/generated-src/chipyard.TestHarness.SmallBoomConfig/verilator.h:4,
                 from <command-line>:
/opt/spechunter/chipyard-issue-715/.conda-env/share/verilator/include/verilatedos.h:291: warning: "__STDC_FORMAT_MACROS" redefined
  291 | #define __STDC_FORMAT_MACROS
      | 
<command-line>: note: this is the location of the previous definition
/opt/spechunter/chipyard-issue-715/.conda-env/bin/x86_64-conda-linux-gnu-c++  -I.  -MMD -I/opt/spechunter/chipyard-issue-715/.conda-env/share/verilator/include -I/opt/spechunter/chipyard-issue-715/.conda-env/share/verilator/include/vltstd -DVM_COVERAGE=0 -DVM_SC=0 -DVM_TRACE=0 -DVM_TRACE_FST=0 -DVM_TRACE_VCD=0 -faligned-new -fcf-protection=none -Wno-bool-operation -Wno-sign-compare -Wno-uninitialized -Wno-unused-but-set-variable -Wno-unused-parameter -Wno-unused-variable -Wno-shadow     -O3 -std=c++11 -I/opt/spechunter/chipyard-issue-715/.conda-env/riscv-tools/include -I/opt/spechunter/chipyard-issue-715-repairv3/tools/DRAMSim2 -I/opt/spechunter/chipyard-issue-715-repairv3/sims/verilator/generated-src/chipyard.TestHarness.SmallBoomConfig    -D__STDC_FORMAT_MACROS -DTEST_HARNESS=VTestHarness -DVERILATOR -include /opt/spechunter/chipyard-issue-715-repairv3/sims/verilator/generated-src/chipyard.TestHarness.SmallBoomConfig/chipyard.TestHarness.SmallBoomConfig.plusArgs -include /opt/spechunter/chipyard-issue-715-repairv3/sims/verilator/generated-src/chipyard.TestHarness.SmallBoomConfig/verilator.h -include /opt/spechunter/chipyard-issue-715-repairv3/sims/verilator/generated-src/chipyard.TestHarness.SmallBoomConfig/chipyard.TestHarness.SmallBoomConfig/VTestHarness.h  -DVL_THREADED -std=c++17 -Os -c -o VTestHarness.o VTestHarness.cpp
In file included from /opt/spechunter/chipyard-issue-715/.conda-env/share/verilator/include/verilated.h:35,
                 from /opt/spechunter/chipyard-issue-715/.conda-env/share/verilator/include/verilated_vcd_c.h:24,
                 from /opt/spechunter/chipyard-issue-715-repairv3/sims/verilator/generated-src/chipyard.TestHarness.SmallBoomConfig/verilator.h:4,
                 from <command-line>:
/opt/spechunter/chipyard-issue-715/.conda-env/share/verilator/include/verilatedos.h:291: warning: "__STDC_FORMAT_MACROS" redefined
  291 | #define __STDC_FORMAT_MACROS
      | 
<command-line>: note: this is the location of the previous definition
/opt/spechunter/chipyard-issue-715/.conda-env/bin/x86_64-conda-linux-gnu-c++  -I.  -MMD -I/opt/spechunter/chipyard-issue-715/.conda-env/share/verilator/include -I/opt/spechunter/chipyard-issue-715/.conda-env/share/verilator/include/vltstd -DVM_COVERAGE=0 -DVM_SC=0 -DVM_TRACE=0 -DVM_TRACE_FST=0 -DVM_TRACE_VCD=0 -faligned-new -fcf-protection=none -Wno-bool-operation -Wno-sign-compare -Wno-uninitialized -Wno-unused-but-set-variable -Wno-unused-parameter -Wno-unused-variable -Wno-shadow     -O3 -std=c++11 -I/opt/spechunter/chipyard-issue-715/.conda-env/riscv-tools/include -I/opt/spechunter/chipyard-issue-715-repairv3/tools/DRAMSim2 -I/opt/spechunter/chipyard-issue-715-repairv3/sims/verilator/generated-src/chipyard.TestHarness.SmallBoomConfig    -D__STDC_FORMAT_MACROS -DTEST_HARNESS=VTestHarness -DVERILATOR -include /opt/spechunter/chipyard-issue-715-repairv3/sims/verilator/generated-src/chipyard.TestHarness.SmallBoomConfig/chipyard.TestHarness.SmallBoomConfig.plusArgs -include /opt/spechunter/chipyard-issue-715-repairv3/sims/verilator/generated-src/chipyard.TestHarness.SmallBoomConfig/verilator.h -include /opt/spechunter/chipyard-issue-715-repairv3/sims/verilator/generated-src/chipyard.TestHarness.SmallBoomConfig/chipyard.TestHarness.SmallBoomConfig/VTestHarness.h  -DVL_THREADED -std=c++17 -Os -c -o VTestHarness___024root__DepSet_h30a6511e__0.o VTestHarness___024root__DepSet_h30a6511e__0.cpp
In file included from /opt/spechunter/chipyard-issue-715/.conda-env/share/verilator/include/verilated.h:35,
                 from /opt/spechunter/chipyard-issue-715/.conda-env/share/verilator/include/verilated_vcd_c.h:24,
                 from /opt/spechunter/chipyard-issue-715-repairv3/sims/verilator/generated-src/chipyard.TestHarness.SmallBoomConfig/verilator.h:4,
                 from <command-line>:
/opt/spechunter/chipyard-issue-715/.conda-env/share/verilator/include/verilatedos.h:291: warning: "__STDC_FORMAT_MACROS" redefined
  291 | #define __STDC_FORMAT_MACROS
      | 
<command-line>: note: this is the location of the previous definition
/opt/spechunter/chipyard-issue-715/.conda-env/bin/x86_64-conda-linux-gnu-c++  -I.  -MMD -I/opt/spechunter/chipyard-issue-715/.conda-env/share/verilator/include -I/opt/spechunter/chipyard-issue-715/.conda-env/share/verilator/include/vltstd -DVM_COVERAGE=0 -DVM_SC=0 -DVM_TRACE=0 -DVM_TRACE_FST=0 -DVM_TRACE_VCD=0 -faligned-new -fcf-protection=none -Wno-bool-operation -Wno-sign-compare -Wno-uninitialized -Wno-unused-but-set-variable -Wno-unused-parameter -Wno-unused-variable -Wno-shadow     -O3 -std=c++11 -I/opt/spechunter/chipyard-issue-715/.conda-env/riscv-tools/include -I/opt/spechunter/chipyard-issue-715-repairv3/tools/DRAMSim2 -I/opt/spechunter/chipyard-issue-715-repairv3/sims/verilator/generated-src/chipyard.TestHarness.SmallBoomConfig    -D__STDC_FORMAT_MACROS -DTEST_HARNESS=VTestHarness -DVERILATOR -include /opt/spechunter/chipyard-issue-715-repairv3/sims/verilator/generated-src/chipyard.TestHarness.SmallBoomConfig/chipyard.TestHarness.SmallBoomConfig.plusArgs -include /opt/spechunter/chipyard-issue-715-repairv3/sims/verilator/generated-src/chipyard.TestHarness.SmallBoomConfig/verilator.h -include /opt/spechunter/chipyard-issue-715-repairv3/sims/verilator/generated-src/chipyard.TestHarness.SmallBoomConfig/chipyard.TestHarness.SmallBoomConfig/VTestHarness.h  -DVL_THREADED -std=c++17 -Os -c -o VTestHarness___024root__DepSet_h30a6511e__1.o VTestHarness___024root__DepSet_h30a6511e__1.cpp
In file included from /opt/spechunter/chipyard-issue-715/.conda-env/share/verilator/include/verilated.h:35,
                 from /opt/spechunter/chipyard-issue-715/.conda-env/share/verilator/include/verilated_vcd_c.h:24,
                 from /opt/spechunter/chipyard-issue-715-repairv3/sims/verilator/generated-src/chipyard.TestHarness.SmallBoomConfig/verilator.h:4,
                 from <command-line>:
/opt/spechunter/chipyard-issue-715/.conda-env/share/verilator/include/verilatedos.h:291: warning: "__STDC_FORMAT_MACROS" redefined
  291 | #define __STDC_FORMAT_MACROS
      | 
<command-line>: note: this is the location of the previous definition
/opt/spechunter/chipyard-issue-715/.conda-env/bin/x86_64-conda-linux-gnu-c++  -I.  -MMD -I/opt/spechunter/chipyard-issue-715/.conda-env/share/verilator/include -I/opt/spechunter/chipyard-issue-715/.conda-env/share/verilator/include/vltstd -DVM_COVERAGE=0 -DVM_SC=0 -DVM_TRACE=0 -DVM_TRACE_FST=0 -DVM_TRACE_VCD=0 -faligned-new -fcf-protection=none -Wno-bool-operation -Wno-sign-compare -Wno-uninitialized -Wno-unused-but-set-variable -Wno-unused-parameter -Wno-unused-variable -Wno-shadow     -O3 -std=c++11 -I/opt/spechunter/chipyard-issue-715/.conda-env/riscv-tools/include -I/opt/spechunter/chipyard-issue-715-repairv3/tools/DRAMSim2 -I/opt/spechunter/chipyard-issue-715-repairv3/sims/verilator/generated-src/chipyard.TestHarness.SmallBoomConfig    -D__STDC_FORMAT_MACROS -DTEST_HARNESS=VTestHarness -DVERILATOR -include /opt/spechunter/chipyard-issue-715-repairv3/sims/verilator/generated-src/chipyard.TestHarness.SmallBoomConfig/chipyard.TestHarness.SmallBoomConfig.plusArgs -include /opt/spechunter/chipyard-issue-715-repairv3/sims/verilator/generated-src/chipyard.TestHarness.SmallBoomConfig/verilator.h -include /opt/spechunter/chipyard-issue-715-repairv3/sims/verilator/generated-src/chipyard.TestHarness.SmallBoomConfig/chipyard.TestHarness.SmallBoomConfig/VTestHarness.h  -DVL_THREADED -std=c++17 -Os -c -o VTestHarness___024root__DepSet_h30a6511e__2.o VTestHarness___024root__DepSet_h30a6511e__2.cpp
In file included from /opt/spechunter/chipyard-issue-715/.conda-env/share/verilator/include/verilated.h:35,
                 from /opt/spechunter/chipyard-issue-715/.conda-env/share/verilator/include/verilated_vcd_c.h:24,
                 from /opt/spechunter/chipyard-issue-715-repairv3/sims/verilator/generated-src/chipyard.TestHarness.SmallBoomConfig/verilator.h:4,
                 from <command-line>:
/opt/spechunter/chipyard-issue-715/.conda-env/share/verilator/include/verilatedos.h:291: warning: "__STDC_FORMAT_MACROS" redefined
  291 | #define __STDC_FORMAT_MACROS
      | 
<command-line>: note: this is the location of the previous definition
/opt/spechunter/chipyard-issue-715/.conda-env/bin/x86_64-conda-linux-gnu-c++  -I.  -MMD -I/opt/spechunter/chipyard-issue-715/.conda-env/share/verilator/include -I/opt/spechunter/chipyard-issue-715/.conda-env/share/verilator/include/vltstd -DVM_COVERAGE=0 -DVM_SC=0 -DVM_TRACE=0 -DVM_TRACE_FST=0 -DVM_TRACE_VCD=0 -faligned-new -fcf-protection=none -Wno-bool-operation -Wno-sign-compare -Wno-uninitialized -Wno-unused-but-set-variable -Wno-unused-parameter -Wno-unused-variable -Wno-shadow     -O3 -std=c++11 -I/opt/spechunter/chipyard-issue-715/.conda-env/riscv-tools/include -I/opt/spechunter/chipyard-issue-715-repairv3/tools/DRAMSim2 -I/opt/spechunter/chipyard-issue-715-repairv3/sims/verilator/generated-src/chipyard.TestHarness.SmallBoomConfig    -D__STDC_FORMAT_MACROS -DTEST_HARNESS=VTestHarness -DVERILATOR -include /opt/spechunter/chipyard-issue-715-repairv3/sims/verilator/generated-src/chipyard.TestHarness.SmallBoomConfig/chipyard.TestHarness.SmallBoomConfig.plusArgs -include /opt/spechunter/chipyard-issue-715-repairv3/sims/verilator/generated-src/chipyard.TestHarness.SmallBoomConfig/verilator.h -include /opt/spechunter/chipyard-issue-715-repairv3/sims/verilator/generated-src/chipyard.TestHarness.SmallBoomConfig/chipyard.TestHarness.SmallBoomConfig/VTestHarness.h  -DVL_THREADED -std=c++17 -Os -c -o VTestHarness___024root__DepSet_h30a6511e__3.o VTestHarness___024root__DepSet_h30a6511e__3.cpp
In file included from /opt/spechunter/chipyard-issue-715/.conda-env/share/verilator/include/verilated.h:35,
                 from /opt/spechunter/chipyard-issue-715/.conda-env/share/verilator/include/verilated_vcd_c.h:24,
                 from /opt/spechunter/chipyard-issue-715-repairv3/sims/verilator/generated-src/chipyard.TestHarness.SmallBoomConfig/verilator.h:4,
                 from <command-line>:
/opt/spechunter/chipyard-issue-715/.conda-env/share/verilator/include/verilatedos.h:291: warning: "__STDC_FORMAT_MACROS" redefined
  291 | #define __STDC_FORMAT_MACROS
      | 
<command-line>: note: this is the location of the previous definition
/opt/spechunter/chipyard-issue-715/.conda-env/bin/x86_64-conda-linux-gnu-c++  -I.  -MMD -I/opt/spechunter/chipyard-issue-715/.conda-env/share/verilator/include -I/opt/spechunter/chipyard-issue-715/.conda-env/share/verilator/include/vltstd -DVM_COVERAGE=0 -DVM_SC=0 -DVM_TRACE=0 -DVM_TRACE_FST=0 -DVM_TRACE_VCD=0 -faligned-new -fcf-protection=none -Wno-bool-operation -Wno-sign-compare -Wno-uninitialized -Wno-unused-but-set-variable -Wno-unused-parameter -Wno-unused-variable -Wno-shadow     -O3 -std=c++11 -I/opt/spechunter/chipyard-issue-715/.conda-env/riscv-tools/include -I/opt/spechunter/chipyard-issue-715-repairv3/tools/DRAMSim2 -I/opt/spechunter/chipyard-issue-715-repairv3/sims/verilator/generated-src/chipyard.TestHarness.SmallBoomConfig    -D__STDC_FORMAT_MACROS -DTEST_HARNESS=VTestHarness -DVERILATOR -include /opt/spechunter/chipyard-issue-715-repairv3/sims/verilator/generated-src/chipyard.TestHarness.SmallBoomConfig/chipyard.TestHarness.SmallBoomConfig.plusArgs -include /opt/spechunter/chipyard-issue-715-repairv3/sims/verilator/generated-src/chipyard.TestHarness.SmallBoomConfig/verilator.h -include /opt/spechunter/chipyard-issue-715-repairv3/sims/verilator/generated-src/chipyard.TestHarness.SmallBoomConfig/chipyard.TestHarness.SmallBoomConfig/VTestHarness.h  -DVL_THREADED -std=c++17 -Os -c -o VTestHarness___024root__DepSet_h30a6511e__4.o VTestHarness___024root__DepSet_h30a6511e__4.cpp
In file included from /opt/spechunter/chipyard-issue-715/.conda-env/share/verilator/include/verilated.h:35,
                 from /opt/spechunter/chipyard-issue-715/.conda-env/share/verilator/include/verilated_vcd_c.h:24,
                 from /opt/spechunter/chipyard-issue-715-repairv3/sims/verilator/generated-src/chipyard.TestHarness.SmallBoomConfig/verilator.h:4,
                 from <command-line>:
/opt/spechunter/chipyard-issue-715/.conda-env/share/verilator/include/verilatedos.h:291: warning: "__STDC_FORMAT_MACROS" redefined
  291 | #define __STDC_FORMAT_MACROS
      | 
<command-line>: note: this is the location of the previous definition
/opt/spechunter/chipyard-issue-715/.conda-env/bin/x86_64-conda-linux-gnu-c++  -I.  -MMD -I/opt/spechunter/chipyard-issue-715/.conda-env/share/verilator/include -I/opt/spechunter/chipyard-issue-715/.conda-env/share/verilator/include/vltstd -DVM_COVERAGE=0 -DVM_SC=0 -DVM_TRACE=0 -DVM_TRACE_FST=0 -DVM_TRACE_VCD=0 -faligned-new -fcf-protection=none -Wno-bool-operation -Wno-sign-compare -Wno-uninitialized -Wno-unused-but-set-variable -Wno-unused-parameter -Wno-unused-variable -Wno-shadow     -O3 -std=c++11 -I/opt/spechunter/chipyard-issue-715/.conda-env/riscv-tools/include -I/opt/spechunter/chipyard-issue-715-repairv3/tools/DRAMSim2 -I/opt/spechunter/chipyard-issue-715-repairv3/sims/verilator/generated-src/chipyard.TestHarness.SmallBoomConfig    -D__STDC_FORMAT_MACROS -DTEST_HARNESS=VTestHarness -DVERILATOR -include /opt/spechunter/chipyard-issue-715-repairv3/sims/verilator/generated-src/chipyard.TestHarness.SmallBoomConfig/chipyard.TestHarness.SmallBoomConfig.plusArgs -include /opt/spechunter/chipyard-issue-715-repairv3/sims/verilator/generated-src/chipyard.TestHarness.SmallBoomConfig/verilator.h -include /opt/spechunter/chipyard-issue-715-repairv3/sims/verilator/generated-src/chipyard.TestHarness.SmallBoomConfig/chipyard.TestHarness.SmallBoomConfig/VTestHarness.h  -DVL_THREADED -std=c++17 -Os -c -o VTestHarness___024root__DepSet_h30a6511e__5.o VTestHarness___024root__DepSet_h30a6511e__5.cpp
In file included from /opt/spechunter/chipyard-issue-715/.conda-env/share/verilator/include/verilated.h:35,
                 from /opt/spechunter/chipyard-issue-715/.conda-env/share/verilator/include/verilated_vcd_c.h:24,
                 from /opt/spechunter/chipyard-issue-715-repairv3/sims/verilator/generated-src/chipyard.TestHarness.SmallBoomConfig/verilator.h:4,
                 from <command-line>:
/opt/spechunter/chipyard-issue-715/.conda-env/share/verilator/include/verilatedos.h:291: warning: "__STDC_FORMAT_MACROS" redefined
  291 | #define __STDC_FORMAT_MACROS
      | 
<command-line>: note: this is the location of the previous definition
/opt/spechunter/chipyard-issue-715/.conda-env/bin/x86_64-conda-linux-gnu-c++  -I.  -MMD -I/opt/spechunter/chipyard-issue-715/.conda-env/share/verilator/include -I/opt/spechunter/chipyard-issue-715/.conda-env/share/verilator/include/vltstd -DVM_COVERAGE=0 -DVM_SC=0 -DVM_TRACE=0 -DVM_TRACE_FST=0 -DVM_TRACE_VCD=0 -faligned-new -fcf-protection=none -Wno-bool-operation -Wno-sign-compare -Wno-uninitialized -Wno-unused-but-set-variable -Wno-unused-parameter -Wno-unused-variable -Wno-shadow     -O3 -std=c++11 -I/opt/spechunter/chipyard-issue-715/.conda-env/riscv-tools/include -I/opt/spechunter/chipyard-issue-715-repairv3/tools/DRAMSim2 -I/opt/spechunter/chipyard-issue-715-repairv3/sims/verilator/generated-src/chipyard.TestHarness.SmallBoomConfig    -D__STDC_FORMAT_MACROS -DTEST_HARNESS=VTestHarness -DVERILATOR -include /opt/spechunter/chipyard-issue-715-repairv3/sims/verilator/generated-src/chipyard.TestHarness.SmallBoomConfig/chipyard.TestHarness.SmallBoomConfig.plusArgs -include /opt/spechunter/chipyard-issue-715-repairv3/sims/verilator/generated-src/chipyard.TestHarness.SmallBoomConfig/verilator.h -include /opt/spechunter/chipyard-issue-715-repairv3/sims/verilator/generated-src/chipyard.TestHarness.SmallBoomConfig/chipyard.TestHarness.SmallBoomConfig/VTestHarness.h  -DVL_THREADED -std=c++17 -Os -c -o VTestHarness___024root__DepSet_h30a6511e__6.o VTestHarness___024root__DepSet_h30a6511e__6.cpp
In file included from /opt/spechunter/chipyard-issue-715/.conda-env/share/verilator/include/verilated.h:35,
                 from /opt/spechunter/chipyard-issue-715/.conda-env/share/verilator/include/verilated_vcd_c.h:24,
                 from /opt/spechunter/chipyard-issue-715-repairv3/sims/verilator/generated-src/chipyard.TestHarness.SmallBoomConfig/verilator.h:4,
                 from <command-line>:
/opt/spechunter/chipyard-issue-715/.conda-env/share/verilator/include/verilatedos.h:291: warning: "__STDC_FORMAT_MACROS" redefined
  291 | #define __STDC_FORMAT_MACROS
      | 
<command-line>: note: this is the location of the previous definition
/opt/spechunter/chipyard-issue-715/.conda-env/bin/x86_64-conda-linux-gnu-c++  -I.  -MMD -I/opt/spechunter/chipyard-issue-715/.conda-env/share/verilator/include -I/opt/spechunter/chipyard-issue-715/.conda-env/share/verilator/include/vltstd -DVM_COVERAGE=0 -DVM_SC=0 -DVM_TRACE=0 -DVM_TRACE_FST=0 -DVM_TRACE_VCD=0 -faligned-new -fcf-protection=none -Wno-bool-operation -Wno-sign-compare -Wno-uninitialized -Wno-unused-but-set-variable -Wno-unused-parameter -Wno-unused-variable -Wno-shadow     -O3 -std=c++11 -I/opt/spechunter/chipyard-issue-715/.conda-env/riscv-tools/include -I/opt/spechunter/chipyard-issue-715-repairv3/tools/DRAMSim2 -I/opt/spechunter/chipyard-issue-715-repairv3/sims/verilator/generated-src/chipyard.TestHarness.SmallBoomConfig    -D__STDC_FORMAT_MACROS -DTEST_HARNESS=VTestHarness -DVERILATOR -include /opt/spechunter/chipyard-issue-715-repairv3/sims/verilator/generated-src/chipyard.TestHarness.SmallBoomConfig/chipyard.TestHarness.SmallBoomConfig.plusArgs -include /opt/spechunter/chipyard-issue-715-repairv3/sims/verilator/generated-src/chipyard.TestHarness.SmallBoomConfig/verilator.h -include /opt/spechunter/chipyard-issue-715-repairv3/sims/verilator/generated-src/chipyard.TestHarness.SmallBoomConfig/chipyard.TestHarness.SmallBoomConfig/VTestHarness.h  -DVL_THREADED -std=c++17 -Os -c -o VTestHarness___024root__DepSet_h30a6511e__7.o VTestHarness___024root__DepSet_h30a6511e__7.cpp
In file included from /opt/spechunter/chipyard-issue-715/.conda-env/share/verilator/include/verilated.h:35,
                 from /opt/spechunter/chipyard-issue-715/.conda-env/share/verilator/include/verilated_vcd_c.h:24,
                 from /opt/spechunter/chipyard-issue-715-repairv3/sims/verilator/generated-src/chipyard.TestHarness.SmallBoomConfig/verilator.h:4,
                 from <command-line>:
/opt/spechunter/chipyard-issue-715/.conda-env/share/verilator/include/verilatedos.h:291: warning: "__STDC_FORMAT_MACROS" redefined
  291 | #define __STDC_FORMAT_MACROS
      | 
<command-line>: note: this is the location of the previous definition
/opt/spechunter/chipyard-issue-715/.conda-env/bin/x86_64-conda-linux-gnu-c++  -I.  -MMD -I/opt/spechunter/chipyard-issue-715/.conda-env/share/verilator/include -I/opt/spechunter/chipyard-issue-715/.conda-env/share/verilator/include/vltstd -DVM_COVERAGE=0 -DVM_SC=0 -DVM_TRACE=0 -DVM_TRACE_FST=0 -DVM_TRACE_VCD=0 -faligned-new -fcf-protection=none -Wno-bool-operation -Wno-sign-compare -Wno-uninitialized -Wno-unused-but-set-variable -Wno-unused-parameter -Wno-unused-variable -Wno-shadow     -O3 -std=c++11 -I/opt/spechunter/chipyard-issue-715/.conda-env/riscv-tools/include -I/opt/spechunter/chipyard-issue-715-repairv3/tools/DRAMSim2 -I/opt/spechunter/chipyard-issue-715-repairv3/sims/verilator/generated-src/chipyard.TestHarness.SmallBoomConfig    -D__STDC_FORMAT_MACROS -DTEST_HARNESS=VTestHarness -DVERILATOR -include /opt/spechunter/chipyard-issue-715-repairv3/sims/verilator/generated-src/chipyard.TestHarness.SmallBoomConfig/chipyard.TestHarness.SmallBoomConfig.plusArgs -include /opt/spechunter/chipyard-issue-715-repairv3/sims/verilator/generated-src/chipyard.TestHarness.SmallBoomConfig/verilator.h -include /opt/spechunter/chipyard-issue-715-repairv3/sims/verilator/generated-src/chipyard.TestHarness.SmallBoomConfig/chipyard.TestHarness.SmallBoomConfig/VTestHarness.h  -DVL_THREADED -std=c++17 -Os -c -o VTestHarness___024root__DepSet_h30a6511e__8.o VTestHarness___024root__DepSet_h30a6511e__8.cpp
In file included from /opt/spechunter/chipyard-issue-715/.conda-env/share/verilator/include/verilated.h:35,
                 from /opt/spechunter/chipyard-issue-715/.conda-env/share/verilator/include/verilated_vcd_c.h:24,
                 from /opt/spechunter/chipyard-issue-715-repairv3/sims/verilator/generated-src/chipyard.TestHarness.SmallBoomConfig/verilator.h:4,
                 from <command-line>:
/opt/spechunter/chipyard-issue-715/.conda-env/share/verilator/include/verilatedos.h:291: warning: "__STDC_FORMAT_MACROS" redefined
  291 | #define __STDC_FORMAT_MACROS
      | 
<command-line>: note: this is the location of the previous definition
/opt/spechunter/chipyard-issue-715/.conda-env/bin/x86_64-conda-linux-gnu-c++  -I.  -MMD -I/opt/spechunter/chipyard-issue-715/.conda-env/share/verilator/include -I/opt/spechunter/chipyard-issue-715/.conda-env/share/verilator/include/vltstd -DVM_COVERAGE=0 -DVM_SC=0 -DVM_TRACE=0 -DVM_TRACE_FST=0 -DVM_TRACE_VCD=0 -faligned-new -fcf-protection=none -Wno-bool-operation -Wno-sign-compare -Wno-uninitialized -Wno-unused-but-set-variable -Wno-unused-parameter -Wno-unused-variable -Wno-shadow     -O3 -std=c++11 -I/opt/spechunter/chipyard-issue-715/.conda-env/riscv-tools/include -I/opt/spechunter/chipyard-issue-715-repairv3/tools/DRAMSim2 -I/opt/spechunter/chipyard-issue-715-repairv3/sims/verilator/generated-src/chipyard.TestHarness.SmallBoomConfig    -D__STDC_FORMAT_MACROS -DTEST_HARNESS=VTestHarness -DVERILATOR -include /opt/spechunter/chipyard-issue-715-repairv3/sims/verilator/generated-src/chipyard.TestHarness.SmallBoomConfig/chipyard.TestHarness.SmallBoomConfig.plusArgs -include /opt/spechunter/chipyard-issue-715-repairv3/sims/verilator/generated-src/chipyard.TestHarness.SmallBoomConfig/verilator.h -include /opt/spechunter/chipyard-issue-715-repairv3/sims/verilator/generated-src/chipyard.TestHarness.SmallBoomConfig/chipyard.TestHarness.SmallBoomConfig/VTestHarness.h  -DVL_THREADED -std=c++17 -Os -c -o VTestHarness___024root__DepSet_h30a6511e__9.o VTestHarness___024root__DepSet_h30a6511e__9.cpp
In file included from /opt/spechunter/chipyard-issue-715/.conda-env/share/verilator/include/verilated.h:35,
                 from /opt/spechunter/chipyard-issue-715/.conda-env/share/verilator/include/verilated_vcd_c.h:24,
                 from /opt/spechunter/chipyard-issue-715-repairv3/sims/verilator/generated-src/chipyard.TestHarness.SmallBoomConfig/verilator.h:4,
                 from <command-line>:
/opt/spechunter/chipyard-issue-715/.conda-env/share/verilator/include/verilatedos.h:291: warning: "__STDC_FORMAT_MACROS" redefined
  291 | #define __STDC_FORMAT_MACROS
      | 
<command-line>: note: this is the location of the previous definition
/opt/spechunter/chipyard-issue-715/.conda-env/bin/x86_64-conda-linux-gnu-c++  -I.  -MMD -I/opt/spechunter/chipyard-issue-715/.conda-env/share/verilator/include -I/opt/spechunter/chipyard-issue-715/.conda-env/share/verilator/include/vltstd -DVM_COVERAGE=0 -DVM_SC=0 -DVM_TRACE=0 -DVM_TRACE_FST=0 -DVM_TRACE_VCD=0 -faligned-new -fcf-protection=none -Wno-bool-operation -Wno-sign-compare -Wno-uninitialized -Wno-unused-but-set-variable -Wno-unused-parameter -Wno-unused-variable -Wno-shadow     -O3 -std=c++11 -I/opt/spechunter/chipyard-issue-715/.conda-env/riscv-tools/include -I/opt/spechunter/chipyard-issue-715-repairv3/tools/DRAMSim2 -I/opt/spechunter/chipyard-issue-715-repairv3/sims/verilator/generated-src/chipyard.TestHarness.SmallBoomConfig    -D__STDC_FORMAT_MACROS -DTEST_HARNESS=VTestHarness -DVERILATOR -include /opt/spechunter/chipyard-issue-715-repairv3/sims/verilator/generated-src/chipyard.TestHarness.SmallBoomConfig/chipyard.TestHarness.SmallBoomConfig.plusArgs -include /opt/spechunter/chipyard-issue-715-repairv3/sims/verilator/generated-src/chipyard.TestHarness.SmallBoomConfig/verilator.h -include /opt/spechunter/chipyard-issue-715-repairv3/sims/verilator/generated-src/chipyard.TestHarness.SmallBoomConfig/chipyard.TestHarness.SmallBoomConfig/VTestHarness.h  -DVL_THREADED -std=c++17 -Os -c -o VTestHarness___024root__DepSet_h30a6511e__10.o VTestHarness___024root__DepSet_h30a6511e__10.cpp
In file included from /opt/spechunter/chipyard-issue-715/.conda-env/share/verilator/include/verilated.h:35,
                 from /opt/spechunter/chipyard-issue-715/.conda-env/share/verilator/include/verilated_vcd_c.h:24,
                 from /opt/spechunter/chipyard-issue-715-repairv3/sims/verilator/generated-src/chipyard.TestHarness.SmallBoomConfig/verilator.h:4,
                 from <command-line>:
/opt/spechunter/chipyard-issue-715/.conda-env/share/verilator/include/verilatedos.h:291: warning: "__STDC_FORMAT_MACROS" redefined
  291 | #define __STDC_FORMAT_MACROS
      | 
<command-line>: note: this is the location of the previous definition
/opt/spechunter/chipyard-issue-715/.conda-env/bin/x86_64-conda-linux-gnu-c++  -I.  -MMD -I/opt/spechunter/chipyard-issue-715/.conda-env/share/verilator/include -I/opt/spechunter/chipyard-issue-715/.conda-env/share/verilator/include/vltstd -DVM_COVERAGE=0 -DVM_SC=0 -DVM_TRACE=0 -DVM_TRACE_FST=0 -DVM_TRACE_VCD=0 -faligned-new -fcf-protection=none -Wno-bool-operation -Wno-sign-compare -Wno-uninitialized -Wno-unused-but-set-variable -Wno-unused-parameter -Wno-unused-variable -Wno-shadow     -O3 -std=c++11 -I/opt/spechunter/chipyard-issue-715/.conda-env/riscv-tools/include -I/opt/spechunter/chipyard-issue-715-repairv3/tools/DRAMSim2 -I/opt/spechunter/chipyard-issue-715-repairv3/sims/verilator/generated-src/chipyard.TestHarness.SmallBoomConfig    -D__STDC_FORMAT_MACROS -DTEST_HARNESS=VTestHarness -DVERILATOR -include /opt/spechunter/chipyard-issue-715-repairv3/sims/verilator/generated-src/chipyard.TestHarness.SmallBoomConfig/chipyard.TestHarness.SmallBoomConfig.plusArgs -include /opt/spechunter/chipyard-issue-715-repairv3/sims/verilator/generated-src/chipyard.TestHarness.SmallBoomConfig/verilator.h -include /opt/spechunter/chipyard-issue-715-repairv3/sims/verilator/generated-src/chipyard.TestHarness.SmallBoomConfig/chipyard.TestHarness.SmallBoomConfig/VTestHarness.h  -DVL_THREADED -std=c++17 -Os -c -o VTestHarness___024root__DepSet_h30a6511e__11.o VTestHarness___024root__DepSet_h30a6511e__11.cpp
In file included from /opt/spechunter/chipyard-issue-715/.conda-env/share/verilator/include/verilated.h:35,
                 from /opt/spechunter/chipyard-issue-715/.conda-env/share/verilator/include/verilated_vcd_c.h:24,
                 from /opt/spechunter/chipyard-issue-715-repairv3/sims/verilator/generated-src/chipyard.TestHarness.SmallBoomConfig/verilator.h:4,
                 from <command-line>:
/opt/spechunter/chipyard-issue-715/.conda-env/share/verilator/include/verilatedos.h:291: warning: "__STDC_FORMAT_MACROS" redefined
  291 | #define __STDC_FORMAT_MACROS
      | 
<command-line>: note: this is the location of the previous definition
/opt/spechunter/chipyard-issue-715/.conda-env/bin/x86_64-conda-linux-gnu-c++  -I.  -MMD -I/opt/spechunter/chipyard-issue-715/.conda-env/share/verilator/include -I/opt/spechunter/chipyard-issue-715/.conda-env/share/verilator/include/vltstd -DVM_COVERAGE=0 -DVM_SC=0 -DVM_TRACE=0 -DVM_TRACE_FST=0 -DVM_TRACE_VCD=0 -faligned-new -fcf-protection=none -Wno-bool-operation -Wno-sign-compare -Wno-uninitialized -Wno-unused-but-set-variable -Wno-unused-parameter -Wno-unused-variable -Wno-shadow     -O3 -std=c++11 -I/opt/spechunter/chipyard-issue-715/.conda-env/riscv-tools/include -I/opt/spechunter/chipyard-issue-715-repairv3/tools/DRAMSim2 -I/opt/spechunter/chipyard-issue-715-repairv3/sims/verilator/generated-src/chipyard.TestHarness.SmallBoomConfig    -D__STDC_FORMAT_MACROS -DTEST_HARNESS=VTestHarness -DVERILATOR -include /opt/spechunter/chipyard-issue-715-repairv3/sims/verilator/generated-src/chipyard.TestHarness.SmallBoomConfig/chipyard.TestHarness.SmallBoomConfig.plusArgs -include /opt/spechunter/chipyard-issue-715-repairv3/sims/verilator/generated-src/chipyard.TestHarness.SmallBoomConfig/verilator.h -include /opt/spechunter/chipyard-issue-715-repairv3/sims/verilator/generated-src/chipyard.TestHarness.SmallBoomConfig/chipyard.TestHarness.SmallBoomConfig/VTestHarness.h  -DVL_THREADED -std=c++17 -Os -c -o VTestHarness___024root__DepSet_h30a6511e__12.o VTestHarness___024root__DepSet_h30a6511e__12.cpp
In file included from /opt/spechunter/chipyard-issue-715/.conda-env/share/verilator/include/verilated.h:35,
                 from /opt/spechunter/chipyard-issue-715/.conda-env/share/verilator/include/verilated_vcd_c.h:24,
                 from /opt/spechunter/chipyard-issue-715-repairv3/sims/verilator/generated-src/chipyard.TestHarness.SmallBoomConfig/verilator.h:4,
                 from <command-line>:
/opt/spechunter/chipyard-issue-715/.conda-env/share/verilator/include/verilatedos.h:291: warning: "__STDC_FORMAT_MACROS" redefined
  291 | #define __STDC_FORMAT_MACROS
      | 
<command-line>: note: this is the location of the previous definition
/opt/spechunter/chipyard-issue-715/.conda-env/bin/x86_64-conda-linux-gnu-c++  -I.  -MMD -I/opt/spechunter/chipyard-issue-715/.conda-env/share/verilator/include -I/opt/spechunter/chipyard-issue-715/.conda-env/share/verilator/include/vltstd -DVM_COVERAGE=0 -DVM_SC=0 -DVM_TRACE=0 -DVM_TRACE_FST=0 -DVM_TRACE_VCD=0 -faligned-new -fcf-protection=none -Wno-bool-operation -Wno-sign-compare -Wno-uninitialized -Wno-unused-but-set-variable -Wno-unused-parameter -Wno-unused-variable -Wno-shadow     -O3 -std=c++11 -I/opt/spechunter/chipyard-issue-715/.conda-env/riscv-tools/include -I/opt/spechunter/chipyard-issue-715-repairv3/tools/DRAMSim2 -I/opt/spechunter/chipyard-issue-715-repairv3/sims/verilator/generated-src/chipyard.TestHarness.SmallBoomConfig    -D__STDC_FORMAT_MACROS -DTEST_HARNESS=VTestHarness -DVERILATOR -include /opt/spechunter/chipyard-issue-715-repairv3/sims/verilator/generated-src/chipyard.TestHarness.SmallBoomConfig/chipyard.TestHarness.SmallBoomConfig.plusArgs -include /opt/spechunter/chipyard-issue-715-repairv3/sims/verilator/generated-src/chipyard.TestHarness.SmallBoomConfig/verilator.h -include /opt/spechunter/chipyard-issue-715-repairv3/sims/verilator/generated-src/chipyard.TestHarness.SmallBoomConfig/chipyard.TestHarness.SmallBoomConfig/VTestHarness.h  -DVL_THREADED -std=c++17 -Os -c -o VTestHarness___024root__DepSet_h30a6511e__13.o VTestHarness___024root__DepSet_h30a6511e__13.cpp
In file included from /opt/spechunter/chipyard-issue-715/.conda-env/share/verilator/include/verilated.h:35,
                 from /opt/spechunter/chipyard-issue-715/.conda-env/share/verilator/include/verilated_vcd_c.h:24,
                 from /opt/spechunter/chipyard-issue-715-repairv3/sims/verilator/generated-src/chipyard.TestHarness.SmallBoomConfig/verilator.h:4,
                 from <command-line>:
/opt/spechunter/chipyard-issue-715/.conda-env/share/verilator/include/verilatedos.h:291: warning: "__STDC_FORMAT_MACROS" redefined
  291 | #define __STDC_FORMAT_MACROS
      | 
<command-line>: note: this is the location of the previous definition
/opt/spechunter/chipyard-issue-715/.conda-env/bin/x86_64-conda-linux-gnu-c++  -I.  -MMD -I/opt/spechunter/chipyard-issue-715/.conda-env/share/verilator/include -I/opt/spechunter/chipyard-issue-715/.conda-env/share/verilator/include/vltstd -DVM_COVERAGE=0 -DVM_SC=0 -DVM_TRACE=0 -DVM_TRACE_FST=0 -DVM_TRACE_VCD=0 -faligned-new -fcf-protection=none -Wno-bool-operation -Wno-sign-compare -Wno-uninitialized -Wno-unused-but-set-variable -Wno-unused-parameter -Wno-unused-variable -Wno-shadow     -O3 -std=c++11 -I/opt/spechunter/chipyard-issue-715/.conda-env/riscv-tools/include -I/opt/spechunter/chipyard-issue-715-repairv3/tools/DRAMSim2 -I/opt/spechunter/chipyard-issue-715-repairv3/sims/verilator/generated-src/chipyard.TestHarness.SmallBoomConfig    -D__STDC_FORMAT_MACROS -DTEST_HARNESS=VTestHarness -DVERILATOR -include /opt/spechunter/chipyard-issue-715-repairv3/sims/verilator/generated-src/chipyard.TestHarness.SmallBoomConfig/chipyard.TestHarness.SmallBoomConfig.plusArgs -include /opt/spechunter/chipyard-issue-715-repairv3/sims/verilator/generated-src/chipyard.TestHarness.SmallBoomConfig/verilator.h -include /opt/spechunter/chipyard-issue-715-repairv3/sims/verilator/generated-src/chipyard.TestHarness.SmallBoomConfig/chipyard.TestHarness.SmallBoomConfig/VTestHarness.h  -DVL_THREADED -std=c++17 -Os -c -o VTestHarness___024root__DepSet_h30a6511e__14.o VTestHarness___024root__DepSet_h30a6511e__14.cpp
In file included from /opt/spechunter/chipyard-issue-715/.conda-env/share/verilator/include/verilated.h:35,
                 from /opt/spechunter/chipyard-issue-715/.conda-env/share/verilator/include/verilated_vcd_c.h:24,
                 from /opt/spechunter/chipyard-issue-715-repairv3/sims/verilator/generated-src/chipyard.TestHarness.SmallBoomConfig/verilator.h:4,
                 from <command-line>:
/opt/spechunter/chipyard-issue-715/.conda-env/share/verilator/include/verilatedos.h:291: warning: "__STDC_FORMAT_MACROS" redefined
  291 | #define __STDC_FORMAT_MACROS
      | 
<command-line>: note: this is the location of the previous definition
/opt/spechunter/chipyard-issue-715/.conda-env/bin/x86_64-conda-linux-gnu-c++  -I.  -MMD -I/opt/spechunter/chipyard-issue-715/.conda-env/share/verilator/include -I/opt/spechunter/chipyard-issue-715/.conda-env/share/verilator/include/vltstd -DVM_COVERAGE=0 -DVM_SC=0 -DVM_TRACE=0 -DVM_TRACE_FST=0 -DVM_TRACE_VCD=0 -faligned-new -fcf-protection=none -Wno-bool-operation -Wno-sign-compare -Wno-uninitialized -Wno-unused-but-set-variable -Wno-unused-parameter -Wno-unused-variable -Wno-shadow     -O3 -std=c++11 -I/opt/spechunter/chipyard-issue-715/.conda-env/riscv-tools/include -I/opt/spechunter/chipyard-issue-715-repairv3/tools/DRAMSim2 -I/opt/spechunter/chipyard-issue-715-repairv3/sims/verilator/generated-src/chipyard.TestHarness.SmallBoomConfig    -D__STDC_FORMAT_MACROS -DTEST_HARNESS=VTestHarness -DVERILATOR -include /opt/spechunter/chipyard-issue-715-repairv3/sims/verilator/generated-src/chipyard.TestHarness.SmallBoomConfig/chipyard.TestHarness.SmallBoomConfig.plusArgs -include /opt/spechunter/chipyard-issue-715-repairv3/sims/verilator/generated-src/chipyard.TestHarness.SmallBoomConfig/verilator.h -include /opt/spechunter/chipyard-issue-715-repairv3/sims/verilator/generated-src/chipyard.TestHarness.SmallBoomConfig/chipyard.TestHarness.SmallBoomConfig/VTestHarness.h  -DVL_THREADED -std=c++17 -Os -c -o VTestHarness___024root__DepSet_h30a6511e__15.o VTestHarness___024root__DepSet_h30a6511e__15.cpp
In file included from /opt/spechunter/chipyard-issue-715/.conda-env/share/verilator/include/verilated.h:35,
                 from /opt/spechunter/chipyard-issue-715/.conda-env/share/verilator/include/verilated_vcd_c.h:24,
                 from /opt/spechunter/chipyard-issue-715-repairv3/sims/verilator/generated-src/chipyard.TestHarness.SmallBoomConfig/verilator.h:4,
                 from <command-line>:
/opt/spechunter/chipyard-issue-715/.conda-env/share/verilator/include/verilatedos.h:291: warning: "__STDC_FORMAT_MACROS" redefined
  291 | #define __STDC_FORMAT_MACROS
      | 
<command-line>: note: this is the location of the previous definition
/opt/spechunter/chipyard-issue-715/.conda-env/bin/x86_64-conda-linux-gnu-c++  -I.  -MMD -I/opt/spechunter/chipyard-issue-715/.conda-env/share/verilator/include -I/opt/spechunter/chipyard-issue-715/.conda-env/share/verilator/include/vltstd -DVM_COVERAGE=0 -DVM_SC=0 -DVM_TRACE=0 -DVM_TRACE_FST=0 -DVM_TRACE_VCD=0 -faligned-new -fcf-protection=none -Wno-bool-operation -Wno-sign-compare -Wno-uninitialized -Wno-unused-but-set-variable -Wno-unused-parameter -Wno-unused-variable -Wno-shadow     -O3 -std=c++11 -I/opt/spechunter/chipyard-issue-715/.conda-env/riscv-tools/include -I/opt/spechunter/chipyard-issue-715-repairv3/tools/DRAMSim2 -I/opt/spechunter/chipyard-issue-715-repairv3/sims/verilator/generated-src/chipyard.TestHarness.SmallBoomConfig    -D__STDC_FORMAT_MACROS -DTEST_HARNESS=VTestHarness -DVERILATOR -include /opt/spechunter/chipyard-issue-715-repairv3/sims/verilator/generated-src/chipyard.TestHarness.SmallBoomConfig/chipyard.TestHarness.SmallBoomConfig.plusArgs -include /opt/spechunter/chipyard-issue-715-repairv3/sims/verilator/generated-src/chipyard.TestHarness.SmallBoomConfig/verilator.h -include /opt/spechunter/chipyard-issue-715-repairv3/sims/verilator/generated-src/chipyard.TestHarness.SmallBoomConfig/chipyard.TestHarness.SmallBoomConfig/VTestHarness.h  -DVL_THREADED -std=c++17 -Os -c -o VTestHarness___024root__DepSet_h30a6511e__16.o VTestHarness___024root__DepSet_h30a6511e__16.cpp
In file included from /opt/spechunter/chipyard-issue-715/.conda-env/share/verilator/include/verilated.h:35,
                 from /opt/spechunter/chipyard-issue-715/.conda-env/share/verilator/include/verilated_vcd_c.h:24,
                 from /opt/spechunter/chipyard-issue-715-repairv3/sims/verilator/generated-src/chipyard.TestHarness.SmallBoomConfig/verilator.h:4,
                 from <command-line>:
/opt/spechunter/chipyard-issue-715/.conda-env/share/verilator/include/verilatedos.h:291: warning: "__STDC_FORMAT_MACROS" redefined
  291 | #define __STDC_FORMAT_MACROS
      | 
<command-line>: note: this is the location of the previous definition
/opt/spechunter/chipyard-issue-715/.conda-env/bin/x86_64-conda-linux-gnu-c++  -I.  -MMD -I/opt/spechunter/chipyard-issue-715/.conda-env/share/verilator/include -I/opt/spechunter/chipyard-issue-715/.conda-env/share/verilator/include/vltstd -DVM_COVERAGE=0 -DVM_SC=0 -DVM_TRACE=0 -DVM_TRACE_FST=0 -DVM_TRACE_VCD=0 -faligned-new -fcf-protection=none -Wno-bool-operation -Wno-sign-compare -Wno-uninitialized -Wno-unused-but-set-variable -Wno-unused-parameter -Wno-unused-variable -Wno-shadow     -O3 -std=c++11 -I/opt/spechunter/chipyard-issue-715/.conda-env/riscv-tools/include -I/opt/spechunter/chipyard-issue-715-repairv3/tools/DRAMSim2 -I/opt/spechunter/chipyard-issue-715-repairv3/sims/verilator/generated-src/chipyard.TestHarness.SmallBoomConfig    -D__STDC_FORMAT_MACROS -DTEST_HARNESS=VTestHarness -DVERILATOR -include /opt/spechunter/chipyard-issue-715-repairv3/sims/verilator/generated-src/chipyard.TestHarness.SmallBoomConfig/chipyard.TestHarness.SmallBoomConfig.plusArgs -include /opt/spechunter/chipyard-issue-715-repairv3/sims/verilator/generated-src/chipyard.TestHarness.SmallBoomConfig/verilator.h -include /opt/spechunter/chipyard-issue-715-repairv3/sims/verilator/generated-src/chipyard.TestHarness.SmallBoomConfig/chipyard.TestHarness.SmallBoomConfig/VTestHarness.h  -DVL_THREADED -std=c++17 -Os -c -o VTestHarness___024root__DepSet_h30a6511e__17.o VTestHarness___024root__DepSet_h30a6511e__17.cpp
In file included from /opt/spechunter/chipyard-issue-715/.conda-env/share/verilator/include/verilated.h:35,
                 from /opt/spechunter/chipyard-issue-715/.conda-env/share/verilator/include/verilated_vcd_c.h:24,
                 from /opt/spechunter/chipyard-issue-715-repairv3/sims/verilator/generated-src/chipyard.TestHarness.SmallBoomConfig/verilator.h:4,
                 from <command-line>:
/opt/spechunter/chipyard-issue-715/.conda-env/share/verilator/include/verilatedos.h:291: warning: "__STDC_FORMAT_MACROS" redefined
  291 | #define __STDC_FORMAT_MACROS
      | 
<command-line>: note: this is the location of the previous definition
/opt/spechunter/chipyard-issue-715/.conda-env/bin/x86_64-conda-linux-gnu-c++  -I.  -MMD -I/opt/spechunter/chipyard-issue-715/.conda-env/share/verilator/include -I/opt/spechunter/chipyard-issue-715/.conda-env/share/verilator/include/vltstd -DVM_COVERAGE=0 -DVM_SC=0 -DVM_TRACE=0 -DVM_TRACE_FST=0 -DVM_TRACE_VCD=0 -faligned-new -fcf-protection=none -Wno-bool-operation -Wno-sign-compare -Wno-uninitialized -Wno-unused-but-set-variable -Wno-unused-parameter -Wno-unused-variable -Wno-shadow     -O3 -std=c++11 -I/opt/spechunter/chipyard-issue-715/.conda-env/riscv-tools/include -I/opt/spechunter/chipyard-issue-715-repairv3/tools/DRAMSim2 -I/opt/spechunter/chipyard-issue-715-repairv3/sims/verilator/generated-src/chipyard.TestHarness.SmallBoomConfig    -D__STDC_FORMAT_MACROS -DTEST_HARNESS=VTestHarness -DVERILATOR -include /opt/spechunter/chipyard-issue-715-repairv3/sims/verilator/generated-src/chipyard.TestHarness.SmallBoomConfig/chipyard.TestHarness.SmallBoomConfig.plusArgs -include /opt/spechunter/chipyard-issue-715-repairv3/sims/verilator/generated-src/chipyard.TestHarness.SmallBoomConfig/verilator.h -include /opt/spechunter/chipyard-issue-715-repairv3/sims/verilator/generated-src/chipyard.TestHarness.SmallBoomConfig/chipyard.TestHarness.SmallBoomConfig/VTestHarness.h  -DVL_THREADED -std=c++17 -Os -c -o VTestHarness___024root__DepSet_h30a6511e__18.o VTestHarness___024root__DepSet_h30a6511e__18.cpp
In file included from /opt/spechunter/chipyard-issue-715/.conda-env/share/verilator/include/verilated.h:35,
                 from /opt/spechunter/chipyard-issue-715/.conda-env/share/verilator/include/verilated_vcd_c.h:24,
                 from /opt/spechunter/chipyard-issue-715-repairv3/sims/verilator/generated-src/chipyard.TestHarness.SmallBoomConfig/verilator.h:4,
                 from <command-line>:
/opt/spechunter/chipyard-issue-715/.conda-env/share/verilator/include/verilatedos.h:291: warning: "__STDC_FORMAT_MACROS" redefined
  291 | #define __STDC_FORMAT_MACROS
      | 
<command-line>: note: this is the location of the previous definition
/opt/spechunter/chipyard-issue-715/.conda-env/bin/x86_64-conda-linux-gnu-c++  -I.  -MMD -I/opt/spechunter/chipyard-issue-715/.conda-env/share/verilator/include -I/opt/spechunter/chipyard-issue-715/.conda-env/share/verilator/include/vltstd -DVM_COVERAGE=0 -DVM_SC=0 -DVM_TRACE=0 -DVM_TRACE_FST=0 -DVM_TRACE_VCD=0 -faligned-new -fcf-protection=none -Wno-bool-operation -Wno-sign-compare -Wno-uninitialized -Wno-unused-but-set-variable -Wno-unused-parameter -Wno-unused-variable -Wno-shadow     -O3 -std=c++11 -I/opt/spechunter/chipyard-issue-715/.conda-env/riscv-tools/include -I/opt/spechunter/chipyard-issue-715-repairv3/tools/DRAMSim2 -I/opt/spechunter/chipyard-issue-715-repairv3/sims/verilator/generated-src/chipyard.TestHarness.SmallBoomConfig    -D__STDC_FORMAT_MACROS -DTEST_HARNESS=VTestHarness -DVERILATOR -include /opt/spechunter/chipyard-issue-715-repairv3/sims/verilator/generated-src/chipyard.TestHarness.SmallBoomConfig/chipyard.TestHarness.SmallBoomConfig.plusArgs -include /opt/spechunter/chipyard-issue-715-repairv3/sims/verilator/generated-src/chipyard.TestHarness.SmallBoomConfig/verilator.h -include /opt/spechunter/chipyard-issue-715-repairv3/sims/verilator/generated-src/chipyard.TestHarness.SmallBoomConfig/chipyard.TestHarness.SmallBoomConfig/VTestHarness.h  -DVL_THREADED -std=c++17 -Os -c -o VTestHarness___024root__DepSet_h30a6511e__19.o VTestHarness___024root__DepSet_h30a6511e__19.cpp
In file included from /opt/spechunter/chipyard-issue-715/.conda-env/share/verilator/include/verilated.h:35,
                 from /opt/spechunter/chipyard-issue-715/.conda-env/share/verilator/include/verilated_vcd_c.h:24,
                 from /opt/spechunter/chipyard-issue-715-repairv3/sims/verilator/generated-src/chipyard.TestHarness.SmallBoomConfig/verilator.h:4,
                 from <command-line>:
/opt/spechunter/chipyard-issue-715/.conda-env/share/verilator/include/verilatedos.h:291: warning: "__STDC_FORMAT_MACROS" redefined
  291 | #define __STDC_FORMAT_MACROS
      | 
<command-line>: note: this is the location of the previous definition
/opt/spechunter/chipyard-issue-715/.conda-env/bin/x86_64-conda-linux-gnu-c++  -I.  -MMD -I/opt/spechunter/chipyard-issue-715/.conda-env/share/verilator/include -I/opt/spechunter/chipyard-issue-715/.conda-env/share/verilator/include/vltstd -DVM_COVERAGE=0 -DVM_SC=0 -DVM_TRACE=0 -DVM_TRACE_FST=0 -DVM_TRACE_VCD=0 -faligned-new -fcf-protection=none -Wno-bool-operation -Wno-sign-compare -Wno-uninitialized -Wno-unused-but-set-variable -Wno-unused-parameter -Wno-unused-variable -Wno-shadow     -O3 -std=c++11 -I/opt/spechunter/chipyard-issue-715/.conda-env/riscv-tools/include -I/opt/spechunter/chipyard-issue-715-repairv3/tools/DRAMSim2 -I/opt/spechunter/chipyard-issue-715-repairv3/sims/verilator/generated-src/chipyard.TestHarness.SmallBoomConfig    -D__STDC_FORMAT_MACROS -DTEST_HARNESS=VTestHarness -DVERILATOR -include /opt/spechunter/chipyard-issue-715-repairv3/sims/verilator/generated-src/chipyard.TestHarness.SmallBoomConfig/chipyard.TestHarness.SmallBoomConfig.plusArgs -include /opt/spechunter/chipyard-issue-715-repairv3/sims/verilator/generated-src/chipyard.TestHarness.SmallBoomConfig/verilator.h -include /opt/spechunter/chipyard-issue-715-repairv3/sims/verilator/generated-src/chipyard.TestHarness.SmallBoomConfig/chipyard.TestHarness.SmallBoomConfig/VTestHarness.h  -DVL_THREADED -std=c++17 -Os -c -o VTestHarness___024root__DepSet_h30a6511e__20.o VTestHarness___024root__DepSet_h30a6511e__20.cpp
In file included from /opt/spechunter/chipyard-issue-715/.conda-env/share/verilator/include/verilated.h:35,
                 from /opt/spechunter/chipyard-issue-715/.conda-env/share/verilator/include/verilated_vcd_c.h:24,
                 from /opt/spechunter/chipyard-issue-715-repairv3/sims/verilator/generated-src/chipyard.TestHarness.SmallBoomConfig/verilator.h:4,
                 from <command-line>:
/opt/spechunter/chipyard-issue-715/.conda-env/share/verilator/include/verilatedos.h:291: warning: "__STDC_FORMAT_MACROS" redefined
  291 | #define __STDC_FORMAT_MACROS
      | 
<command-line>: note: this is the location of the previous definition
/opt/spechunter/chipyard-issue-715/.conda-env/bin/x86_64-conda-linux-gnu-c++  -I.  -MMD -I/opt/spechunter/chipyard-issue-715/.conda-env/share/verilator/include -I/opt/spechunter/chipyard-issue-715/.conda-env/share/verilator/include/vltstd -DVM_COVERAGE=0 -DVM_SC=0 -DVM_TRACE=0 -DVM_TRACE_FST=0 -DVM_TRACE_VCD=0 -faligned-new -fcf-protection=none -Wno-bool-operation -Wno-sign-compare -Wno-uninitialized -Wno-unused-but-set-variable -Wno-unused-parameter -Wno-unused-variable -Wno-shadow     -O3 -std=c++11 -I/opt/spechunter/chipyard-issue-715/.conda-env/riscv-tools/include -I/opt/spechunter/chipyard-issue-715-repairv3/tools/DRAMSim2 -I/opt/spechunter/chipyard-issue-715-repairv3/sims/verilator/generated-src/chipyard.TestHarness.SmallBoomConfig    -D__STDC_FORMAT_MACROS -DTEST_HARNESS=VTestHarness -DVERILATOR -include /opt/spechunter/chipyard-issue-715-repairv3/sims/verilator/generated-src/chipyard.TestHarness.SmallBoomConfig/chipyard.TestHarness.SmallBoomConfig.plusArgs -include /opt/spechunter/chipyard-issue-715-repairv3/sims/verilator/generated-src/chipyard.TestHarness.SmallBoomConfig/verilator.h -include /opt/spechunter/chipyard-issue-715-repairv3/sims/verilator/generated-src/chipyard.TestHarness.SmallBoomConfig/chipyard.TestHarness.SmallBoomConfig/VTestHarness.h  -DVL_THREADED -std=c++17 -Os -c -o VTestHarness___024root__DepSet_h30a6511e__21.o VTestHarness___024root__DepSet_h30a6511e__21.cpp
In file included from /opt/spechunter/chipyard-issue-715/.conda-env/share/verilator/include/verilated.h:35,
                 from /opt/spechunter/chipyard-issue-715/.conda-env/share/verilator/include/verilated_vcd_c.h:24,
                 from /opt/spechunter/chipyard-issue-715-repairv3/sims/verilator/generated-src/chipyard.TestHarness.SmallBoomConfig/verilator.h:4,
                 from <command-line>:
/opt/spechunter/chipyard-issue-715/.conda-env/share/verilator/include/verilatedos.h:291: warning: "__STDC_FORMAT_MACROS" redefined
  291 | #define __STDC_FORMAT_MACROS
      | 
<command-line>: note: this is the location of the previous definition
/opt/spechunter/chipyard-issue-715/.conda-env/bin/x86_64-conda-linux-gnu-c++  -I.  -MMD -I/opt/spechunter/chipyard-issue-715/.conda-env/share/verilator/include -I/opt/spechunter/chipyard-issue-715/.conda-env/share/verilator/include/vltstd -DVM_COVERAGE=0 -DVM_SC=0 -DVM_TRACE=0 -DVM_TRACE_FST=0 -DVM_TRACE_VCD=0 -faligned-new -fcf-protection=none -Wno-bool-operation -Wno-sign-compare -Wno-uninitialized -Wno-unused-but-set-variable -Wno-unused-parameter -Wno-unused-variable -Wno-shadow     -O3 -std=c++11 -I/opt/spechunter/chipyard-issue-715/.conda-env/riscv-tools/include -I/opt/spechunter/chipyard-issue-715-repairv3/tools/DRAMSim2 -I/opt/spechunter/chipyard-issue-715-repairv3/sims/verilator/generated-src/chipyard.TestHarness.SmallBoomConfig    -D__STDC_FORMAT_MACROS -DTEST_HARNESS=VTestHarness -DVERILATOR -include /opt/spechunter/chipyard-issue-715-repairv3/sims/verilator/generated-src/chipyard.TestHarness.SmallBoomConfig/chipyard.TestHarness.SmallBoomConfig.plusArgs -include /opt/spechunter/chipyard-issue-715-repairv3/sims/verilator/generated-src/chipyard.TestHarness.SmallBoomConfig/verilator.h -include /opt/spechunter/chipyard-issue-715-repairv3/sims/verilator/generated-src/chipyard.TestHarness.SmallBoomConfig/chipyard.TestHarness.SmallBoomConfig/VTestHarness.h  -DVL_THREADED -std=c++17 -Os -c -o VTestHarness___024root__DepSet_h30a6511e__22.o VTestHarness___024root__DepSet_h30a6511e__22.cpp
In file included from /opt/spechunter/chipyard-issue-715/.conda-env/share/verilator/include/verilated.h:35,
                 from /opt/spechunter/chipyard-issue-715/.conda-env/share/verilator/include/verilated_vcd_c.h:24,
                 from /opt/spechunter/chipyard-issue-715-repairv3/sims/verilator/generated-src/chipyard.TestHarness.SmallBoomConfig/verilator.h:4,
                 from <command-line>:
/opt/spechunter/chipyard-issue-715/.conda-env/share/verilator/include/verilatedos.h:291: warning: "__STDC_FORMAT_MACROS" redefined
  291 | #define __STDC_FORMAT_MACROS
      | 
<command-line>: note: this is the location of the previous definition
/opt/spechunter/chipyard-issue-715/.conda-env/bin/x86_64-conda-linux-gnu-c++  -I.  -MMD -I/opt/spechunter/chipyard-issue-715/.conda-env/share/verilator/include -I/opt/spechunter/chipyard-issue-715/.conda-env/share/verilator/include/vltstd -DVM_COVERAGE=0 -DVM_SC=0 -DVM_TRACE=0 -DVM_TRACE_FST=0 -DVM_TRACE_VCD=0 -faligned-new -fcf-protection=none -Wno-bool-operation -Wno-sign-compare -Wno-uninitialized -Wno-unused-but-set-variable -Wno-unused-parameter -Wno-unused-variable -Wno-shadow     -O3 -std=c++11 -I/opt/spechunter/chipyard-issue-715/.conda-env/riscv-tools/include -I/opt/spechunter/chipyard-issue-715-repairv3/tools/DRAMSim2 -I/opt/spechunter/chipyard-issue-715-repairv3/sims/verilator/generated-src/chipyard.TestHarness.SmallBoomConfig    -D__STDC_FORMAT_MACROS -DTEST_HARNESS=VTestHarness -DVERILATOR -include /opt/spechunter/chipyard-issue-715-repairv3/sims/verilator/generated-src/chipyard.TestHarness.SmallBoomConfig/chipyard.TestHarness.SmallBoomConfig.plusArgs -include /opt/spechunter/chipyard-issue-715-repairv3/sims/verilator/generated-src/chipyard.TestHarness.SmallBoomConfig/verilator.h -include /opt/spechunter/chipyard-issue-715-repairv3/sims/verilator/generated-src/chipyard.TestHarness.SmallBoomConfig/chipyard.TestHarness.SmallBoomConfig/VTestHarness.h  -DVL_THREADED -std=c++17 -Os -c -o VTestHarness___024root__DepSet_h30a6511e__23.o VTestHarness___024root__DepSet_h30a6511e__23.cpp
In file included from /opt/spechunter/chipyard-issue-715/.conda-env/share/verilator/include/verilated.h:35,
                 from /opt/spechunter/chipyard-issue-715/.conda-env/share/verilator/include/verilated_vcd_c.h:24,
                 from /opt/spechunter/chipyard-issue-715-repairv3/sims/verilator/generated-src/chipyard.TestHarness.SmallBoomConfig/verilator.h:4,
                 from <command-line>:
/opt/spechunter/chipyard-issue-715/.conda-env/share/verilator/include/verilatedos.h:291: warning: "__STDC_FORMAT_MACROS" redefined
  291 | #define __STDC_FORMAT_MACROS
      | 
<command-line>: note: this is the location of the previous definition
/opt/spechunter/chipyard-issue-715/.conda-env/bin/x86_64-conda-linux-gnu-c++  -I.  -MMD -I/opt/spechunter/chipyard-issue-715/.conda-env/share/verilator/include -I/opt/spechunter/chipyard-issue-715/.conda-env/share/verilator/include/vltstd -DVM_COVERAGE=0 -DVM_SC=0 -DVM_TRACE=0 -DVM_TRACE_FST=0 -DVM_TRACE_VCD=0 -faligned-new -fcf-protection=none -Wno-bool-operation -Wno-sign-compare -Wno-uninitialized -Wno-unused-but-set-variable -Wno-unused-parameter -Wno-unused-variable -Wno-shadow     -O3 -std=c++11 -I/opt/spechunter/chipyard-issue-715/.conda-env/riscv-tools/include -I/opt/spechunter/chipyard-issue-715-repairv3/tools/DRAMSim2 -I/opt/spechunter/chipyard-issue-715-repairv3/sims/verilator/generated-src/chipyard.TestHarness.SmallBoomConfig    -D__STDC_FORMAT_MACROS -DTEST_HARNESS=VTestHarness -DVERILATOR -include /opt/spechunter/chipyard-issue-715-repairv3/sims/verilator/generated-src/chipyard.TestHarness.SmallBoomConfig/chipyard.TestHarness.SmallBoomConfig.plusArgs -include /opt/spechunter/chipyard-issue-715-repairv3/sims/verilator/generated-src/chipyard.TestHarness.SmallBoomConfig/verilator.h -include /opt/spechunter/chipyard-issue-715-repairv3/sims/verilator/generated-src/chipyard.TestHarness.SmallBoomConfig/chipyard.TestHarness.SmallBoomConfig/VTestHarness.h  -DVL_THREADED -std=c++17 -Os -c -o VTestHarness___024root__DepSet_h30a6511e__24.o VTestHarness___024root__DepSet_h30a6511e__24.cpp
In file included from /opt/spechunter/chipyard-issue-715/.conda-env/share/verilator/include/verilated.h:35,
                 from /opt/spechunter/chipyard-issue-715/.conda-env/share/verilator/include/verilated_vcd_c.h:24,
                 from /opt/spechunter/chipyard-issue-715-repairv3/sims/verilator/generated-src/chipyard.TestHarness.SmallBoomConfig/verilator.h:4,
                 from <command-line>:
/opt/spechunter/chipyard-issue-715/.conda-env/share/verilator/include/verilatedos.h:291: warning: "__STDC_FORMAT_MACROS" redefined
  291 | #define __STDC_FORMAT_MACROS
      | 
<command-line>: note: this is the location of the previous definition
/opt/spechunter/chipyard-issue-715/.conda-env/bin/x86_64-conda-linux-gnu-c++  -I.  -MMD -I/opt/spechunter/chipyard-issue-715/.conda-env/share/verilator/include -I/opt/spechunter/chipyard-issue-715/.conda-env/share/verilator/include/vltstd -DVM_COVERAGE=0 -DVM_SC=0 -DVM_TRACE=0 -DVM_TRACE_FST=0 -DVM_TRACE_VCD=0 -faligned-new -fcf-protection=none -Wno-bool-operation -Wno-sign-compare -Wno-uninitialized -Wno-unused-but-set-variable -Wno-unused-parameter -Wno-unused-variable -Wno-shadow     -O3 -std=c++11 -I/opt/spechunter/chipyard-issue-715/.conda-env/riscv-tools/include -I/opt/spechunter/chipyard-issue-715-repairv3/tools/DRAMSim2 -I/opt/spechunter/chipyard-issue-715-repairv3/sims/verilator/generated-src/chipyard.TestHarness.SmallBoomConfig    -D__STDC_FORMAT_MACROS -DTEST_HARNESS=VTestHarness -DVERILATOR -include /opt/spechunter/chipyard-issue-715-repairv3/sims/verilator/generated-src/chipyard.TestHarness.SmallBoomConfig/chipyard.TestHarness.SmallBoomConfig.plusArgs -include /opt/spechunter/chipyard-issue-715-repairv3/sims/verilator/generated-src/chipyard.TestHarness.SmallBoomConfig/verilator.h -include /opt/spechunter/chipyard-issue-715-repairv3/sims/verilator/generated-src/chipyard.TestHarness.SmallBoomConfig/chipyard.TestHarness.SmallBoomConfig/VTestHarness.h  -DVL_THREADED -std=c++17 -Os -c -o VTestHarness___024root__DepSet_h30a6511e__25.o VTestHarness___024root__DepSet_h30a6511e__25.cpp
In file included from /opt/spechunter/chipyard-issue-715/.conda-env/share/verilator/include/verilated.h:35,
                 from /opt/spechunter/chipyard-issue-715/.conda-env/share/verilator/include/verilated_vcd_c.h:24,
                 from /opt/spechunter/chipyard-issue-715-repairv3/sims/verilator/generated-src/chipyard.TestHarness.SmallBoomConfig/verilator.h:4,
                 from <command-line>:
/opt/spechunter/chipyard-issue-715/.conda-env/share/verilator/include/verilatedos.h:291: warning: "__STDC_FORMAT_MACROS" redefined
  291 | #define __STDC_FORMAT_MACROS
      | 
<command-line>: note: this is the location of the previous definition
/opt/spechunter/chipyard-issue-715/.conda-env/bin/x86_64-conda-linux-gnu-c++  -I.  -MMD -I/opt/spechunter/chipyard-issue-715/.conda-env/share/verilator/include -I/opt/spechunter/chipyard-issue-715/.conda-env/share/verilator/include/vltstd -DVM_COVERAGE=0 -DVM_SC=0 -DVM_TRACE=0 -DVM_TRACE_FST=0 -DVM_TRACE_VCD=0 -faligned-new -fcf-protection=none -Wno-bool-operation -Wno-sign-compare -Wno-uninitialized -Wno-unused-but-set-variable -Wno-unused-parameter -Wno-unused-variable -Wno-shadow     -O3 -std=c++11 -I/opt/spechunter/chipyard-issue-715/.conda-env/riscv-tools/include -I/opt/spechunter/chipyard-issue-715-repairv3/tools/DRAMSim2 -I/opt/spechunter/chipyard-issue-715-repairv3/sims/verilator/generated-src/chipyard.TestHarness.SmallBoomConfig    -D__STDC_FORMAT_MACROS -DTEST_HARNESS=VTestHarness -DVERILATOR -include /opt/spechunter/chipyard-issue-715-repairv3/sims/verilator/generated-src/chipyard.TestHarness.SmallBoomConfig/chipyard.TestHarness.SmallBoomConfig.plusArgs -include /opt/spechunter/chipyard-issue-715-repairv3/sims/verilator/generated-src/chipyard.TestHarness.SmallBoomConfig/verilator.h -include /opt/spechunter/chipyard-issue-715-repairv3/sims/verilator/generated-src/chipyard.TestHarness.SmallBoomConfig/chipyard.TestHarness.SmallBoomConfig/VTestHarness.h  -DVL_THREADED -std=c++17 -Os -c -o VTestHarness___024root__DepSet_h30a6511e__26.o VTestHarness___024root__DepSet_h30a6511e__26.cpp
In file included from /opt/spechunter/chipyard-issue-715/.conda-env/share/verilator/include/verilated.h:35,
                 from /opt/spechunter/chipyard-issue-715/.conda-env/share/verilator/include/verilated_vcd_c.h:24,
                 from /opt/spechunter/chipyard-issue-715-repairv3/sims/verilator/generated-src/chipyard.TestHarness.SmallBoomConfig/verilator.h:4,
                 from <command-line>:
/opt/spechunter/chipyard-issue-715/.conda-env/share/verilator/include/verilatedos.h:291: warning: "__STDC_FORMAT_MACROS" redefined
  291 | #define __STDC_FORMAT_MACROS
      | 
<command-line>: note: this is the location of the previous definition
/opt/spechunter/chipyard-issue-715/.conda-env/bin/x86_64-conda-linux-gnu-c++  -I.  -MMD -I/opt/spechunter/chipyard-issue-715/.conda-env/share/verilator/include -I/opt/spechunter/chipyard-issue-715/.conda-env/share/verilator/include/vltstd -DVM_COVERAGE=0 -DVM_SC=0 -DVM_TRACE=0 -DVM_TRACE_FST=0 -DVM_TRACE_VCD=0 -faligned-new -fcf-protection=none -Wno-bool-operation -Wno-sign-compare -Wno-uninitialized -Wno-unused-but-set-variable -Wno-unused-parameter -Wno-unused-variable -Wno-shadow     -O3 -std=c++11 -I/opt/spechunter/chipyard-issue-715/.conda-env/riscv-tools/include -I/opt/spechunter/chipyard-issue-715-repairv3/tools/DRAMSim2 -I/opt/spechunter/chipyard-issue-715-repairv3/sims/verilator/generated-src/chipyard.TestHarness.SmallBoomConfig    -D__STDC_FORMAT_MACROS -DTEST_HARNESS=VTestHarness -DVERILATOR -include /opt/spechunter/chipyard-issue-715-repairv3/sims/verilator/generated-src/chipyard.TestHarness.SmallBoomConfig/chipyard.TestHarness.SmallBoomConfig.plusArgs -include /opt/spechunter/chipyard-issue-715-repairv3/sims/verilator/generated-src/chipyard.TestHarness.SmallBoomConfig/verilator.h -include /opt/spechunter/chipyard-issue-715-repairv3/sims/verilator/generated-src/chipyard.TestHarness.SmallBoomConfig/chipyard.TestHarness.SmallBoomConfig/VTestHarness.h  -DVL_THREADED -std=c++17 -Os -c -o VTestHarness___024root__DepSet_h30a6511e__27.o VTestHarness___024root__DepSet_h30a6511e__27.cpp
In file included from /opt/spechunter/chipyard-issue-715/.conda-env/share/verilator/include/verilated.h:35,
                 from /opt/spechunter/chipyard-issue-715/.conda-env/share/verilator/include/verilated_vcd_c.h:24,
                 from /opt/spechunter/chipyard-issue-715-repairv3/sims/verilator/generated-src/chipyard.TestHarness.SmallBoomConfig/verilator.h:4,
                 from <command-line>:
/opt/spechunter/chipyard-issue-715/.conda-env/share/verilator/include/verilatedos.h:291: warning: "__STDC_FORMAT_MACROS" redefined
  291 | #define __STDC_FORMAT_MACROS
      | 
<command-line>: note: this is the location of the previous definition
/opt/spechunter/chipyard-issue-715/.conda-env/bin/x86_64-conda-linux-gnu-c++  -I.  -MMD -I/opt/spechunter/chipyard-issue-715/.conda-env/share/verilator/include -I/opt/spechunter/chipyard-issue-715/.conda-env/share/verilator/include/vltstd -DVM_COVERAGE=0 -DVM_SC=0 -DVM_TRACE=0 -DVM_TRACE_FST=0 -DVM_TRACE_VCD=0 -faligned-new -fcf-protection=none -Wno-bool-operation -Wno-sign-compare -Wno-uninitialized -Wno-unused-but-set-variable -Wno-unused-parameter -Wno-unused-variable -Wno-shadow     -O3 -std=c++11 -I/opt/spechunter/chipyard-issue-715/.conda-env/riscv-tools/include -I/opt/spechunter/chipyard-issue-715-repairv3/tools/DRAMSim2 -I/opt/spechunter/chipyard-issue-715-repairv3/sims/verilator/generated-src/chipyard.TestHarness.SmallBoomConfig    -D__STDC_FORMAT_MACROS -DTEST_HARNESS=VTestHarness -DVERILATOR -include /opt/spechunter/chipyard-issue-715-repairv3/sims/verilator/generated-src/chipyard.TestHarness.SmallBoomConfig/chipyard.TestHarness.SmallBoomConfig.plusArgs -include /opt/spechunter/chipyard-issue-715-repairv3/sims/verilator/generated-src/chipyard.TestHarness.SmallBoomConfig/verilator.h -include /opt/spechunter/chipyard-issue-715-repairv3/sims/verilator/generated-src/chipyard.TestHarness.SmallBoomConfig/chipyard.TestHarness.SmallBoomConfig/VTestHarness.h  -DVL_THREADED -std=c++17 -Os -c -o VTestHarness___024root__DepSet_h30a6511e__28.o VTestHarness___024root__DepSet_h30a6511e__28.cpp
In file included from /opt/spechunter/chipyard-issue-715/.conda-env/share/verilator/include/verilated.h:35,
                 from /opt/spechunter/chipyard-issue-715/.conda-env/share/verilator/include/verilated_vcd_c.h:24,
                 from /opt/spechunter/chipyard-issue-715-repairv3/sims/verilator/generated-src/chipyard.TestHarness.SmallBoomConfig/verilator.h:4,
                 from <command-line>:
/opt/spechunter/chipyard-issue-715/.conda-env/share/verilator/include/verilatedos.h:291: warning: "__STDC_FORMAT_MACROS" redefined
  291 | #define __STDC_FORMAT_MACROS
      | 
<command-line>: note: this is the location of the previous definition
/opt/spechunter/chipyard-issue-715/.conda-env/bin/x86_64-conda-linux-gnu-c++  -I.  -MMD -I/opt/spechunter/chipyard-issue-715/.conda-env/share/verilator/include -I/opt/spechunter/chipyard-issue-715/.conda-env/share/verilator/include/vltstd -DVM_COVERAGE=0 -DVM_SC=0 -DVM_TRACE=0 -DVM_TRACE_FST=0 -DVM_TRACE_VCD=0 -faligned-new -fcf-protection=none -Wno-bool-operation -Wno-sign-compare -Wno-uninitialized -Wno-unused-but-set-variable -Wno-unused-parameter -Wno-unused-variable -Wno-shadow     -O3 -std=c++11 -I/opt/spechunter/chipyard-issue-715/.conda-env/riscv-tools/include -I/opt/spechunter/chipyard-issue-715-repairv3/tools/DRAMSim2 -I/opt/spechunter/chipyard-issue-715-repairv3/sims/verilator/generated-src/chipyard.TestHarness.SmallBoomConfig    -D__STDC_FORMAT_MACROS -DTEST_HARNESS=VTestHarness -DVERILATOR -include /opt/spechunter/chipyard-issue-715-repairv3/sims/verilator/generated-src/chipyard.TestHarness.SmallBoomConfig/chipyard.TestHarness.SmallBoomConfig.plusArgs -include /opt/spechunter/chipyard-issue-715-repairv3/sims/verilator/generated-src/chipyard.TestHarness.SmallBoomConfig/verilator.h -include /opt/spechunter/chipyard-issue-715-repairv3/sims/verilator/generated-src/chipyard.TestHarness.SmallBoomConfig/chipyard.TestHarness.SmallBoomConfig/VTestHarness.h  -DVL_THREADED -std=c++17 -Os -c -o VTestHarness___024root__DepSet_h30a6511e__29.o VTestHarness___024root__DepSet_h30a6511e__29.cpp
In file included from /opt/spechunter/chipyard-issue-715/.conda-env/share/verilator/include/verilated.h:35,
                 from /opt/spechunter/chipyard-issue-715/.conda-env/share/verilator/include/verilated_vcd_c.h:24,
                 from /opt/spechunter/chipyard-issue-715-repairv3/sims/verilator/generated-src/chipyard.TestHarness.SmallBoomConfig/verilator.h:4,
                 from <command-line>:
/opt/spechunter/chipyard-issue-715/.conda-env/share/verilator/include/verilatedos.h:291: warning: "__STDC_FORMAT_MACROS" redefined
  291 | #define __STDC_FORMAT_MACROS
      | 
<command-line>: note: this is the location of the previous definition
/opt/spechunter/chipyard-issue-715/.conda-env/bin/x86_64-conda-linux-gnu-c++  -I.  -MMD -I/opt/spechunter/chipyard-issue-715/.conda-env/share/verilator/include -I/opt/spechunter/chipyard-issue-715/.conda-env/share/verilator/include/vltstd -DVM_COVERAGE=0 -DVM_SC=0 -DVM_TRACE=0 -DVM_TRACE_FST=0 -DVM_TRACE_VCD=0 -faligned-new -fcf-protection=none -Wno-bool-operation -Wno-sign-compare -Wno-uninitialized -Wno-unused-but-set-variable -Wno-unused-parameter -Wno-unused-variable -Wno-shadow     -O3 -std=c++11 -I/opt/spechunter/chipyard-issue-715/.conda-env/riscv-tools/include -I/opt/spechunter/chipyard-issue-715-repairv3/tools/DRAMSim2 -I/opt/spechunter/chipyard-issue-715-repairv3/sims/verilator/generated-src/chipyard.TestHarness.SmallBoomConfig    -D__STDC_FORMAT_MACROS -DTEST_HARNESS=VTestHarness -DVERILATOR -include /opt/spechunter/chipyard-issue-715-repairv3/sims/verilator/generated-src/chipyard.TestHarness.SmallBoomConfig/chipyard.TestHarness.SmallBoomConfig.plusArgs -include /opt/spechunter/chipyard-issue-715-repairv3/sims/verilator/generated-src/chipyard.TestHarness.SmallBoomConfig/verilator.h -include /opt/spechunter/chipyard-issue-715-repairv3/sims/verilator/generated-src/chipyard.TestHarness.SmallBoomConfig/chipyard.TestHarness.SmallBoomConfig/VTestHarness.h  -DVL_THREADED -std=c++17 -Os -c -o VTestHarness___024root__DepSet_h30a6511e__30.o VTestHarness___024root__DepSet_h30a6511e__30.cpp
In file included from /opt/spechunter/chipyard-issue-715/.conda-env/share/verilator/include/verilated.h:35,
                 from /opt/spechunter/chipyard-issue-715/.conda-env/share/verilator/include/verilated_vcd_c.h:24,
                 from /opt/spechunter/chipyard-issue-715-repairv3/sims/verilator/generated-src/chipyard.TestHarness.SmallBoomConfig/verilator.h:4,
                 from <command-line>:
/opt/spechunter/chipyard-issue-715/.conda-env/share/verilator/include/verilatedos.h:291: warning: "__STDC_FORMAT_MACROS" redefined
  291 | #define __STDC_FORMAT_MACROS
      | 
<command-line>: note: this is the location of the previous definition
/opt/spechunter/chipyard-issue-715/.conda-env/bin/x86_64-conda-linux-gnu-c++  -I.  -MMD -I/opt/spechunter/chipyard-issue-715/.conda-env/share/verilator/include -I/opt/spechunter/chipyard-issue-715/.conda-env/share/verilator/include/vltstd -DVM_COVERAGE=0 -DVM_SC=0 -DVM_TRACE=0 -DVM_TRACE_FST=0 -DVM_TRACE_VCD=0 -faligned-new -fcf-protection=none -Wno-bool-operation -Wno-sign-compare -Wno-uninitialized -Wno-unused-but-set-variable -Wno-unused-parameter -Wno-unused-variable -Wno-shadow     -O3 -std=c++11 -I/opt/spechunter/chipyard-issue-715/.conda-env/riscv-tools/include -I/opt/spechunter/chipyard-issue-715-repairv3/tools/DRAMSim2 -I/opt/spechunter/chipyard-issue-715-repairv3/sims/verilator/generated-src/chipyard.TestHarness.SmallBoomConfig    -D__STDC_FORMAT_MACROS -DTEST_HARNESS=VTestHarness -DVERILATOR -include /opt/spechunter/chipyard-issue-715-repairv3/sims/verilator/generated-src/chipyard.TestHarness.SmallBoomConfig/chipyard.TestHarness.SmallBoomConfig.plusArgs -include /opt/spechunter/chipyard-issue-715-repairv3/sims/verilator/generated-src/chipyard.TestHarness.SmallBoomConfig/verilator.h -include /opt/spechunter/chipyard-issue-715-repairv3/sims/verilator/generated-src/chipyard.TestHarness.SmallBoomConfig/chipyard.TestHarness.SmallBoomConfig/VTestHarness.h  -DVL_THREADED -std=c++17 -Os -c -o VTestHarness___024root__DepSet_h30a6511e__31.o VTestHarness___024root__DepSet_h30a6511e__31.cpp
In file included from /opt/spechunter/chipyard-issue-715/.conda-env/share/verilator/include/verilated.h:35,
                 from /opt/spechunter/chipyard-issue-715/.conda-env/share/verilator/include/verilated_vcd_c.h:24,
                 from /opt/spechunter/chipyard-issue-715-repairv3/sims/verilator/generated-src/chipyard.TestHarness.SmallBoomConfig/verilator.h:4,
                 from <command-line>:
/opt/spechunter/chipyard-issue-715/.conda-env/share/verilator/include/verilatedos.h:291: warning: "__STDC_FORMAT_MACROS" redefined
  291 | #define __STDC_FORMAT_MACROS
      | 
<command-line>: note: this is the location of the previous definition
/opt/spechunter/chipyard-issue-715/.conda-env/bin/x86_64-conda-linux-gnu-c++  -I.  -MMD -I/opt/spechunter/chipyard-issue-715/.conda-env/share/verilator/include -I/opt/spechunter/chipyard-issue-715/.conda-env/share/verilator/include/vltstd -DVM_COVERAGE=0 -DVM_SC=0 -DVM_TRACE=0 -DVM_TRACE_FST=0 -DVM_TRACE_VCD=0 -faligned-new -fcf-protection=none -Wno-bool-operation -Wno-sign-compare -Wno-uninitialized -Wno-unused-but-set-variable -Wno-unused-parameter -Wno-unused-variable -Wno-shadow     -O3 -std=c++11 -I/opt/spechunter/chipyard-issue-715/.conda-env/riscv-tools/include -I/opt/spechunter/chipyard-issue-715-repairv3/tools/DRAMSim2 -I/opt/spechunter/chipyard-issue-715-repairv3/sims/verilator/generated-src/chipyard.TestHarness.SmallBoomConfig    -D__STDC_FORMAT_MACROS -DTEST_HARNESS=VTestHarness -DVERILATOR -include /opt/spechunter/chipyard-issue-715-repairv3/sims/verilator/generated-src/chipyard.TestHarness.SmallBoomConfig/chipyard.TestHarness.SmallBoomConfig.plusArgs -include /opt/spechunter/chipyard-issue-715-repairv3/sims/verilator/generated-src/chipyard.TestHarness.SmallBoomConfig/verilator.h -include /opt/spechunter/chipyard-issue-715-repairv3/sims/verilator/generated-src/chipyard.TestHarness.SmallBoomConfig/chipyard.TestHarness.SmallBoomConfig/VTestHarness.h  -DVL_THREADED -std=c++17 -Os -c -o VTestHarness___024root__DepSet_h30a6511e__32.o VTestHarness___024root__DepSet_h30a6511e__32.cpp
In file included from /opt/spechunter/chipyard-issue-715/.conda-env/share/verilator/include/verilated.h:35,
                 from /opt/spechunter/chipyard-issue-715/.conda-env/share/verilator/include/verilated_vcd_c.h:24,
                 from /opt/spechunter/chipyard-issue-715-repairv3/sims/verilator/generated-src/chipyard.TestHarness.SmallBoomConfig/verilator.h:4,
                 from <command-line>:
/opt/spechunter/chipyard-issue-715/.conda-env/share/verilator/include/verilatedos.h:291: warning: "__STDC_FORMAT_MACROS" redefined
  291 | #define __STDC_FORMAT_MACROS
      | 
<command-line>: note: this is the location of the previous definition
/opt/spechunter/chipyard-issue-715/.conda-env/bin/x86_64-conda-linux-gnu-c++  -I.  -MMD -I/opt/spechunter/chipyard-issue-715/.conda-env/share/verilator/include -I/opt/spechunter/chipyard-issue-715/.conda-env/share/verilator/include/vltstd -DVM_COVERAGE=0 -DVM_SC=0 -DVM_TRACE=0 -DVM_TRACE_FST=0 -DVM_TRACE_VCD=0 -faligned-new -fcf-protection=none -Wno-bool-operation -Wno-sign-compare -Wno-uninitialized -Wno-unused-but-set-variable -Wno-unused-parameter -Wno-unused-variable -Wno-shadow     -O3 -std=c++11 -I/opt/spechunter/chipyard-issue-715/.conda-env/riscv-tools/include -I/opt/spechunter/chipyard-issue-715-repairv3/tools/DRAMSim2 -I/opt/spechunter/chipyard-issue-715-repairv3/sims/verilator/generated-src/chipyard.TestHarness.SmallBoomConfig    -D__STDC_FORMAT_MACROS -DTEST_HARNESS=VTestHarness -DVERILATOR -include /opt/spechunter/chipyard-issue-715-repairv3/sims/verilator/generated-src/chipyard.TestHarness.SmallBoomConfig/chipyard.TestHarness.SmallBoomConfig.plusArgs -include /opt/spechunter/chipyard-issue-715-repairv3/sims/verilator/generated-src/chipyard.TestHarness.SmallBoomConfig/verilator.h -include /opt/spechunter/chipyard-issue-715-repairv3/sims/verilator/generated-src/chipyard.TestHarness.SmallBoomConfig/chipyard.TestHarness.SmallBoomConfig/VTestHarness.h  -DVL_THREADED -std=c++17 -Os -c -o VTestHarness___024root__DepSet_h30a6511e__33.o VTestHarness___024root__DepSet_h30a6511e__33.cpp
In file included from /opt/spechunter/chipyard-issue-715/.conda-env/share/verilator/include/verilated.h:35,
                 from /opt/spechunter/chipyard-issue-715/.conda-env/share/verilator/include/verilated_vcd_c.h:24,
                 from /opt/spechunter/chipyard-issue-715-repairv3/sims/verilator/generated-src/chipyard.TestHarness.SmallBoomConfig/verilator.h:4,
                 from <command-line>:
/opt/spechunter/chipyard-issue-715/.conda-env/share/verilator/include/verilatedos.h:291: warning: "__STDC_FORMAT_MACROS" redefined
  291 | #define __STDC_FORMAT_MACROS
      | 
<command-line>: note: this is the location of the previous definition
/opt/spechunter/chipyard-issue-715/.conda-env/bin/x86_64-conda-linux-gnu-c++  -I.  -MMD -I/opt/spechunter/chipyard-issue-715/.conda-env/share/verilator/include -I/opt/spechunter/chipyard-issue-715/.conda-env/share/verilator/include/vltstd -DVM_COVERAGE=0 -DVM_SC=0 -DVM_TRACE=0 -DVM_TRACE_FST=0 -DVM_TRACE_VCD=0 -faligned-new -fcf-protection=none -Wno-bool-operation -Wno-sign-compare -Wno-uninitialized -Wno-unused-but-set-variable -Wno-unused-parameter -Wno-unused-variable -Wno-shadow     -O3 -std=c++11 -I/opt/spechunter/chipyard-issue-715/.conda-env/riscv-tools/include -I/opt/spechunter/chipyard-issue-715-repairv3/tools/DRAMSim2 -I/opt/spechunter/chipyard-issue-715-repairv3/sims/verilator/generated-src/chipyard.TestHarness.SmallBoomConfig    -D__STDC_FORMAT_MACROS -DTEST_HARNESS=VTestHarness -DVERILATOR -include /opt/spechunter/chipyard-issue-715-repairv3/sims/verilator/generated-src/chipyard.TestHarness.SmallBoomConfig/chipyard.TestHarness.SmallBoomConfig.plusArgs -include /opt/spechunter/chipyard-issue-715-repairv3/sims/verilator/generated-src/chipyard.TestHarness.SmallBoomConfig/verilator.h -include /opt/spechunter/chipyard-issue-715-repairv3/sims/verilator/generated-src/chipyard.TestHarness.SmallBoomConfig/chipyard.TestHarness.SmallBoomConfig/VTestHarness.h  -DVL_THREADED -std=c++17 -Os -c -o VTestHarness___024root__DepSet_h30a6511e__34.o VTestHarness___024root__DepSet_h30a6511e__34.cpp
In file included from /opt/spechunter/chipyard-issue-715/.conda-env/share/verilator/include/verilated.h:35,
                 from /opt/spechunter/chipyard-issue-715/.conda-env/share/verilator/include/verilated_vcd_c.h:24,
                 from /opt/spechunter/chipyard-issue-715-repairv3/sims/verilator/generated-src/chipyard.TestHarness.SmallBoomConfig/verilator.h:4,
                 from <command-line>:
/opt/spechunter/chipyard-issue-715/.conda-env/share/verilator/include/verilatedos.h:291: warning: "__STDC_FORMAT_MACROS" redefined
  291 | #define __STDC_FORMAT_MACROS
      | 
<command-line>: note: this is the location of the previous definition
/opt/spechunter/chipyard-issue-715/.conda-env/bin/x86_64-conda-linux-gnu-c++  -I.  -MMD -I/opt/spechunter/chipyard-issue-715/.conda-env/share/verilator/include -I/opt/spechunter/chipyard-issue-715/.conda-env/share/verilator/include/vltstd -DVM_COVERAGE=0 -DVM_SC=0 -DVM_TRACE=0 -DVM_TRACE_FST=0 -DVM_TRACE_VCD=0 -faligned-new -fcf-protection=none -Wno-bool-operation -Wno-sign-compare -Wno-uninitialized -Wno-unused-but-set-variable -Wno-unused-parameter -Wno-unused-variable -Wno-shadow     -O3 -std=c++11 -I/opt/spechunter/chipyard-issue-715/.conda-env/riscv-tools/include -I/opt/spechunter/chipyard-issue-715-repairv3/tools/DRAMSim2 -I/opt/spechunter/chipyard-issue-715-repairv3/sims/verilator/generated-src/chipyard.TestHarness.SmallBoomConfig    -D__STDC_FORMAT_MACROS -DTEST_HARNESS=VTestHarness -DVERILATOR -include /opt/spechunter/chipyard-issue-715-repairv3/sims/verilator/generated-src/chipyard.TestHarness.SmallBoomConfig/chipyard.TestHarness.SmallBoomConfig.plusArgs -include /opt/spechunter/chipyard-issue-715-repairv3/sims/verilator/generated-src/chipyard.TestHarness.SmallBoomConfig/verilator.h -include /opt/spechunter/chipyard-issue-715-repairv3/sims/verilator/generated-src/chipyard.TestHarness.SmallBoomConfig/chipyard.TestHarness.SmallBoomConfig/VTestHarness.h  -DVL_THREADED -std=c++17 -Os -c -o VTestHarness___024root__DepSet_h30a6511e__35.o VTestHarness___024root__DepSet_h30a6511e__35.cpp
In file included from /opt/spechunter/chipyard-issue-715/.conda-env/share/verilator/include/verilated.h:35,
                 from /opt/spechunter/chipyard-issue-715/.conda-env/share/verilator/include/verilated_vcd_c.h:24,
                 from /opt/spechunter/chipyard-issue-715-repairv3/sims/verilator/generated-src/chipyard.TestHarness.SmallBoomConfig/verilator.h:4,
                 from <command-line>:
/opt/spechunter/chipyard-issue-715/.conda-env/share/verilator/include/verilatedos.h:291: warning: "__STDC_FORMAT_MACROS" redefined
  291 | #define __STDC_FORMAT_MACROS
      | 
<command-line>: note: this is the location of the previous definition
/opt/spechunter/chipyard-issue-715/.conda-env/bin/x86_64-conda-linux-gnu-c++  -I.  -MMD -I/opt/spechunter/chipyard-issue-715/.conda-env/share/verilator/include -I/opt/spechunter/chipyard-issue-715/.conda-env/share/verilator/include/vltstd -DVM_COVERAGE=0 -DVM_SC=0 -DVM_TRACE=0 -DVM_TRACE_FST=0 -DVM_TRACE_VCD=0 -faligned-new -fcf-protection=none -Wno-bool-operation -Wno-sign-compare -Wno-uninitialized -Wno-unused-but-set-variable -Wno-unused-parameter -Wno-unused-variable -Wno-shadow     -O3 -std=c++11 -I/opt/spechunter/chipyard-issue-715/.conda-env/riscv-tools/include -I/opt/spechunter/chipyard-issue-715-repairv3/tools/DRAMSim2 -I/opt/spechunter/chipyard-issue-715-repairv3/sims/verilator/generated-src/chipyard.TestHarness.SmallBoomConfig    -D__STDC_FORMAT_MACROS -DTEST_HARNESS=VTestHarness -DVERILATOR -include /opt/spechunter/chipyard-issue-715-repairv3/sims/verilator/generated-src/chipyard.TestHarness.SmallBoomConfig/chipyard.TestHarness.SmallBoomConfig.plusArgs -include /opt/spechunter/chipyard-issue-715-repairv3/sims/verilator/generated-src/chipyard.TestHarness.SmallBoomConfig/verilator.h -include /opt/spechunter/chipyard-issue-715-repairv3/sims/verilator/generated-src/chipyard.TestHarness.SmallBoomConfig/chipyard.TestHarness.SmallBoomConfig/VTestHarness.h  -DVL_THREADED -std=c++17 -Os -c -o VTestHarness___024root__DepSet_h30a6511e__36.o VTestHarness___024root__DepSet_h30a6511e__36.cpp
In file included from /opt/spechunter/chipyard-issue-715/.conda-env/share/verilator/include/verilated.h:35,
                 from /opt/spechunter/chipyard-issue-715/.conda-env/share/verilator/include/verilated_vcd_c.h:24,
                 from /opt/spechunter/chipyard-issue-715-repairv3/sims/verilator/generated-src/chipyard.TestHarness.SmallBoomConfig/verilator.h:4,
                 from <command-line>:
/opt/spechunter/chipyard-issue-715/.conda-env/share/verilator/include/verilatedos.h:291: warning: "__STDC_FORMAT_MACROS" redefined
  291 | #define __STDC_FORMAT_MACROS
      | 
<command-line>: note: this is the location of the previous definition
/opt/spechunter/chipyard-issue-715/.conda-env/bin/x86_64-conda-linux-gnu-c++  -I.  -MMD -I/opt/spechunter/chipyard-issue-715/.conda-env/share/verilator/include -I/opt/spechunter/chipyard-issue-715/.conda-env/share/verilator/include/vltstd -DVM_COVERAGE=0 -DVM_SC=0 -DVM_TRACE=0 -DVM_TRACE_FST=0 -DVM_TRACE_VCD=0 -faligned-new -fcf-protection=none -Wno-bool-operation -Wno-sign-compare -Wno-uninitialized -Wno-unused-but-set-variable -Wno-unused-parameter -Wno-unused-variable -Wno-shadow     -O3 -std=c++11 -I/opt/spechunter/chipyard-issue-715/.conda-env/riscv-tools/include -I/opt/spechunter/chipyard-issue-715-repairv3/tools/DRAMSim2 -I/opt/spechunter/chipyard-issue-715-repairv3/sims/verilator/generated-src/chipyard.TestHarness.SmallBoomConfig    -D__STDC_FORMAT_MACROS -DTEST_HARNESS=VTestHarness -DVERILATOR -include /opt/spechunter/chipyard-issue-715-repairv3/sims/verilator/generated-src/chipyard.TestHarness.SmallBoomConfig/chipyard.TestHarness.SmallBoomConfig.plusArgs -include /opt/spechunter/chipyard-issue-715-repairv3/sims/verilator/generated-src/chipyard.TestHarness.SmallBoomConfig/verilator.h -include /opt/spechunter/chipyard-issue-715-repairv3/sims/verilator/generated-src/chipyard.TestHarness.SmallBoomConfig/chipyard.TestHarness.SmallBoomConfig/VTestHarness.h  -DVL_THREADED -std=c++17 -Os -c -o VTestHarness___024root__DepSet_h30a6511e__37.o VTestHarness___024root__DepSet_h30a6511e__37.cpp
In file included from /opt/spechunter/chipyard-issue-715/.conda-env/share/verilator/include/verilated.h:35,
                 from /opt/spechunter/chipyard-issue-715/.conda-env/share/verilator/include/verilated_vcd_c.h:24,
                 from /opt/spechunter/chipyard-issue-715-repairv3/sims/verilator/generated-src/chipyard.TestHarness.SmallBoomConfig/verilator.h:4,
                 from <command-line>:
/opt/spechunter/chipyard-issue-715/.conda-env/share/verilator/include/verilatedos.h:291: warning: "__STDC_FORMAT_MACROS" redefined
  291 | #define __STDC_FORMAT_MACROS
      | 
<command-line>: note: this is the location of the previous definition
/opt/spechunter/chipyard-issue-715/.conda-env/bin/x86_64-conda-linux-gnu-c++  -I.  -MMD -I/opt/spechunter/chipyard-issue-715/.conda-env/share/verilator/include -I/opt/spechunter/chipyard-issue-715/.conda-env/share/verilator/include/vltstd -DVM_COVERAGE=0 -DVM_SC=0 -DVM_TRACE=0 -DVM_TRACE_FST=0 -DVM_TRACE_VCD=0 -faligned-new -fcf-protection=none -Wno-bool-operation -Wno-sign-compare -Wno-uninitialized -Wno-unused-but-set-variable -Wno-unused-parameter -Wno-unused-variable -Wno-shadow     -O3 -std=c++11 -I/opt/spechunter/chipyard-issue-715/.conda-env/riscv-tools/include -I/opt/spechunter/chipyard-issue-715-repairv3/tools/DRAMSim2 -I/opt/spechunter/chipyard-issue-715-repairv3/sims/verilator/generated-src/chipyard.TestHarness.SmallBoomConfig    -D__STDC_FORMAT_MACROS -DTEST_HARNESS=VTestHarness -DVERILATOR -include /opt/spechunter/chipyard-issue-715-repairv3/sims/verilator/generated-src/chipyard.TestHarness.SmallBoomConfig/chipyard.TestHarness.SmallBoomConfig.plusArgs -include /opt/spechunter/chipyard-issue-715-repairv3/sims/verilator/generated-src/chipyard.TestHarness.SmallBoomConfig/verilator.h -include /opt/spechunter/chipyard-issue-715-repairv3/sims/verilator/generated-src/chipyard.TestHarness.SmallBoomConfig/chipyard.TestHarness.SmallBoomConfig/VTestHarness.h  -DVL_THREADED -std=c++17 -Os -c -o VTestHarness___024root__DepSet_h30a6511e__38.o VTestHarness___024root__DepSet_h30a6511e__38.cpp
In file included from /opt/spechunter/chipyard-issue-715/.conda-env/share/verilator/include/verilated.h:35,
                 from /opt/spechunter/chipyard-issue-715/.conda-env/share/verilator/include/verilated_vcd_c.h:24,
                 from /opt/spechunter/chipyard-issue-715-repairv3/sims/verilator/generated-src/chipyard.TestHarness.SmallBoomConfig/verilator.h:4,
                 from <command-line>:
/opt/spechunter/chipyard-issue-715/.conda-env/share/verilator/include/verilatedos.h:291: warning: "__STDC_FORMAT_MACROS" redefined
  291 | #define __STDC_FORMAT_MACROS
      | 
<command-line>: note: this is the location of the previous definition
/opt/spechunter/chipyard-issue-715/.conda-env/bin/x86_64-conda-linux-gnu-c++  -I.  -MMD -I/opt/spechunter/chipyard-issue-715/.conda-env/share/verilator/include -I/opt/spechunter/chipyard-issue-715/.conda-env/share/verilator/include/vltstd -DVM_COVERAGE=0 -DVM_SC=0 -DVM_TRACE=0 -DVM_TRACE_FST=0 -DVM_TRACE_VCD=0 -faligned-new -fcf-protection=none -Wno-bool-operation -Wno-sign-compare -Wno-uninitialized -Wno-unused-but-set-variable -Wno-unused-parameter -Wno-unused-variable -Wno-shadow     -O3 -std=c++11 -I/opt/spechunter/chipyard-issue-715/.conda-env/riscv-tools/include -I/opt/spechunter/chipyard-issue-715-repairv3/tools/DRAMSim2 -I/opt/spechunter/chipyard-issue-715-repairv3/sims/verilator/generated-src/chipyard.TestHarness.SmallBoomConfig    -D__STDC_FORMAT_MACROS -DTEST_HARNESS=VTestHarness -DVERILATOR -include /opt/spechunter/chipyard-issue-715-repairv3/sims/verilator/generated-src/chipyard.TestHarness.SmallBoomConfig/chipyard.TestHarness.SmallBoomConfig.plusArgs -include /opt/spechunter/chipyard-issue-715-repairv3/sims/verilator/generated-src/chipyard.TestHarness.SmallBoomConfig/verilator.h -include /opt/spechunter/chipyard-issue-715-repairv3/sims/verilator/generated-src/chipyard.TestHarness.SmallBoomConfig/chipyard.TestHarness.SmallBoomConfig/VTestHarness.h  -DVL_THREADED -std=c++17 -Os -c -o VTestHarness___024root__DepSet_h30a6511e__39.o VTestHarness___024root__DepSet_h30a6511e__39.cpp
In file included from /opt/spechunter/chipyard-issue-715/.conda-env/share/verilator/include/verilated.h:35,
                 from /opt/spechunter/chipyard-issue-715/.conda-env/share/verilator/include/verilated_vcd_c.h:24,
                 from /opt/spechunter/chipyard-issue-715-repairv3/sims/verilator/generated-src/chipyard.TestHarness.SmallBoomConfig/verilator.h:4,
                 from <command-line>:
/opt/spechunter/chipyard-issue-715/.conda-env/share/verilator/include/verilatedos.h:291: warning: "__STDC_FORMAT_MACROS" redefined
  291 | #define __STDC_FORMAT_MACROS
      | 
<command-line>: note: this is the location of the previous definition
/opt/spechunter/chipyard-issue-715/.conda-env/bin/x86_64-conda-linux-gnu-c++  -I.  -MMD -I/opt/spechunter/chipyard-issue-715/.conda-env/share/verilator/include -I/opt/spechunter/chipyard-issue-715/.conda-env/share/verilator/include/vltstd -DVM_COVERAGE=0 -DVM_SC=0 -DVM_TRACE=0 -DVM_TRACE_FST=0 -DVM_TRACE_VCD=0 -faligned-new -fcf-protection=none -Wno-bool-operation -Wno-sign-compare -Wno-uninitialized -Wno-unused-but-set-variable -Wno-unused-parameter -Wno-unused-variable -Wno-shadow     -O3 -std=c++11 -I/opt/spechunter/chipyard-issue-715/.conda-env/riscv-tools/include -I/opt/spechunter/chipyard-issue-715-repairv3/tools/DRAMSim2 -I/opt/spechunter/chipyard-issue-715-repairv3/sims/verilator/generated-src/chipyard.TestHarness.SmallBoomConfig    -D__STDC_FORMAT_MACROS -DTEST_HARNESS=VTestHarness -DVERILATOR -include /opt/spechunter/chipyard-issue-715-repairv3/sims/verilator/generated-src/chipyard.TestHarness.SmallBoomConfig/chipyard.TestHarness.SmallBoomConfig.plusArgs -include /opt/spechunter/chipyard-issue-715-repairv3/sims/verilator/generated-src/chipyard.TestHarness.SmallBoomConfig/verilator.h -include /opt/spechunter/chipyard-issue-715-repairv3/sims/verilator/generated-src/chipyard.TestHarness.SmallBoomConfig/chipyard.TestHarness.SmallBoomConfig/VTestHarness.h  -DVL_THREADED -std=c++17 -Os -c -o VTestHarness___024root__DepSet_h30a6511e__40.o VTestHarness___024root__DepSet_h30a6511e__40.cpp
In file included from /opt/spechunter/chipyard-issue-715/.conda-env/share/verilator/include/verilated.h:35,
                 from /opt/spechunter/chipyard-issue-715/.conda-env/share/verilator/include/verilated_vcd_c.h:24,
                 from /opt/spechunter/chipyard-issue-715-repairv3/sims/verilator/generated-src/chipyard.TestHarness.SmallBoomConfig/verilator.h:4,
                 from <command-line>:
/opt/spechunter/chipyard-issue-715/.conda-env/share/verilator/include/verilatedos.h:291: warning: "__STDC_FORMAT_MACROS" redefined
  291 | #define __STDC_FORMAT_MACROS
      | 
<command-line>: note: this is the location of the previous definition
/opt/spechunter/chipyard-issue-715/.conda-env/bin/x86_64-conda-linux-gnu-c++  -I.  -MMD -I/opt/spechunter/chipyard-issue-715/.conda-env/share/verilator/include -I/opt/spechunter/chipyard-issue-715/.conda-env/share/verilator/include/vltstd -DVM_COVERAGE=0 -DVM_SC=0 -DVM_TRACE=0 -DVM_TRACE_FST=0 -DVM_TRACE_VCD=0 -faligned-new -fcf-protection=none -Wno-bool-operation -Wno-sign-compare -Wno-uninitialized -Wno-unused-but-set-variable -Wno-unused-parameter -Wno-unused-variable -Wno-shadow     -O3 -std=c++11 -I/opt/spechunter/chipyard-issue-715/.conda-env/riscv-tools/include -I/opt/spechunter/chipyard-issue-715-repairv3/tools/DRAMSim2 -I/opt/spechunter/chipyard-issue-715-repairv3/sims/verilator/generated-src/chipyard.TestHarness.SmallBoomConfig    -D__STDC_FORMAT_MACROS -DTEST_HARNESS=VTestHarness -DVERILATOR -include /opt/spechunter/chipyard-issue-715-repairv3/sims/verilator/generated-src/chipyard.TestHarness.SmallBoomConfig/chipyard.TestHarness.SmallBoomConfig.plusArgs -include /opt/spechunter/chipyard-issue-715-repairv3/sims/verilator/generated-src/chipyard.TestHarness.SmallBoomConfig/verilator.h -include /opt/spechunter/chipyard-issue-715-repairv3/sims/verilator/generated-src/chipyard.TestHarness.SmallBoomConfig/chipyard.TestHarness.SmallBoomConfig/VTestHarness.h  -DVL_THREADED -std=c++17 -Os -c -o VTestHarness___024root__DepSet_h30a6511e__41.o VTestHarness___024root__DepSet_h30a6511e__41.cpp
In file included from /opt/spechunter/chipyard-issue-715/.conda-env/share/verilator/include/verilated.h:35,
                 from /opt/spechunter/chipyard-issue-715/.conda-env/share/verilator/include/verilated_vcd_c.h:24,
                 from /opt/spechunter/chipyard-issue-715-repairv3/sims/verilator/generated-src/chipyard.TestHarness.SmallBoomConfig/verilator.h:4,
                 from <command-line>:
/opt/spechunter/chipyard-issue-715/.conda-env/share/verilator/include/verilatedos.h:291: warning: "__STDC_FORMAT_MACROS" redefined
  291 | #define __STDC_FORMAT_MACROS
      | 
<command-line>: note: this is the location of the previous definition
/opt/spechunter/chipyard-issue-715/.conda-env/bin/x86_64-conda-linux-gnu-c++  -I.  -MMD -I/opt/spechunter/chipyard-issue-715/.conda-env/share/verilator/include -I/opt/spechunter/chipyard-issue-715/.conda-env/share/verilator/include/vltstd -DVM_COVERAGE=0 -DVM_SC=0 -DVM_TRACE=0 -DVM_TRACE_FST=0 -DVM_TRACE_VCD=0 -faligned-new -fcf-protection=none -Wno-bool-operation -Wno-sign-compare -Wno-uninitialized -Wno-unused-but-set-variable -Wno-unused-parameter -Wno-unused-variable -Wno-shadow     -O3 -std=c++11 -I/opt/spechunter/chipyard-issue-715/.conda-env/riscv-tools/include -I/opt/spechunter/chipyard-issue-715-repairv3/tools/DRAMSim2 -I/opt/spechunter/chipyard-issue-715-repairv3/sims/verilator/generated-src/chipyard.TestHarness.SmallBoomConfig    -D__STDC_FORMAT_MACROS -DTEST_HARNESS=VTestHarness -DVERILATOR -include /opt/spechunter/chipyard-issue-715-repairv3/sims/verilator/generated-src/chipyard.TestHarness.SmallBoomConfig/chipyard.TestHarness.SmallBoomConfig.plusArgs -include /opt/spechunter/chipyard-issue-715-repairv3/sims/verilator/generated-src/chipyard.TestHarness.SmallBoomConfig/verilator.h -include /opt/spechunter/chipyard-issue-715-repairv3/sims/verilator/generated-src/chipyard.TestHarness.SmallBoomConfig/chipyard.TestHarness.SmallBoomConfig/VTestHarness.h  -DVL_THREADED -std=c++17 -Os -c -o VTestHarness___024root__DepSet_h30a6511e__42.o VTestHarness___024root__DepSet_h30a6511e__42.cpp
In file included from /opt/spechunter/chipyard-issue-715/.conda-env/share/verilator/include/verilated.h:35,
                 from /opt/spechunter/chipyard-issue-715/.conda-env/share/verilator/include/verilated_vcd_c.h:24,
                 from /opt/spechunter/chipyard-issue-715-repairv3/sims/verilator/generated-src/chipyard.TestHarness.SmallBoomConfig/verilator.h:4,
                 from <command-line>:
/opt/spechunter/chipyard-issue-715/.conda-env/share/verilator/include/verilatedos.h:291: warning: "__STDC_FORMAT_MACROS" redefined
  291 | #define __STDC_FORMAT_MACROS
      | 
<command-line>: note: this is the location of the previous definition
/opt/spechunter/chipyard-issue-715/.conda-env/bin/x86_64-conda-linux-gnu-c++  -I.  -MMD -I/opt/spechunter/chipyard-issue-715/.conda-env/share/verilator/include -I/opt/spechunter/chipyard-issue-715/.conda-env/share/verilator/include/vltstd -DVM_COVERAGE=0 -DVM_SC=0 -DVM_TRACE=0 -DVM_TRACE_FST=0 -DVM_TRACE_VCD=0 -faligned-new -fcf-protection=none -Wno-bool-operation -Wno-sign-compare -Wno-uninitialized -Wno-unused-but-set-variable -Wno-unused-parameter -Wno-unused-variable -Wno-shadow     -O3 -std=c++11 -I/opt/spechunter/chipyard-issue-715/.conda-env/riscv-tools/include -I/opt/spechunter/chipyard-issue-715-repairv3/tools/DRAMSim2 -I/opt/spechunter/chipyard-issue-715-repairv3/sims/verilator/generated-src/chipyard.TestHarness.SmallBoomConfig    -D__STDC_FORMAT_MACROS -DTEST_HARNESS=VTestHarness -DVERILATOR -include /opt/spechunter/chipyard-issue-715-repairv3/sims/verilator/generated-src/chipyard.TestHarness.SmallBoomConfig/chipyard.TestHarness.SmallBoomConfig.plusArgs -include /opt/spechunter/chipyard-issue-715-repairv3/sims/verilator/generated-src/chipyard.TestHarness.SmallBoomConfig/verilator.h -include /opt/spechunter/chipyard-issue-715-repairv3/sims/verilator/generated-src/chipyard.TestHarness.SmallBoomConfig/chipyard.TestHarness.SmallBoomConfig/VTestHarness.h  -DVL_THREADED -std=c++17 -Os -c -o VTestHarness___024root__DepSet_h30a6511e__43.o VTestHarness___024root__DepSet_h30a6511e__43.cpp
In file included from /opt/spechunter/chipyard-issue-715/.conda-env/share/verilator/include/verilated.h:35,
                 from /opt/spechunter/chipyard-issue-715/.conda-env/share/verilator/include/verilated_vcd_c.h:24,
                 from /opt/spechunter/chipyard-issue-715-repairv3/sims/verilator/generated-src/chipyard.TestHarness.SmallBoomConfig/verilator.h:4,
                 from <command-line>:
/opt/spechunter/chipyard-issue-715/.conda-env/share/verilator/include/verilatedos.h:291: warning: "__STDC_FORMAT_MACROS" redefined
  291 | #define __STDC_FORMAT_MACROS
      | 
<command-line>: note: this is the location of the previous definition
/opt/spechunter/chipyard-issue-715/.conda-env/bin/x86_64-conda-linux-gnu-c++  -I.  -MMD -I/opt/spechunter/chipyard-issue-715/.conda-env/share/verilator/include -I/opt/spechunter/chipyard-issue-715/.conda-env/share/verilator/include/vltstd -DVM_COVERAGE=0 -DVM_SC=0 -DVM_TRACE=0 -DVM_TRACE_FST=0 -DVM_TRACE_VCD=0 -faligned-new -fcf-protection=none -Wno-bool-operation -Wno-sign-compare -Wno-uninitialized -Wno-unused-but-set-variable -Wno-unused-parameter -Wno-unused-variable -Wno-shadow     -O3 -std=c++11 -I/opt/spechunter/chipyard-issue-715/.conda-env/riscv-tools/include -I/opt/spechunter/chipyard-issue-715-repairv3/tools/DRAMSim2 -I/opt/spechunter/chipyard-issue-715-repairv3/sims/verilator/generated-src/chipyard.TestHarness.SmallBoomConfig    -D__STDC_FORMAT_MACROS -DTEST_HARNESS=VTestHarness -DVERILATOR -include /opt/spechunter/chipyard-issue-715-repairv3/sims/verilator/generated-src/chipyard.TestHarness.SmallBoomConfig/chipyard.TestHarness.SmallBoomConfig.plusArgs -include /opt/spechunter/chipyard-issue-715-repairv3/sims/verilator/generated-src/chipyard.TestHarness.SmallBoomConfig/verilator.h -include /opt/spechunter/chipyard-issue-715-repairv3/sims/verilator/generated-src/chipyard.TestHarness.SmallBoomConfig/chipyard.TestHarness.SmallBoomConfig/VTestHarness.h  -DVL_THREADED -std=c++17 -Os -c -o VTestHarness___024root__DepSet_h30a6511e__44.o VTestHarness___024root__DepSet_h30a6511e__44.cpp
In file included from /opt/spechunter/chipyard-issue-715/.conda-env/share/verilator/include/verilated.h:35,
                 from /opt/spechunter/chipyard-issue-715/.conda-env/share/verilator/include/verilated_vcd_c.h:24,
                 from /opt/spechunter/chipyard-issue-715-repairv3/sims/verilator/generated-src/chipyard.TestHarness.SmallBoomConfig/verilator.h:4,
                 from <command-line>:
/opt/spechunter/chipyard-issue-715/.conda-env/share/verilator/include/verilatedos.h:291: warning: "__STDC_FORMAT_MACROS" redefined
  291 | #define __STDC_FORMAT_MACROS
      | 
<command-line>: note: this is the location of the previous definition
/opt/spechunter/chipyard-issue-715/.conda-env/bin/x86_64-conda-linux-gnu-c++  -I.  -MMD -I/opt/spechunter/chipyard-issue-715/.conda-env/share/verilator/include -I/opt/spechunter/chipyard-issue-715/.conda-env/share/verilator/include/vltstd -DVM_COVERAGE=0 -DVM_SC=0 -DVM_TRACE=0 -DVM_TRACE_FST=0 -DVM_TRACE_VCD=0 -faligned-new -fcf-protection=none -Wno-bool-operation -Wno-sign-compare -Wno-uninitialized -Wno-unused-but-set-variable -Wno-unused-parameter -Wno-unused-variable -Wno-shadow     -O3 -std=c++11 -I/opt/spechunter/chipyard-issue-715/.conda-env/riscv-tools/include -I/opt/spechunter/chipyard-issue-715-repairv3/tools/DRAMSim2 -I/opt/spechunter/chipyard-issue-715-repairv3/sims/verilator/generated-src/chipyard.TestHarness.SmallBoomConfig    -D__STDC_FORMAT_MACROS -DTEST_HARNESS=VTestHarness -DVERILATOR -include /opt/spechunter/chipyard-issue-715-repairv3/sims/verilator/generated-src/chipyard.TestHarness.SmallBoomConfig/chipyard.TestHarness.SmallBoomConfig.plusArgs -include /opt/spechunter/chipyard-issue-715-repairv3/sims/verilator/generated-src/chipyard.TestHarness.SmallBoomConfig/verilator.h -include /opt/spechunter/chipyard-issue-715-repairv3/sims/verilator/generated-src/chipyard.TestHarness.SmallBoomConfig/chipyard.TestHarness.SmallBoomConfig/VTestHarness.h  -DVL_THREADED -std=c++17 -Os -c -o VTestHarness___024root__DepSet_h30a6511e__45.o VTestHarness___024root__DepSet_h30a6511e__45.cpp
In file included from /opt/spechunter/chipyard-issue-715/.conda-env/share/verilator/include/verilated.h:35,
                 from /opt/spechunter/chipyard-issue-715/.conda-env/share/verilator/include/verilated_vcd_c.h:24,
                 from /opt/spechunter/chipyard-issue-715-repairv3/sims/verilator/generated-src/chipyard.TestHarness.SmallBoomConfig/verilator.h:4,
                 from <command-line>:
/opt/spechunter/chipyard-issue-715/.conda-env/share/verilator/include/verilatedos.h:291: warning: "__STDC_FORMAT_MACROS" redefined
  291 | #define __STDC_FORMAT_MACROS
      | 
<command-line>: note: this is the location of the previous definition
/opt/spechunter/chipyard-issue-715/.conda-env/bin/x86_64-conda-linux-gnu-c++  -I.  -MMD -I/opt/spechunter/chipyard-issue-715/.conda-env/share/verilator/include -I/opt/spechunter/chipyard-issue-715/.conda-env/share/verilator/include/vltstd -DVM_COVERAGE=0 -DVM_SC=0 -DVM_TRACE=0 -DVM_TRACE_FST=0 -DVM_TRACE_VCD=0 -faligned-new -fcf-protection=none -Wno-bool-operation -Wno-sign-compare -Wno-uninitialized -Wno-unused-but-set-variable -Wno-unused-parameter -Wno-unused-variable -Wno-shadow     -O3 -std=c++11 -I/opt/spechunter/chipyard-issue-715/.conda-env/riscv-tools/include -I/opt/spechunter/chipyard-issue-715-repairv3/tools/DRAMSim2 -I/opt/spechunter/chipyard-issue-715-repairv3/sims/verilator/generated-src/chipyard.TestHarness.SmallBoomConfig    -D__STDC_FORMAT_MACROS -DTEST_HARNESS=VTestHarness -DVERILATOR -include /opt/spechunter/chipyard-issue-715-repairv3/sims/verilator/generated-src/chipyard.TestHarness.SmallBoomConfig/chipyard.TestHarness.SmallBoomConfig.plusArgs -include /opt/spechunter/chipyard-issue-715-repairv3/sims/verilator/generated-src/chipyard.TestHarness.SmallBoomConfig/verilator.h -include /opt/spechunter/chipyard-issue-715-repairv3/sims/verilator/generated-src/chipyard.TestHarness.SmallBoomConfig/chipyard.TestHarness.SmallBoomConfig/VTestHarness.h  -DVL_THREADED -std=c++17 -Os -c -o VTestHarness___024root__DepSet_h30a6511e__46.o VTestHarness___024root__DepSet_h30a6511e__46.cpp
In file included from /opt/spechunter/chipyard-issue-715/.conda-env/share/verilator/include/verilated.h:35,
                 from /opt/spechunter/chipyard-issue-715/.conda-env/share/verilator/include/verilated_vcd_c.h:24,
                 from /opt/spechunter/chipyard-issue-715-repairv3/sims/verilator/generated-src/chipyard.TestHarness.SmallBoomConfig/verilator.h:4,
                 from <command-line>:
/opt/spechunter/chipyard-issue-715/.conda-env/share/verilator/include/verilatedos.h:291: warning: "__STDC_FORMAT_MACROS" redefined
  291 | #define __STDC_FORMAT_MACROS
      | 
<command-line>: note: this is the location of the previous definition
/opt/spechunter/chipyard-issue-715/.conda-env/bin/x86_64-conda-linux-gnu-c++  -I.  -MMD -I/opt/spechunter/chipyard-issue-715/.conda-env/share/verilator/include -I/opt/spechunter/chipyard-issue-715/.conda-env/share/verilator/include/vltstd -DVM_COVERAGE=0 -DVM_SC=0 -DVM_TRACE=0 -DVM_TRACE_FST=0 -DVM_TRACE_VCD=0 -faligned-new -fcf-protection=none -Wno-bool-operation -Wno-sign-compare -Wno-uninitialized -Wno-unused-but-set-variable -Wno-unused-parameter -Wno-unused-variable -Wno-shadow     -O3 -std=c++11 -I/opt/spechunter/chipyard-issue-715/.conda-env/riscv-tools/include -I/opt/spechunter/chipyard-issue-715-repairv3/tools/DRAMSim2 -I/opt/spechunter/chipyard-issue-715-repairv3/sims/verilator/generated-src/chipyard.TestHarness.SmallBoomConfig    -D__STDC_FORMAT_MACROS -DTEST_HARNESS=VTestHarness -DVERILATOR -include /opt/spechunter/chipyard-issue-715-repairv3/sims/verilator/generated-src/chipyard.TestHarness.SmallBoomConfig/chipyard.TestHarness.SmallBoomConfig.plusArgs -include /opt/spechunter/chipyard-issue-715-repairv3/sims/verilator/generated-src/chipyard.TestHarness.SmallBoomConfig/verilator.h -include /opt/spechunter/chipyard-issue-715-repairv3/sims/verilator/generated-src/chipyard.TestHarness.SmallBoomConfig/chipyard.TestHarness.SmallBoomConfig/VTestHarness.h  -DVL_THREADED -std=c++17 -Os -c -o VTestHarness___024root__DepSet_h30a6511e__47.o VTestHarness___024root__DepSet_h30a6511e__47.cpp
In file included from /opt/spechunter/chipyard-issue-715/.conda-env/share/verilator/include/verilated.h:35,
                 from /opt/spechunter/chipyard-issue-715/.conda-env/share/verilator/include/verilated_vcd_c.h:24,
                 from /opt/spechunter/chipyard-issue-715-repairv3/sims/verilator/generated-src/chipyard.TestHarness.SmallBoomConfig/verilator.h:4,
                 from <command-line>:
/opt/spechunter/chipyard-issue-715/.conda-env/share/verilator/include/verilatedos.h:291: warning: "__STDC_FORMAT_MACROS" redefined
  291 | #define __STDC_FORMAT_MACROS
      | 
<command-line>: note: this is the location of the previous definition
/opt/spechunter/chipyard-issue-715/.conda-env/bin/x86_64-conda-linux-gnu-c++  -I.  -MMD -I/opt/spechunter/chipyard-issue-715/.conda-env/share/verilator/include -I/opt/spechunter/chipyard-issue-715/.conda-env/share/verilator/include/vltstd -DVM_COVERAGE=0 -DVM_SC=0 -DVM_TRACE=0 -DVM_TRACE_FST=0 -DVM_TRACE_VCD=0 -faligned-new -fcf-protection=none -Wno-bool-operation -Wno-sign-compare -Wno-uninitialized -Wno-unused-but-set-variable -Wno-unused-parameter -Wno-unused-variable -Wno-shadow     -O3 -std=c++11 -I/opt/spechunter/chipyard-issue-715/.conda-env/riscv-tools/include -I/opt/spechunter/chipyard-issue-715-repairv3/tools/DRAMSim2 -I/opt/spechunter/chipyard-issue-715-repairv3/sims/verilator/generated-src/chipyard.TestHarness.SmallBoomConfig    -D__STDC_FORMAT_MACROS -DTEST_HARNESS=VTestHarness -DVERILATOR -include /opt/spechunter/chipyard-issue-715-repairv3/sims/verilator/generated-src/chipyard.TestHarness.SmallBoomConfig/chipyard.TestHarness.SmallBoomConfig.plusArgs -include /opt/spechunter/chipyard-issue-715-repairv3/sims/verilator/generated-src/chipyard.TestHarness.SmallBoomConfig/verilator.h -include /opt/spechunter/chipyard-issue-715-repairv3/sims/verilator/generated-src/chipyard.TestHarness.SmallBoomConfig/chipyard.TestHarness.SmallBoomConfig/VTestHarness.h  -DVL_THREADED -std=c++17 -Os -c -o VTestHarness___024root__DepSet_h30a6511e__48.o VTestHarness___024root__DepSet_h30a6511e__48.cpp
In file included from /opt/spechunter/chipyard-issue-715/.conda-env/share/verilator/include/verilated.h:35,
                 from /opt/spechunter/chipyard-issue-715/.conda-env/share/verilator/include/verilated_vcd_c.h:24,
                 from /opt/spechunter/chipyard-issue-715-repairv3/sims/verilator/generated-src/chipyard.TestHarness.SmallBoomConfig/verilator.h:4,
                 from <command-line>:
/opt/spechunter/chipyard-issue-715/.conda-env/share/verilator/include/verilatedos.h:291: warning: "__STDC_FORMAT_MACROS" redefined
  291 | #define __STDC_FORMAT_MACROS
      | 
<command-line>: note: this is the location of the previous definition
/opt/spechunter/chipyard-issue-715/.conda-env/bin/x86_64-conda-linux-gnu-c++  -I.  -MMD -I/opt/spechunter/chipyard-issue-715/.conda-env/share/verilator/include -I/opt/spechunter/chipyard-issue-715/.conda-env/share/verilator/include/vltstd -DVM_COVERAGE=0 -DVM_SC=0 -DVM_TRACE=0 -DVM_TRACE_FST=0 -DVM_TRACE_VCD=0 -faligned-new -fcf-protection=none -Wno-bool-operation -Wno-sign-compare -Wno-uninitialized -Wno-unused-but-set-variable -Wno-unused-parameter -Wno-unused-variable -Wno-shadow     -O3 -std=c++11 -I/opt/spechunter/chipyard-issue-715/.conda-env/riscv-tools/include -I/opt/spechunter/chipyard-issue-715-repairv3/tools/DRAMSim2 -I/opt/spechunter/chipyard-issue-715-repairv3/sims/verilator/generated-src/chipyard.TestHarness.SmallBoomConfig    -D__STDC_FORMAT_MACROS -DTEST_HARNESS=VTestHarness -DVERILATOR -include /opt/spechunter/chipyard-issue-715-repairv3/sims/verilator/generated-src/chipyard.TestHarness.SmallBoomConfig/chipyard.TestHarness.SmallBoomConfig.plusArgs -include /opt/spechunter/chipyard-issue-715-repairv3/sims/verilator/generated-src/chipyard.TestHarness.SmallBoomConfig/verilator.h -include /opt/spechunter/chipyard-issue-715-repairv3/sims/verilator/generated-src/chipyard.TestHarness.SmallBoomConfig/chipyard.TestHarness.SmallBoomConfig/VTestHarness.h  -DVL_THREADED -std=c++17 -Os -c -o VTestHarness___024root__DepSet_h30a6511e__49.o VTestHarness___024root__DepSet_h30a6511e__49.cpp
In file included from /opt/spechunter/chipyard-issue-715/.conda-env/share/verilator/include/verilated.h:35,
                 from /opt/spechunter/chipyard-issue-715/.conda-env/share/verilator/include/verilated_vcd_c.h:24,
                 from /opt/spechunter/chipyard-issue-715-repairv3/sims/verilator/generated-src/chipyard.TestHarness.SmallBoomConfig/verilator.h:4,
                 from <command-line>:
/opt/spechunter/chipyard-issue-715/.conda-env/share/verilator/include/verilatedos.h:291: warning: "__STDC_FORMAT_MACROS" redefined
  291 | #define __STDC_FORMAT_MACROS
      | 
<command-line>: note: this is the location of the previous definition
/opt/spechunter/chipyard-issue-715/.conda-env/bin/x86_64-conda-linux-gnu-c++  -I.  -MMD -I/opt/spechunter/chipyard-issue-715/.conda-env/share/verilator/include -I/opt/spechunter/chipyard-issue-715/.conda-env/share/verilator/include/vltstd -DVM_COVERAGE=0 -DVM_SC=0 -DVM_TRACE=0 -DVM_TRACE_FST=0 -DVM_TRACE_VCD=0 -faligned-new -fcf-protection=none -Wno-bool-operation -Wno-sign-compare -Wno-uninitialized -Wno-unused-but-set-variable -Wno-unused-parameter -Wno-unused-variable -Wno-shadow     -O3 -std=c++11 -I/opt/spechunter/chipyard-issue-715/.conda-env/riscv-tools/include -I/opt/spechunter/chipyard-issue-715-repairv3/tools/DRAMSim2 -I/opt/spechunter/chipyard-issue-715-repairv3/sims/verilator/generated-src/chipyard.TestHarness.SmallBoomConfig    -D__STDC_FORMAT_MACROS -DTEST_HARNESS=VTestHarness -DVERILATOR -include /opt/spechunter/chipyard-issue-715-repairv3/sims/verilator/generated-src/chipyard.TestHarness.SmallBoomConfig/chipyard.TestHarness.SmallBoomConfig.plusArgs -include /opt/spechunter/chipyard-issue-715-repairv3/sims/verilator/generated-src/chipyard.TestHarness.SmallBoomConfig/verilator.h -include /opt/spechunter/chipyard-issue-715-repairv3/sims/verilator/generated-src/chipyard.TestHarness.SmallBoomConfig/chipyard.TestHarness.SmallBoomConfig/VTestHarness.h  -DVL_THREADED -std=c++17 -Os -c -o VTestHarness___024root__DepSet_h30a6511e__50.o VTestHarness___024root__DepSet_h30a6511e__50.cpp
In file included from /opt/spechunter/chipyard-issue-715/.conda-env/share/verilator/include/verilated.h:35,
                 from /opt/spechunter/chipyard-issue-715/.conda-env/share/verilator/include/verilated_vcd_c.h:24,
                 from /opt/spechunter/chipyard-issue-715-repairv3/sims/verilator/generated-src/chipyard.TestHarness.SmallBoomConfig/verilator.h:4,
                 from <command-line>:
/opt/spechunter/chipyard-issue-715/.conda-env/share/verilator/include/verilatedos.h:291: warning: "__STDC_FORMAT_MACROS" redefined
  291 | #define __STDC_FORMAT_MACROS
      | 
<command-line>: note: this is the location of the previous definition
/opt/spechunter/chipyard-issue-715/.conda-env/bin/x86_64-conda-linux-gnu-c++  -I.  -MMD -I/opt/spechunter/chipyard-issue-715/.conda-env/share/verilator/include -I/opt/spechunter/chipyard-issue-715/.conda-env/share/verilator/include/vltstd -DVM_COVERAGE=0 -DVM_SC=0 -DVM_TRACE=0 -DVM_TRACE_FST=0 -DVM_TRACE_VCD=0 -faligned-new -fcf-protection=none -Wno-bool-operation -Wno-sign-compare -Wno-uninitialized -Wno-unused-but-set-variable -Wno-unused-parameter -Wno-unused-variable -Wno-shadow     -O3 -std=c++11 -I/opt/spechunter/chipyard-issue-715/.conda-env/riscv-tools/include -I/opt/spechunter/chipyard-issue-715-repairv3/tools/DRAMSim2 -I/opt/spechunter/chipyard-issue-715-repairv3/sims/verilator/generated-src/chipyard.TestHarness.SmallBoomConfig    -D__STDC_FORMAT_MACROS -DTEST_HARNESS=VTestHarness -DVERILATOR -include /opt/spechunter/chipyard-issue-715-repairv3/sims/verilator/generated-src/chipyard.TestHarness.SmallBoomConfig/chipyard.TestHarness.SmallBoomConfig.plusArgs -include /opt/spechunter/chipyard-issue-715-repairv3/sims/verilator/generated-src/chipyard.TestHarness.SmallBoomConfig/verilator.h -include /opt/spechunter/chipyard-issue-715-repairv3/sims/verilator/generated-src/chipyard.TestHarness.SmallBoomConfig/chipyard.TestHarness.SmallBoomConfig/VTestHarness.h  -DVL_THREADED -std=c++17 -Os -c -o VTestHarness___024root__DepSet_h30a6511e__51.o VTestHarness___024root__DepSet_h30a6511e__51.cpp
In file included from /opt/spechunter/chipyard-issue-715/.conda-env/share/verilator/include/verilated.h:35,
                 from /opt/spechunter/chipyard-issue-715/.conda-env/share/verilator/include/verilated_vcd_c.h:24,
                 from /opt/spechunter/chipyard-issue-715-repairv3/sims/verilator/generated-src/chipyard.TestHarness.SmallBoomConfig/verilator.h:4,
                 from <command-line>:
/opt/spechunter/chipyard-issue-715/.conda-env/share/verilator/include/verilatedos.h:291: warning: "__STDC_FORMAT_MACROS" redefined
  291 | #define __STDC_FORMAT_MACROS
      | 
<command-line>: note: this is the location of the previous definition
/opt/spechunter/chipyard-issue-715/.conda-env/bin/x86_64-conda-linux-gnu-c++  -I.  -MMD -I/opt/spechunter/chipyard-issue-715/.conda-env/share/verilator/include -I/opt/spechunter/chipyard-issue-715/.conda-env/share/verilator/include/vltstd -DVM_COVERAGE=0 -DVM_SC=0 -DVM_TRACE=0 -DVM_TRACE_FST=0 -DVM_TRACE_VCD=0 -faligned-new -fcf-protection=none -Wno-bool-operation -Wno-sign-compare -Wno-uninitialized -Wno-unused-but-set-variable -Wno-unused-parameter -Wno-unused-variable -Wno-shadow     -O3 -std=c++11 -I/opt/spechunter/chipyard-issue-715/.conda-env/riscv-tools/include -I/opt/spechunter/chipyard-issue-715-repairv3/tools/DRAMSim2 -I/opt/spechunter/chipyard-issue-715-repairv3/sims/verilator/generated-src/chipyard.TestHarness.SmallBoomConfig    -D__STDC_FORMAT_MACROS -DTEST_HARNESS=VTestHarness -DVERILATOR -include /opt/spechunter/chipyard-issue-715-repairv3/sims/verilator/generated-src/chipyard.TestHarness.SmallBoomConfig/chipyard.TestHarness.SmallBoomConfig.plusArgs -include /opt/spechunter/chipyard-issue-715-repairv3/sims/verilator/generated-src/chipyard.TestHarness.SmallBoomConfig/verilator.h -include /opt/spechunter/chipyard-issue-715-repairv3/sims/verilator/generated-src/chipyard.TestHarness.SmallBoomConfig/chipyard.TestHarness.SmallBoomConfig/VTestHarness.h  -DVL_THREADED -std=c++17 -Os -c -o VTestHarness___024root__DepSet_h30a6511e__52.o VTestHarness___024root__DepSet_h30a6511e__52.cpp
In file included from /opt/spechunter/chipyard-issue-715/.conda-env/share/verilator/include/verilated.h:35,
                 from /opt/spechunter/chipyard-issue-715/.conda-env/share/verilator/include/verilated_vcd_c.h:24,
                 from /opt/spechunter/chipyard-issue-715-repairv3/sims/verilator/generated-src/chipyard.TestHarness.SmallBoomConfig/verilator.h:4,
                 from <command-line>:
/opt/spechunter/chipyard-issue-715/.conda-env/share/verilator/include/verilatedos.h:291: warning: "__STDC_FORMAT_MACROS" redefined
  291 | #define __STDC_FORMAT_MACROS
      | 
<command-line>: note: this is the location of the previous definition
/opt/spechunter/chipyard-issue-715/.conda-env/bin/x86_64-conda-linux-gnu-c++  -I.  -MMD -I/opt/spechunter/chipyard-issue-715/.conda-env/share/verilator/include -I/opt/spechunter/chipyard-issue-715/.conda-env/share/verilator/include/vltstd -DVM_COVERAGE=0 -DVM_SC=0 -DVM_TRACE=0 -DVM_TRACE_FST=0 -DVM_TRACE_VCD=0 -faligned-new -fcf-protection=none -Wno-bool-operation -Wno-sign-compare -Wno-uninitialized -Wno-unused-but-set-variable -Wno-unused-parameter -Wno-unused-variable -Wno-shadow     -O3 -std=c++11 -I/opt/spechunter/chipyard-issue-715/.conda-env/riscv-tools/include -I/opt/spechunter/chipyard-issue-715-repairv3/tools/DRAMSim2 -I/opt/spechunter/chipyard-issue-715-repairv3/sims/verilator/generated-src/chipyard.TestHarness.SmallBoomConfig    -D__STDC_FORMAT_MACROS -DTEST_HARNESS=VTestHarness -DVERILATOR -include /opt/spechunter/chipyard-issue-715-repairv3/sims/verilator/generated-src/chipyard.TestHarness.SmallBoomConfig/chipyard.TestHarness.SmallBoomConfig.plusArgs -include /opt/spechunter/chipyard-issue-715-repairv3/sims/verilator/generated-src/chipyard.TestHarness.SmallBoomConfig/verilator.h -include /opt/spechunter/chipyard-issue-715-repairv3/sims/verilator/generated-src/chipyard.TestHarness.SmallBoomConfig/chipyard.TestHarness.SmallBoomConfig/VTestHarness.h  -DVL_THREADED -std=c++17 -Os -c -o VTestHarness___024root__DepSet_h30a6511e__53.o VTestHarness___024root__DepSet_h30a6511e__53.cpp
In file included from /opt/spechunter/chipyard-issue-715/.conda-env/share/verilator/include/verilated.h:35,
                 from /opt/spechunter/chipyard-issue-715/.conda-env/share/verilator/include/verilated_vcd_c.h:24,
                 from /opt/spechunter/chipyard-issue-715-repairv3/sims/verilator/generated-src/chipyard.TestHarness.SmallBoomConfig/verilator.h:4,
                 from <command-line>:
/opt/spechunter/chipyard-issue-715/.conda-env/share/verilator/include/verilatedos.h:291: warning: "__STDC_FORMAT_MACROS" redefined
  291 | #define __STDC_FORMAT_MACROS
      | 
<command-line>: note: this is the location of the previous definition
/opt/spechunter/chipyard-issue-715/.conda-env/bin/x86_64-conda-linux-gnu-c++  -I.  -MMD -I/opt/spechunter/chipyard-issue-715/.conda-env/share/verilator/include -I/opt/spechunter/chipyard-issue-715/.conda-env/share/verilator/include/vltstd -DVM_COVERAGE=0 -DVM_SC=0 -DVM_TRACE=0 -DVM_TRACE_FST=0 -DVM_TRACE_VCD=0 -faligned-new -fcf-protection=none -Wno-bool-operation -Wno-sign-compare -Wno-uninitialized -Wno-unused-but-set-variable -Wno-unused-parameter -Wno-unused-variable -Wno-shadow     -O3 -std=c++11 -I/opt/spechunter/chipyard-issue-715/.conda-env/riscv-tools/include -I/opt/spechunter/chipyard-issue-715-repairv3/tools/DRAMSim2 -I/opt/spechunter/chipyard-issue-715-repairv3/sims/verilator/generated-src/chipyard.TestHarness.SmallBoomConfig    -D__STDC_FORMAT_MACROS -DTEST_HARNESS=VTestHarness -DVERILATOR -include /opt/spechunter/chipyard-issue-715-repairv3/sims/verilator/generated-src/chipyard.TestHarness.SmallBoomConfig/chipyard.TestHarness.SmallBoomConfig.plusArgs -include /opt/spechunter/chipyard-issue-715-repairv3/sims/verilator/generated-src/chipyard.TestHarness.SmallBoomConfig/verilator.h -include /opt/spechunter/chipyard-issue-715-repairv3/sims/verilator/generated-src/chipyard.TestHarness.SmallBoomConfig/chipyard.TestHarness.SmallBoomConfig/VTestHarness.h  -DVL_THREADED -std=c++17 -Os -c -o VTestHarness___024root__DepSet_h30a6511e__54.o VTestHarness___024root__DepSet_h30a6511e__54.cpp
In file included from /opt/spechunter/chipyard-issue-715/.conda-env/share/verilator/include/verilated.h:35,
                 from /opt/spechunter/chipyard-issue-715/.conda-env/share/verilator/include/verilated_vcd_c.h:24,
                 from /opt/spechunter/chipyard-issue-715-repairv3/sims/verilator/generated-src/chipyard.TestHarness.SmallBoomConfig/verilator.h:4,
                 from <command-line>:
/opt/spechunter/chipyard-issue-715/.conda-env/share/verilator/include/verilatedos.h:291: warning: "__STDC_FORMAT_MACROS" redefined
  291 | #define __STDC_FORMAT_MACROS
      | 
<command-line>: note: this is the location of the previous definition
/opt/spechunter/chipyard-issue-715/.conda-env/bin/x86_64-conda-linux-gnu-c++  -I.  -MMD -I/opt/spechunter/chipyard-issue-715/.conda-env/share/verilator/include -I/opt/spechunter/chipyard-issue-715/.conda-env/share/verilator/include/vltstd -DVM_COVERAGE=0 -DVM_SC=0 -DVM_TRACE=0 -DVM_TRACE_FST=0 -DVM_TRACE_VCD=0 -faligned-new -fcf-protection=none -Wno-bool-operation -Wno-sign-compare -Wno-uninitialized -Wno-unused-but-set-variable -Wno-unused-parameter -Wno-unused-variable -Wno-shadow     -O3 -std=c++11 -I/opt/spechunter/chipyard-issue-715/.conda-env/riscv-tools/include -I/opt/spechunter/chipyard-issue-715-repairv3/tools/DRAMSim2 -I/opt/spechunter/chipyard-issue-715-repairv3/sims/verilator/generated-src/chipyard.TestHarness.SmallBoomConfig    -D__STDC_FORMAT_MACROS -DTEST_HARNESS=VTestHarness -DVERILATOR -include /opt/spechunter/chipyard-issue-715-repairv3/sims/verilator/generated-src/chipyard.TestHarness.SmallBoomConfig/chipyard.TestHarness.SmallBoomConfig.plusArgs -include /opt/spechunter/chipyard-issue-715-repairv3/sims/verilator/generated-src/chipyard.TestHarness.SmallBoomConfig/verilator.h -include /opt/spechunter/chipyard-issue-715-repairv3/sims/verilator/generated-src/chipyard.TestHarness.SmallBoomConfig/chipyard.TestHarness.SmallBoomConfig/VTestHarness.h  -DVL_THREADED -std=c++17 -Os -c -o VTestHarness___024root__DepSet_h30a6511e__55.o VTestHarness___024root__DepSet_h30a6511e__55.cpp
In file included from /opt/spechunter/chipyard-issue-715/.conda-env/share/verilator/include/verilated.h:35,
                 from /opt/spechunter/chipyard-issue-715/.conda-env/share/verilator/include/verilated_vcd_c.h:24,
                 from /opt/spechunter/chipyard-issue-715-repairv3/sims/verilator/generated-src/chipyard.TestHarness.SmallBoomConfig/verilator.h:4,
                 from <command-line>:
/opt/spechunter/chipyard-issue-715/.conda-env/share/verilator/include/verilatedos.h:291: warning: "__STDC_FORMAT_MACROS" redefined
  291 | #define __STDC_FORMAT_MACROS
      | 
<command-line>: note: this is the location of the previous definition
/opt/spechunter/chipyard-issue-715/.conda-env/bin/x86_64-conda-linux-gnu-c++  -I.  -MMD -I/opt/spechunter/chipyard-issue-715/.conda-env/share/verilator/include -I/opt/spechunter/chipyard-issue-715/.conda-env/share/verilator/include/vltstd -DVM_COVERAGE=0 -DVM_SC=0 -DVM_TRACE=0 -DVM_TRACE_FST=0 -DVM_TRACE_VCD=0 -faligned-new -fcf-protection=none -Wno-bool-operation -Wno-sign-compare -Wno-uninitialized -Wno-unused-but-set-variable -Wno-unused-parameter -Wno-unused-variable -Wno-shadow     -O3 -std=c++11 -I/opt/spechunter/chipyard-issue-715/.conda-env/riscv-tools/include -I/opt/spechunter/chipyard-issue-715-repairv3/tools/DRAMSim2 -I/opt/spechunter/chipyard-issue-715-repairv3/sims/verilator/generated-src/chipyard.TestHarness.SmallBoomConfig    -D__STDC_FORMAT_MACROS -DTEST_HARNESS=VTestHarness -DVERILATOR -include /opt/spechunter/chipyard-issue-715-repairv3/sims/verilator/generated-src/chipyard.TestHarness.SmallBoomConfig/chipyard.TestHarness.SmallBoomConfig.plusArgs -include /opt/spechunter/chipyard-issue-715-repairv3/sims/verilator/generated-src/chipyard.TestHarness.SmallBoomConfig/verilator.h -include /opt/spechunter/chipyard-issue-715-repairv3/sims/verilator/generated-src/chipyard.TestHarness.SmallBoomConfig/chipyard.TestHarness.SmallBoomConfig/VTestHarness.h  -DVL_THREADED -std=c++17 -Os -c -o VTestHarness___024root__DepSet_h30a6511e__56.o VTestHarness___024root__DepSet_h30a6511e__56.cpp
In file included from /opt/spechunter/chipyard-issue-715/.conda-env/share/verilator/include/verilated.h:35,
                 from /opt/spechunter/chipyard-issue-715/.conda-env/share/verilator/include/verilated_vcd_c.h:24,
                 from /opt/spechunter/chipyard-issue-715-repairv3/sims/verilator/generated-src/chipyard.TestHarness.SmallBoomConfig/verilator.h:4,
                 from <command-line>:
/opt/spechunter/chipyard-issue-715/.conda-env/share/verilator/include/verilatedos.h:291: warning: "__STDC_FORMAT_MACROS" redefined
  291 | #define __STDC_FORMAT_MACROS
      | 
<command-line>: note: this is the location of the previous definition
/opt/spechunter/chipyard-issue-715/.conda-env/bin/x86_64-conda-linux-gnu-c++  -I.  -MMD -I/opt/spechunter/chipyard-issue-715/.conda-env/share/verilator/include -I/opt/spechunter/chipyard-issue-715/.conda-env/share/verilator/include/vltstd -DVM_COVERAGE=0 -DVM_SC=0 -DVM_TRACE=0 -DVM_TRACE_FST=0 -DVM_TRACE_VCD=0 -faligned-new -fcf-protection=none -Wno-bool-operation -Wno-sign-compare -Wno-uninitialized -Wno-unused-but-set-variable -Wno-unused-parameter -Wno-unused-variable -Wno-shadow     -O3 -std=c++11 -I/opt/spechunter/chipyard-issue-715/.conda-env/riscv-tools/include -I/opt/spechunter/chipyard-issue-715-repairv3/tools/DRAMSim2 -I/opt/spechunter/chipyard-issue-715-repairv3/sims/verilator/generated-src/chipyard.TestHarness.SmallBoomConfig    -D__STDC_FORMAT_MACROS -DTEST_HARNESS=VTestHarness -DVERILATOR -include /opt/spechunter/chipyard-issue-715-repairv3/sims/verilator/generated-src/chipyard.TestHarness.SmallBoomConfig/chipyard.TestHarness.SmallBoomConfig.plusArgs -include /opt/spechunter/chipyard-issue-715-repairv3/sims/verilator/generated-src/chipyard.TestHarness.SmallBoomConfig/verilator.h -include /opt/spechunter/chipyard-issue-715-repairv3/sims/verilator/generated-src/chipyard.TestHarness.SmallBoomConfig/chipyard.TestHarness.SmallBoomConfig/VTestHarness.h  -DVL_THREADED -std=c++17 -Os -c -o VTestHarness___024root__DepSet_h30a6511e__57.o VTestHarness___024root__DepSet_h30a6511e__57.cpp
In file included from /opt/spechunter/chipyard-issue-715/.conda-env/share/verilator/include/verilated.h:35,
                 from /opt/spechunter/chipyard-issue-715/.conda-env/share/verilator/include/verilated_vcd_c.h:24,
                 from /opt/spechunter/chipyard-issue-715-repairv3/sims/verilator/generated-src/chipyard.TestHarness.SmallBoomConfig/verilator.h:4,
                 from <command-line>:
/opt/spechunter/chipyard-issue-715/.conda-env/share/verilator/include/verilatedos.h:291: warning: "__STDC_FORMAT_MACROS" redefined
  291 | #define __STDC_FORMAT_MACROS
      | 
<command-line>: note: this is the location of the previous definition
/opt/spechunter/chipyard-issue-715/.conda-env/bin/x86_64-conda-linux-gnu-c++  -I.  -MMD -I/opt/spechunter/chipyard-issue-715/.conda-env/share/verilator/include -I/opt/spechunter/chipyard-issue-715/.conda-env/share/verilator/include/vltstd -DVM_COVERAGE=0 -DVM_SC=0 -DVM_TRACE=0 -DVM_TRACE_FST=0 -DVM_TRACE_VCD=0 -faligned-new -fcf-protection=none -Wno-bool-operation -Wno-sign-compare -Wno-uninitialized -Wno-unused-but-set-variable -Wno-unused-parameter -Wno-unused-variable -Wno-shadow     -O3 -std=c++11 -I/opt/spechunter/chipyard-issue-715/.conda-env/riscv-tools/include -I/opt/spechunter/chipyard-issue-715-repairv3/tools/DRAMSim2 -I/opt/spechunter/chipyard-issue-715-repairv3/sims/verilator/generated-src/chipyard.TestHarness.SmallBoomConfig    -D__STDC_FORMAT_MACROS -DTEST_HARNESS=VTestHarness -DVERILATOR -include /opt/spechunter/chipyard-issue-715-repairv3/sims/verilator/generated-src/chipyard.TestHarness.SmallBoomConfig/chipyard.TestHarness.SmallBoomConfig.plusArgs -include /opt/spechunter/chipyard-issue-715-repairv3/sims/verilator/generated-src/chipyard.TestHarness.SmallBoomConfig/verilator.h -include /opt/spechunter/chipyard-issue-715-repairv3/sims/verilator/generated-src/chipyard.TestHarness.SmallBoomConfig/chipyard.TestHarness.SmallBoomConfig/VTestHarness.h  -DVL_THREADED -std=c++17 -Os -c -o VTestHarness___024root__DepSet_h30a6511e__58.o VTestHarness___024root__DepSet_h30a6511e__58.cpp
In file included from /opt/spechunter/chipyard-issue-715/.conda-env/share/verilator/include/verilated.h:35,
                 from /opt/spechunter/chipyard-issue-715/.conda-env/share/verilator/include/verilated_vcd_c.h:24,
                 from /opt/spechunter/chipyard-issue-715-repairv3/sims/verilator/generated-src/chipyard.TestHarness.SmallBoomConfig/verilator.h:4,
                 from <command-line>:
/opt/spechunter/chipyard-issue-715/.conda-env/share/verilator/include/verilatedos.h:291: warning: "__STDC_FORMAT_MACROS" redefined
  291 | #define __STDC_FORMAT_MACROS
      | 
<command-line>: note: this is the location of the previous definition
/opt/spechunter/chipyard-issue-715/.conda-env/bin/x86_64-conda-linux-gnu-c++  -I.  -MMD -I/opt/spechunter/chipyard-issue-715/.conda-env/share/verilator/include -I/opt/spechunter/chipyard-issue-715/.conda-env/share/verilator/include/vltstd -DVM_COVERAGE=0 -DVM_SC=0 -DVM_TRACE=0 -DVM_TRACE_FST=0 -DVM_TRACE_VCD=0 -faligned-new -fcf-protection=none -Wno-bool-operation -Wno-sign-compare -Wno-uninitialized -Wno-unused-but-set-variable -Wno-unused-parameter -Wno-unused-variable -Wno-shadow     -O3 -std=c++11 -I/opt/spechunter/chipyard-issue-715/.conda-env/riscv-tools/include -I/opt/spechunter/chipyard-issue-715-repairv3/tools/DRAMSim2 -I/opt/spechunter/chipyard-issue-715-repairv3/sims/verilator/generated-src/chipyard.TestHarness.SmallBoomConfig    -D__STDC_FORMAT_MACROS -DTEST_HARNESS=VTestHarness -DVERILATOR -include /opt/spechunter/chipyard-issue-715-repairv3/sims/verilator/generated-src/chipyard.TestHarness.SmallBoomConfig/chipyard.TestHarness.SmallBoomConfig.plusArgs -include /opt/spechunter/chipyard-issue-715-repairv3/sims/verilator/generated-src/chipyard.TestHarness.SmallBoomConfig/verilator.h -include /opt/spechunter/chipyard-issue-715-repairv3/sims/verilator/generated-src/chipyard.TestHarness.SmallBoomConfig/chipyard.TestHarness.SmallBoomConfig/VTestHarness.h  -DVL_THREADED -std=c++17 -Os -c -o VTestHarness___024root__DepSet_h30a6511e__59.o VTestHarness___024root__DepSet_h30a6511e__59.cpp
In file included from /opt/spechunter/chipyard-issue-715/.conda-env/share/verilator/include/verilated.h:35,
                 from /opt/spechunter/chipyard-issue-715/.conda-env/share/verilator/include/verilated_vcd_c.h:24,
                 from /opt/spechunter/chipyard-issue-715-repairv3/sims/verilator/generated-src/chipyard.TestHarness.SmallBoomConfig/verilator.h:4,
                 from <command-line>:
/opt/spechunter/chipyard-issue-715/.conda-env/share/verilator/include/verilatedos.h:291: warning: "__STDC_FORMAT_MACROS" redefined
  291 | #define __STDC_FORMAT_MACROS
      | 
<command-line>: note: this is the location of the previous definition
/opt/spechunter/chipyard-issue-715/.conda-env/bin/x86_64-conda-linux-gnu-c++  -I.  -MMD -I/opt/spechunter/chipyard-issue-715/.conda-env/share/verilator/include -I/opt/spechunter/chipyard-issue-715/.conda-env/share/verilator/include/vltstd -DVM_COVERAGE=0 -DVM_SC=0 -DVM_TRACE=0 -DVM_TRACE_FST=0 -DVM_TRACE_VCD=0 -faligned-new -fcf-protection=none -Wno-bool-operation -Wno-sign-compare -Wno-uninitialized -Wno-unused-but-set-variable -Wno-unused-parameter -Wno-unused-variable -Wno-shadow     -O3 -std=c++11 -I/opt/spechunter/chipyard-issue-715/.conda-env/riscv-tools/include -I/opt/spechunter/chipyard-issue-715-repairv3/tools/DRAMSim2 -I/opt/spechunter/chipyard-issue-715-repairv3/sims/verilator/generated-src/chipyard.TestHarness.SmallBoomConfig    -D__STDC_FORMAT_MACROS -DTEST_HARNESS=VTestHarness -DVERILATOR -include /opt/spechunter/chipyard-issue-715-repairv3/sims/verilator/generated-src/chipyard.TestHarness.SmallBoomConfig/chipyard.TestHarness.SmallBoomConfig.plusArgs -include /opt/spechunter/chipyard-issue-715-repairv3/sims/verilator/generated-src/chipyard.TestHarness.SmallBoomConfig/verilator.h -include /opt/spechunter/chipyard-issue-715-repairv3/sims/verilator/generated-src/chipyard.TestHarness.SmallBoomConfig/chipyard.TestHarness.SmallBoomConfig/VTestHarness.h  -DVL_THREADED -std=c++17 -Os -c -o VTestHarness___024root__DepSet_h30a6511e__60.o VTestHarness___024root__DepSet_h30a6511e__60.cpp
In file included from /opt/spechunter/chipyard-issue-715/.conda-env/share/verilator/include/verilated.h:35,
                 from /opt/spechunter/chipyard-issue-715/.conda-env/share/verilator/include/verilated_vcd_c.h:24,
                 from /opt/spechunter/chipyard-issue-715-repairv3/sims/verilator/generated-src/chipyard.TestHarness.SmallBoomConfig/verilator.h:4,
                 from <command-line>:
/opt/spechunter/chipyard-issue-715/.conda-env/share/verilator/include/verilatedos.h:291: warning: "__STDC_FORMAT_MACROS" redefined
  291 | #define __STDC_FORMAT_MACROS
      | 
<command-line>: note: this is the location of the previous definition
/opt/spechunter/chipyard-issue-715/.conda-env/bin/x86_64-conda-linux-gnu-c++  -I.  -MMD -I/opt/spechunter/chipyard-issue-715/.conda-env/share/verilator/include -I/opt/spechunter/chipyard-issue-715/.conda-env/share/verilator/include/vltstd -DVM_COVERAGE=0 -DVM_SC=0 -DVM_TRACE=0 -DVM_TRACE_FST=0 -DVM_TRACE_VCD=0 -faligned-new -fcf-protection=none -Wno-bool-operation -Wno-sign-compare -Wno-uninitialized -Wno-unused-but-set-variable -Wno-unused-parameter -Wno-unused-variable -Wno-shadow     -O3 -std=c++11 -I/opt/spechunter/chipyard-issue-715/.conda-env/riscv-tools/include -I/opt/spechunter/chipyard-issue-715-repairv3/tools/DRAMSim2 -I/opt/spechunter/chipyard-issue-715-repairv3/sims/verilator/generated-src/chipyard.TestHarness.SmallBoomConfig    -D__STDC_FORMAT_MACROS -DTEST_HARNESS=VTestHarness -DVERILATOR -include /opt/spechunter/chipyard-issue-715-repairv3/sims/verilator/generated-src/chipyard.TestHarness.SmallBoomConfig/chipyard.TestHarness.SmallBoomConfig.plusArgs -include /opt/spechunter/chipyard-issue-715-repairv3/sims/verilator/generated-src/chipyard.TestHarness.SmallBoomConfig/verilator.h -include /opt/spechunter/chipyard-issue-715-repairv3/sims/verilator/generated-src/chipyard.TestHarness.SmallBoomConfig/chipyard.TestHarness.SmallBoomConfig/VTestHarness.h  -DVL_THREADED -std=c++17 -Os -c -o VTestHarness___024root__DepSet_h30a6511e__61.o VTestHarness___024root__DepSet_h30a6511e__61.cpp
In file included from /opt/spechunter/chipyard-issue-715/.conda-env/share/verilator/include/verilated.h:35,
                 from /opt/spechunter/chipyard-issue-715/.conda-env/share/verilator/include/verilated_vcd_c.h:24,
                 from /opt/spechunter/chipyard-issue-715-repairv3/sims/verilator/generated-src/chipyard.TestHarness.SmallBoomConfig/verilator.h:4,
                 from <command-line>:
/opt/spechunter/chipyard-issue-715/.conda-env/share/verilator/include/verilatedos.h:291: warning: "__STDC_FORMAT_MACROS" redefined
  291 | #define __STDC_FORMAT_MACROS
      | 
<command-line>: note: this is the location of the previous definition
/opt/spechunter/chipyard-issue-715/.conda-env/bin/x86_64-conda-linux-gnu-c++  -I.  -MMD -I/opt/spechunter/chipyard-issue-715/.conda-env/share/verilator/include -I/opt/spechunter/chipyard-issue-715/.conda-env/share/verilator/include/vltstd -DVM_COVERAGE=0 -DVM_SC=0 -DVM_TRACE=0 -DVM_TRACE_FST=0 -DVM_TRACE_VCD=0 -faligned-new -fcf-protection=none -Wno-bool-operation -Wno-sign-compare -Wno-uninitialized -Wno-unused-but-set-variable -Wno-unused-parameter -Wno-unused-variable -Wno-shadow     -O3 -std=c++11 -I/opt/spechunter/chipyard-issue-715/.conda-env/riscv-tools/include -I/opt/spechunter/chipyard-issue-715-repairv3/tools/DRAMSim2 -I/opt/spechunter/chipyard-issue-715-repairv3/sims/verilator/generated-src/chipyard.TestHarness.SmallBoomConfig    -D__STDC_FORMAT_MACROS -DTEST_HARNESS=VTestHarness -DVERILATOR -include /opt/spechunter/chipyard-issue-715-repairv3/sims/verilator/generated-src/chipyard.TestHarness.SmallBoomConfig/chipyard.TestHarness.SmallBoomConfig.plusArgs -include /opt/spechunter/chipyard-issue-715-repairv3/sims/verilator/generated-src/chipyard.TestHarness.SmallBoomConfig/verilator.h -include /opt/spechunter/chipyard-issue-715-repairv3/sims/verilator/generated-src/chipyard.TestHarness.SmallBoomConfig/chipyard.TestHarness.SmallBoomConfig/VTestHarness.h  -DVL_THREADED -std=c++17 -Os -c -o VTestHarness___024root__DepSet_h30a6511e__62.o VTestHarness___024root__DepSet_h30a6511e__62.cpp
In file included from /opt/spechunter/chipyard-issue-715/.conda-env/share/verilator/include/verilated.h:35,
                 from /opt/spechunter/chipyard-issue-715/.conda-env/share/verilator/include/verilated_vcd_c.h:24,
                 from /opt/spechunter/chipyard-issue-715-repairv3/sims/verilator/generated-src/chipyard.TestHarness.SmallBoomConfig/verilator.h:4,
                 from <command-line>:
/opt/spechunter/chipyard-issue-715/.conda-env/share/verilator/include/verilatedos.h:291: warning: "__STDC_FORMAT_MACROS" redefined
  291 | #define __STDC_FORMAT_MACROS
      | 
<command-line>: note: this is the location of the previous definition
/opt/spechunter/chipyard-issue-715/.conda-env/bin/x86_64-conda-linux-gnu-c++  -I.  -MMD -I/opt/spechunter/chipyard-issue-715/.conda-env/share/verilator/include -I/opt/spechunter/chipyard-issue-715/.conda-env/share/verilator/include/vltstd -DVM_COVERAGE=0 -DVM_SC=0 -DVM_TRACE=0 -DVM_TRACE_FST=0 -DVM_TRACE_VCD=0 -faligned-new -fcf-protection=none -Wno-bool-operation -Wno-sign-compare -Wno-uninitialized -Wno-unused-but-set-variable -Wno-unused-parameter -Wno-unused-variable -Wno-shadow     -O3 -std=c++11 -I/opt/spechunter/chipyard-issue-715/.conda-env/riscv-tools/include -I/opt/spechunter/chipyard-issue-715-repairv3/tools/DRAMSim2 -I/opt/spechunter/chipyard-issue-715-repairv3/sims/verilator/generated-src/chipyard.TestHarness.SmallBoomConfig    -D__STDC_FORMAT_MACROS -DTEST_HARNESS=VTestHarness -DVERILATOR -include /opt/spechunter/chipyard-issue-715-repairv3/sims/verilator/generated-src/chipyard.TestHarness.SmallBoomConfig/chipyard.TestHarness.SmallBoomConfig.plusArgs -include /opt/spechunter/chipyard-issue-715-repairv3/sims/verilator/generated-src/chipyard.TestHarness.SmallBoomConfig/verilator.h -include /opt/spechunter/chipyard-issue-715-repairv3/sims/verilator/generated-src/chipyard.TestHarness.SmallBoomConfig/chipyard.TestHarness.SmallBoomConfig/VTestHarness.h  -DVL_THREADED -std=c++17 -Os -c -o VTestHarness___024root__DepSet_h30a6511e__63.o VTestHarness___024root__DepSet_h30a6511e__63.cpp
In file included from /opt/spechunter/chipyard-issue-715/.conda-env/share/verilator/include/verilated.h:35,
                 from /opt/spechunter/chipyard-issue-715/.conda-env/share/verilator/include/verilated_vcd_c.h:24,
                 from /opt/spechunter/chipyard-issue-715-repairv3/sims/verilator/generated-src/chipyard.TestHarness.SmallBoomConfig/verilator.h:4,
                 from <command-line>:
/opt/spechunter/chipyard-issue-715/.conda-env/share/verilator/include/verilatedos.h:291: warning: "__STDC_FORMAT_MACROS" redefined
  291 | #define __STDC_FORMAT_MACROS
      | 
<command-line>: note: this is the location of the previous definition
/opt/spechunter/chipyard-issue-715/.conda-env/bin/x86_64-conda-linux-gnu-c++  -I.  -MMD -I/opt/spechunter/chipyard-issue-715/.conda-env/share/verilator/include -I/opt/spechunter/chipyard-issue-715/.conda-env/share/verilator/include/vltstd -DVM_COVERAGE=0 -DVM_SC=0 -DVM_TRACE=0 -DVM_TRACE_FST=0 -DVM_TRACE_VCD=0 -faligned-new -fcf-protection=none -Wno-bool-operation -Wno-sign-compare -Wno-uninitialized -Wno-unused-but-set-variable -Wno-unused-parameter -Wno-unused-variable -Wno-shadow     -O3 -std=c++11 -I/opt/spechunter/chipyard-issue-715/.conda-env/riscv-tools/include -I/opt/spechunter/chipyard-issue-715-repairv3/tools/DRAMSim2 -I/opt/spechunter/chipyard-issue-715-repairv3/sims/verilator/generated-src/chipyard.TestHarness.SmallBoomConfig    -D__STDC_FORMAT_MACROS -DTEST_HARNESS=VTestHarness -DVERILATOR -include /opt/spechunter/chipyard-issue-715-repairv3/sims/verilator/generated-src/chipyard.TestHarness.SmallBoomConfig/chipyard.TestHarness.SmallBoomConfig.plusArgs -include /opt/spechunter/chipyard-issue-715-repairv3/sims/verilator/generated-src/chipyard.TestHarness.SmallBoomConfig/verilator.h -include /opt/spechunter/chipyard-issue-715-repairv3/sims/verilator/generated-src/chipyard.TestHarness.SmallBoomConfig/chipyard.TestHarness.SmallBoomConfig/VTestHarness.h  -DVL_THREADED -std=c++17 -Os -c -o VTestHarness___024root__DepSet_h30a6511e__64.o VTestHarness___024root__DepSet_h30a6511e__64.cpp
In file included from /opt/spechunter/chipyard-issue-715/.conda-env/share/verilator/include/verilated.h:35,
                 from /opt/spechunter/chipyard-issue-715/.conda-env/share/verilator/include/verilated_vcd_c.h:24,
                 from /opt/spechunter/chipyard-issue-715-repairv3/sims/verilator/generated-src/chipyard.TestHarness.SmallBoomConfig/verilator.h:4,
                 from <command-line>:
/opt/spechunter/chipyard-issue-715/.conda-env/share/verilator/include/verilatedos.h:291: warning: "__STDC_FORMAT_MACROS" redefined
  291 | #define __STDC_FORMAT_MACROS
      | 
<command-line>: note: this is the location of the previous definition
/opt/spechunter/chipyard-issue-715/.conda-env/bin/x86_64-conda-linux-gnu-c++  -I.  -MMD -I/opt/spechunter/chipyard-issue-715/.conda-env/share/verilator/include -I/opt/spechunter/chipyard-issue-715/.conda-env/share/verilator/include/vltstd -DVM_COVERAGE=0 -DVM_SC=0 -DVM_TRACE=0 -DVM_TRACE_FST=0 -DVM_TRACE_VCD=0 -faligned-new -fcf-protection=none -Wno-bool-operation -Wno-sign-compare -Wno-uninitialized -Wno-unused-but-set-variable -Wno-unused-parameter -Wno-unused-variable -Wno-shadow     -O3 -std=c++11 -I/opt/spechunter/chipyard-issue-715/.conda-env/riscv-tools/include -I/opt/spechunter/chipyard-issue-715-repairv3/tools/DRAMSim2 -I/opt/spechunter/chipyard-issue-715-repairv3/sims/verilator/generated-src/chipyard.TestHarness.SmallBoomConfig    -D__STDC_FORMAT_MACROS -DTEST_HARNESS=VTestHarness -DVERILATOR -include /opt/spechunter/chipyard-issue-715-repairv3/sims/verilator/generated-src/chipyard.TestHarness.SmallBoomConfig/chipyard.TestHarness.SmallBoomConfig.plusArgs -include /opt/spechunter/chipyard-issue-715-repairv3/sims/verilator/generated-src/chipyard.TestHarness.SmallBoomConfig/verilator.h -include /opt/spechunter/chipyard-issue-715-repairv3/sims/verilator/generated-src/chipyard.TestHarness.SmallBoomConfig/chipyard.TestHarness.SmallBoomConfig/VTestHarness.h  -DVL_THREADED -std=c++17 -Os -c -o VTestHarness___024root__DepSet_h30a6511e__65.o VTestHarness___024root__DepSet_h30a6511e__65.cpp
In file included from /opt/spechunter/chipyard-issue-715/.conda-env/share/verilator/include/verilated.h:35,
                 from /opt/spechunter/chipyard-issue-715/.conda-env/share/verilator/include/verilated_vcd_c.h:24,
                 from /opt/spechunter/chipyard-issue-715-repairv3/sims/verilator/generated-src/chipyard.TestHarness.SmallBoomConfig/verilator.h:4,
                 from <command-line>:
/opt/spechunter/chipyard-issue-715/.conda-env/share/verilator/include/verilatedos.h:291: warning: "__STDC_FORMAT_MACROS" redefined
  291 | #define __STDC_FORMAT_MACROS
      | 
<command-line>: note: this is the location of the previous definition
/opt/spechunter/chipyard-issue-715/.conda-env/bin/x86_64-conda-linux-gnu-c++  -I.  -MMD -I/opt/spechunter/chipyard-issue-715/.conda-env/share/verilator/include -I/opt/spechunter/chipyard-issue-715/.conda-env/share/verilator/include/vltstd -DVM_COVERAGE=0 -DVM_SC=0 -DVM_TRACE=0 -DVM_TRACE_FST=0 -DVM_TRACE_VCD=0 -faligned-new -fcf-protection=none -Wno-bool-operation -Wno-sign-compare -Wno-uninitialized -Wno-unused-but-set-variable -Wno-unused-parameter -Wno-unused-variable -Wno-shadow     -O3 -std=c++11 -I/opt/spechunter/chipyard-issue-715/.conda-env/riscv-tools/include -I/opt/spechunter/chipyard-issue-715-repairv3/tools/DRAMSim2 -I/opt/spechunter/chipyard-issue-715-repairv3/sims/verilator/generated-src/chipyard.TestHarness.SmallBoomConfig    -D__STDC_FORMAT_MACROS -DTEST_HARNESS=VTestHarness -DVERILATOR -include /opt/spechunter/chipyard-issue-715-repairv3/sims/verilator/generated-src/chipyard.TestHarness.SmallBoomConfig/chipyard.TestHarness.SmallBoomConfig.plusArgs -include /opt/spechunter/chipyard-issue-715-repairv3/sims/verilator/generated-src/chipyard.TestHarness.SmallBoomConfig/verilator.h -include /opt/spechunter/chipyard-issue-715-repairv3/sims/verilator/generated-src/chipyard.TestHarness.SmallBoomConfig/chipyard.TestHarness.SmallBoomConfig/VTestHarness.h  -DVL_THREADED -std=c++17 -Os -c -o VTestHarness___024root__DepSet_hcfd557fa__0.o VTestHarness___024root__DepSet_hcfd557fa__0.cpp
In file included from /opt/spechunter/chipyard-issue-715/.conda-env/share/verilator/include/verilated.h:35,
                 from /opt/spechunter/chipyard-issue-715/.conda-env/share/verilator/include/verilated_vcd_c.h:24,
                 from /opt/spechunter/chipyard-issue-715-repairv3/sims/verilator/generated-src/chipyard.TestHarness.SmallBoomConfig/verilator.h:4,
                 from <command-line>:
/opt/spechunter/chipyard-issue-715/.conda-env/share/verilator/include/verilatedos.h:291: warning: "__STDC_FORMAT_MACROS" redefined
  291 | #define __STDC_FORMAT_MACROS
      | 
<command-line>: note: this is the location of the previous definition
/opt/spechunter/chipyard-issue-715/.conda-env/bin/x86_64-conda-linux-gnu-c++  -I.  -MMD -I/opt/spechunter/chipyard-issue-715/.conda-env/share/verilator/include -I/opt/spechunter/chipyard-issue-715/.conda-env/share/verilator/include/vltstd -DVM_COVERAGE=0 -DVM_SC=0 -DVM_TRACE=0 -DVM_TRACE_FST=0 -DVM_TRACE_VCD=0 -faligned-new -fcf-protection=none -Wno-bool-operation -Wno-sign-compare -Wno-uninitialized -Wno-unused-but-set-variable -Wno-unused-parameter -Wno-unused-variable -Wno-shadow     -O3 -std=c++11 -I/opt/spechunter/chipyard-issue-715/.conda-env/riscv-tools/include -I/opt/spechunter/chipyard-issue-715-repairv3/tools/DRAMSim2 -I/opt/spechunter/chipyard-issue-715-repairv3/sims/verilator/generated-src/chipyard.TestHarness.SmallBoomConfig    -D__STDC_FORMAT_MACROS -DTEST_HARNESS=VTestHarness -DVERILATOR -include /opt/spechunter/chipyard-issue-715-repairv3/sims/verilator/generated-src/chipyard.TestHarness.SmallBoomConfig/chipyard.TestHarness.SmallBoomConfig.plusArgs -include /opt/spechunter/chipyard-issue-715-repairv3/sims/verilator/generated-src/chipyard.TestHarness.SmallBoomConfig/verilator.h -include /opt/spechunter/chipyard-issue-715-repairv3/sims/verilator/generated-src/chipyard.TestHarness.SmallBoomConfig/chipyard.TestHarness.SmallBoomConfig/VTestHarness.h  -DVL_THREADED -std=c++17 -Os -c -o VTestHarness___024root__DepSet_hcfd557fa__1.o VTestHarness___024root__DepSet_hcfd557fa__1.cpp
In file included from /opt/spechunter/chipyard-issue-715/.conda-env/share/verilator/include/verilated.h:35,
                 from /opt/spechunter/chipyard-issue-715/.conda-env/share/verilator/include/verilated_vcd_c.h:24,
                 from /opt/spechunter/chipyard-issue-715-repairv3/sims/verilator/generated-src/chipyard.TestHarness.SmallBoomConfig/verilator.h:4,
                 from <command-line>:
/opt/spechunter/chipyard-issue-715/.conda-env/share/verilator/include/verilatedos.h:291: warning: "__STDC_FORMAT_MACROS" redefined
  291 | #define __STDC_FORMAT_MACROS
      | 
<command-line>: note: this is the location of the previous definition
/opt/spechunter/chipyard-issue-715/.conda-env/bin/x86_64-conda-linux-gnu-c++  -I.  -MMD -I/opt/spechunter/chipyard-issue-715/.conda-env/share/verilator/include -I/opt/spechunter/chipyard-issue-715/.conda-env/share/verilator/include/vltstd -DVM_COVERAGE=0 -DVM_SC=0 -DVM_TRACE=0 -DVM_TRACE_FST=0 -DVM_TRACE_VCD=0 -faligned-new -fcf-protection=none -Wno-bool-operation -Wno-sign-compare -Wno-uninitialized -Wno-unused-but-set-variable -Wno-unused-parameter -Wno-unused-variable -Wno-shadow     -O3 -std=c++11 -I/opt/spechunter/chipyard-issue-715/.conda-env/riscv-tools/include -I/opt/spechunter/chipyard-issue-715-repairv3/tools/DRAMSim2 -I/opt/spechunter/chipyard-issue-715-repairv3/sims/verilator/generated-src/chipyard.TestHarness.SmallBoomConfig    -D__STDC_FORMAT_MACROS -DTEST_HARNESS=VTestHarness -DVERILATOR -include /opt/spechunter/chipyard-issue-715-repairv3/sims/verilator/generated-src/chipyard.TestHarness.SmallBoomConfig/chipyard.TestHarness.SmallBoomConfig.plusArgs -include /opt/spechunter/chipyard-issue-715-repairv3/sims/verilator/generated-src/chipyard.TestHarness.SmallBoomConfig/verilator.h -include /opt/spechunter/chipyard-issue-715-repairv3/sims/verilator/generated-src/chipyard.TestHarness.SmallBoomConfig/chipyard.TestHarness.SmallBoomConfig/VTestHarness.h  -DVL_THREADED -std=c++17 -Os -c -o VTestHarness___024root__DepSet_hcfd557fa__2.o VTestHarness___024root__DepSet_hcfd557fa__2.cpp
In file included from /opt/spechunter/chipyard-issue-715/.conda-env/share/verilator/include/verilated.h:35,
                 from /opt/spechunter/chipyard-issue-715/.conda-env/share/verilator/include/verilated_vcd_c.h:24,
                 from /opt/spechunter/chipyard-issue-715-repairv3/sims/verilator/generated-src/chipyard.TestHarness.SmallBoomConfig/verilator.h:4,
                 from <command-line>:
/opt/spechunter/chipyard-issue-715/.conda-env/share/verilator/include/verilatedos.h:291: warning: "__STDC_FORMAT_MACROS" redefined
  291 | #define __STDC_FORMAT_MACROS
      | 
<command-line>: note: this is the location of the previous definition
/opt/spechunter/chipyard-issue-715/.conda-env/bin/x86_64-conda-linux-gnu-c++  -I.  -MMD -I/opt/spechunter/chipyard-issue-715/.conda-env/share/verilator/include -I/opt/spechunter/chipyard-issue-715/.conda-env/share/verilator/include/vltstd -DVM_COVERAGE=0 -DVM_SC=0 -DVM_TRACE=0 -DVM_TRACE_FST=0 -DVM_TRACE_VCD=0 -faligned-new -fcf-protection=none -Wno-bool-operation -Wno-sign-compare -Wno-uninitialized -Wno-unused-but-set-variable -Wno-unused-parameter -Wno-unused-variable -Wno-shadow     -O3 -std=c++11 -I/opt/spechunter/chipyard-issue-715/.conda-env/riscv-tools/include -I/opt/spechunter/chipyard-issue-715-repairv3/tools/DRAMSim2 -I/opt/spechunter/chipyard-issue-715-repairv3/sims/verilator/generated-src/chipyard.TestHarness.SmallBoomConfig    -D__STDC_FORMAT_MACROS -DTEST_HARNESS=VTestHarness -DVERILATOR -include /opt/spechunter/chipyard-issue-715-repairv3/sims/verilator/generated-src/chipyard.TestHarness.SmallBoomConfig/chipyard.TestHarness.SmallBoomConfig.plusArgs -include /opt/spechunter/chipyard-issue-715-repairv3/sims/verilator/generated-src/chipyard.TestHarness.SmallBoomConfig/verilator.h -include /opt/spechunter/chipyard-issue-715-repairv3/sims/verilator/generated-src/chipyard.TestHarness.SmallBoomConfig/chipyard.TestHarness.SmallBoomConfig/VTestHarness.h  -DVL_THREADED -std=c++17 -Os -c -o VTestHarness___024root__DepSet_hcfd557fa__3.o VTestHarness___024root__DepSet_hcfd557fa__3.cpp
In file included from /opt/spechunter/chipyard-issue-715/.conda-env/share/verilator/include/verilated.h:35,
                 from /opt/spechunter/chipyard-issue-715/.conda-env/share/verilator/include/verilated_vcd_c.h:24,
                 from /opt/spechunter/chipyard-issue-715-repairv3/sims/verilator/generated-src/chipyard.TestHarness.SmallBoomConfig/verilator.h:4,
                 from <command-line>:
/opt/spechunter/chipyard-issue-715/.conda-env/share/verilator/include/verilatedos.h:291: warning: "__STDC_FORMAT_MACROS" redefined
  291 | #define __STDC_FORMAT_MACROS
      | 
<command-line>: note: this is the location of the previous definition
/opt/spechunter/chipyard-issue-715/.conda-env/bin/x86_64-conda-linux-gnu-c++  -I.  -MMD -I/opt/spechunter/chipyard-issue-715/.conda-env/share/verilator/include -I/opt/spechunter/chipyard-issue-715/.conda-env/share/verilator/include/vltstd -DVM_COVERAGE=0 -DVM_SC=0 -DVM_TRACE=0 -DVM_TRACE_FST=0 -DVM_TRACE_VCD=0 -faligned-new -fcf-protection=none -Wno-bool-operation -Wno-sign-compare -Wno-uninitialized -Wno-unused-but-set-variable -Wno-unused-parameter -Wno-unused-variable -Wno-shadow     -O3 -std=c++11 -I/opt/spechunter/chipyard-issue-715/.conda-env/riscv-tools/include -I/opt/spechunter/chipyard-issue-715-repairv3/tools/DRAMSim2 -I/opt/spechunter/chipyard-issue-715-repairv3/sims/verilator/generated-src/chipyard.TestHarness.SmallBoomConfig    -D__STDC_FORMAT_MACROS -DTEST_HARNESS=VTestHarness -DVERILATOR -include /opt/spechunter/chipyard-issue-715-repairv3/sims/verilator/generated-src/chipyard.TestHarness.SmallBoomConfig/chipyard.TestHarness.SmallBoomConfig.plusArgs -include /opt/spechunter/chipyard-issue-715-repairv3/sims/verilator/generated-src/chipyard.TestHarness.SmallBoomConfig/verilator.h -include /opt/spechunter/chipyard-issue-715-repairv3/sims/verilator/generated-src/chipyard.TestHarness.SmallBoomConfig/chipyard.TestHarness.SmallBoomConfig/VTestHarness.h  -DVL_THREADED -std=c++17 -Os -c -o VTestHarness___024root__DepSet_hcfd557fa__4.o VTestHarness___024root__DepSet_hcfd557fa__4.cpp
In file included from /opt/spechunter/chipyard-issue-715/.conda-env/share/verilator/include/verilated.h:35,
                 from /opt/spechunter/chipyard-issue-715/.conda-env/share/verilator/include/verilated_vcd_c.h:24,
                 from /opt/spechunter/chipyard-issue-715-repairv3/sims/verilator/generated-src/chipyard.TestHarness.SmallBoomConfig/verilator.h:4,
                 from <command-line>:
/opt/spechunter/chipyard-issue-715/.conda-env/share/verilator/include/verilatedos.h:291: warning: "__STDC_FORMAT_MACROS" redefined
  291 | #define __STDC_FORMAT_MACROS
      | 
<command-line>: note: this is the location of the previous definition
/opt/spechunter/chipyard-issue-715/.conda-env/bin/x86_64-conda-linux-gnu-c++  -I.  -MMD -I/opt/spechunter/chipyard-issue-715/.conda-env/share/verilator/include -I/opt/spechunter/chipyard-issue-715/.conda-env/share/verilator/include/vltstd -DVM_COVERAGE=0 -DVM_SC=0 -DVM_TRACE=0 -DVM_TRACE_FST=0 -DVM_TRACE_VCD=0 -faligned-new -fcf-protection=none -Wno-bool-operation -Wno-sign-compare -Wno-uninitialized -Wno-unused-but-set-variable -Wno-unused-parameter -Wno-unused-variable -Wno-shadow     -O3 -std=c++11 -I/opt/spechunter/chipyard-issue-715/.conda-env/riscv-tools/include -I/opt/spechunter/chipyard-issue-715-repairv3/tools/DRAMSim2 -I/opt/spechunter/chipyard-issue-715-repairv3/sims/verilator/generated-src/chipyard.TestHarness.SmallBoomConfig    -D__STDC_FORMAT_MACROS -DTEST_HARNESS=VTestHarness -DVERILATOR -include /opt/spechunter/chipyard-issue-715-repairv3/sims/verilator/generated-src/chipyard.TestHarness.SmallBoomConfig/chipyard.TestHarness.SmallBoomConfig.plusArgs -include /opt/spechunter/chipyard-issue-715-repairv3/sims/verilator/generated-src/chipyard.TestHarness.SmallBoomConfig/verilator.h -include /opt/spechunter/chipyard-issue-715-repairv3/sims/verilator/generated-src/chipyard.TestHarness.SmallBoomConfig/chipyard.TestHarness.SmallBoomConfig/VTestHarness.h  -DVL_THREADED -std=c++17 -Os -c -o VTestHarness___024root__DepSet_hcfd557fa__5.o VTestHarness___024root__DepSet_hcfd557fa__5.cpp
In file included from /opt/spechunter/chipyard-issue-715/.conda-env/share/verilator/include/verilated.h:35,
                 from /opt/spechunter/chipyard-issue-715/.conda-env/share/verilator/include/verilated_vcd_c.h:24,
                 from /opt/spechunter/chipyard-issue-715-repairv3/sims/verilator/generated-src/chipyard.TestHarness.SmallBoomConfig/verilator.h:4,
                 from <command-line>:
/opt/spechunter/chipyard-issue-715/.conda-env/share/verilator/include/verilatedos.h:291: warning: "__STDC_FORMAT_MACROS" redefined
  291 | #define __STDC_FORMAT_MACROS
      | 
<command-line>: note: this is the location of the previous definition
/opt/spechunter/chipyard-issue-715/.conda-env/bin/x86_64-conda-linux-gnu-c++  -I.  -MMD -I/opt/spechunter/chipyard-issue-715/.conda-env/share/verilator/include -I/opt/spechunter/chipyard-issue-715/.conda-env/share/verilator/include/vltstd -DVM_COVERAGE=0 -DVM_SC=0 -DVM_TRACE=0 -DVM_TRACE_FST=0 -DVM_TRACE_VCD=0 -faligned-new -fcf-protection=none -Wno-bool-operation -Wno-sign-compare -Wno-uninitialized -Wno-unused-but-set-variable -Wno-unused-parameter -Wno-unused-variable -Wno-shadow     -O3 -std=c++11 -I/opt/spechunter/chipyard-issue-715/.conda-env/riscv-tools/include -I/opt/spechunter/chipyard-issue-715-repairv3/tools/DRAMSim2 -I/opt/spechunter/chipyard-issue-715-repairv3/sims/verilator/generated-src/chipyard.TestHarness.SmallBoomConfig    -D__STDC_FORMAT_MACROS -DTEST_HARNESS=VTestHarness -DVERILATOR -include /opt/spechunter/chipyard-issue-715-repairv3/sims/verilator/generated-src/chipyard.TestHarness.SmallBoomConfig/chipyard.TestHarness.SmallBoomConfig.plusArgs -include /opt/spechunter/chipyard-issue-715-repairv3/sims/verilator/generated-src/chipyard.TestHarness.SmallBoomConfig/verilator.h -include /opt/spechunter/chipyard-issue-715-repairv3/sims/verilator/generated-src/chipyard.TestHarness.SmallBoomConfig/chipyard.TestHarness.SmallBoomConfig/VTestHarness.h  -DVL_THREADED -std=c++17 -Os -c -o VTestHarness___024root__DepSet_hcfd557fa__6.o VTestHarness___024root__DepSet_hcfd557fa__6.cpp
In file included from /opt/spechunter/chipyard-issue-715/.conda-env/share/verilator/include/verilated.h:35,
                 from /opt/spechunter/chipyard-issue-715/.conda-env/share/verilator/include/verilated_vcd_c.h:24,
                 from /opt/spechunter/chipyard-issue-715-repairv3/sims/verilator/generated-src/chipyard.TestHarness.SmallBoomConfig/verilator.h:4,
                 from <command-line>:
/opt/spechunter/chipyard-issue-715/.conda-env/share/verilator/include/verilatedos.h:291: warning: "__STDC_FORMAT_MACROS" redefined
  291 | #define __STDC_FORMAT_MACROS
      | 
<command-line>: note: this is the location of the previous definition
/opt/spechunter/chipyard-issue-715/.conda-env/bin/x86_64-conda-linux-gnu-c++  -I.  -MMD -I/opt/spechunter/chipyard-issue-715/.conda-env/share/verilator/include -I/opt/spechunter/chipyard-issue-715/.conda-env/share/verilator/include/vltstd -DVM_COVERAGE=0 -DVM_SC=0 -DVM_TRACE=0 -DVM_TRACE_FST=0 -DVM_TRACE_VCD=0 -faligned-new -fcf-protection=none -Wno-bool-operation -Wno-sign-compare -Wno-uninitialized -Wno-unused-but-set-variable -Wno-unused-parameter -Wno-unused-variable -Wno-shadow     -O3 -std=c++11 -I/opt/spechunter/chipyard-issue-715/.conda-env/riscv-tools/include -I/opt/spechunter/chipyard-issue-715-repairv3/tools/DRAMSim2 -I/opt/spechunter/chipyard-issue-715-repairv3/sims/verilator/generated-src/chipyard.TestHarness.SmallBoomConfig    -D__STDC_FORMAT_MACROS -DTEST_HARNESS=VTestHarness -DVERILATOR -include /opt/spechunter/chipyard-issue-715-repairv3/sims/verilator/generated-src/chipyard.TestHarness.SmallBoomConfig/chipyard.TestHarness.SmallBoomConfig.plusArgs -include /opt/spechunter/chipyard-issue-715-repairv3/sims/verilator/generated-src/chipyard.TestHarness.SmallBoomConfig/verilator.h -include /opt/spechunter/chipyard-issue-715-repairv3/sims/verilator/generated-src/chipyard.TestHarness.SmallBoomConfig/chipyard.TestHarness.SmallBoomConfig/VTestHarness.h  -DVL_THREADED -std=c++17 -Os -c -o VTestHarness___024root__DepSet_hcfd557fa__7.o VTestHarness___024root__DepSet_hcfd557fa__7.cpp
In file included from /opt/spechunter/chipyard-issue-715/.conda-env/share/verilator/include/verilated.h:35,
                 from /opt/spechunter/chipyard-issue-715/.conda-env/share/verilator/include/verilated_vcd_c.h:24,
                 from /opt/spechunter/chipyard-issue-715-repairv3/sims/verilator/generated-src/chipyard.TestHarness.SmallBoomConfig/verilator.h:4,
                 from <command-line>:
/opt/spechunter/chipyard-issue-715/.conda-env/share/verilator/include/verilatedos.h:291: warning: "__STDC_FORMAT_MACROS" redefined
  291 | #define __STDC_FORMAT_MACROS
      | 
<command-line>: note: this is the location of the previous definition
/opt/spechunter/chipyard-issue-715/.conda-env/bin/x86_64-conda-linux-gnu-c++  -I.  -MMD -I/opt/spechunter/chipyard-issue-715/.conda-env/share/verilator/include -I/opt/spechunter/chipyard-issue-715/.conda-env/share/verilator/include/vltstd -DVM_COVERAGE=0 -DVM_SC=0 -DVM_TRACE=0 -DVM_TRACE_FST=0 -DVM_TRACE_VCD=0 -faligned-new -fcf-protection=none -Wno-bool-operation -Wno-sign-compare -Wno-uninitialized -Wno-unused-but-set-variable -Wno-unused-parameter -Wno-unused-variable -Wno-shadow     -O3 -std=c++11 -I/opt/spechunter/chipyard-issue-715/.conda-env/riscv-tools/include -I/opt/spechunter/chipyard-issue-715-repairv3/tools/DRAMSim2 -I/opt/spechunter/chipyard-issue-715-repairv3/sims/verilator/generated-src/chipyard.TestHarness.SmallBoomConfig    -D__STDC_FORMAT_MACROS -DTEST_HARNESS=VTestHarness -DVERILATOR -include /opt/spechunter/chipyard-issue-715-repairv3/sims/verilator/generated-src/chipyard.TestHarness.SmallBoomConfig/chipyard.TestHarness.SmallBoomConfig.plusArgs -include /opt/spechunter/chipyard-issue-715-repairv3/sims/verilator/generated-src/chipyard.TestHarness.SmallBoomConfig/verilator.h -include /opt/spechunter/chipyard-issue-715-repairv3/sims/verilator/generated-src/chipyard.TestHarness.SmallBoomConfig/chipyard.TestHarness.SmallBoomConfig/VTestHarness.h  -DVL_THREADED -std=c++17 -Os -c -o VTestHarness___024root__DepSet_hcfd557fa__8.o VTestHarness___024root__DepSet_hcfd557fa__8.cpp
In file included from /opt/spechunter/chipyard-issue-715/.conda-env/share/verilator/include/verilated.h:35,
                 from /opt/spechunter/chipyard-issue-715/.conda-env/share/verilator/include/verilated_vcd_c.h:24,
                 from /opt/spechunter/chipyard-issue-715-repairv3/sims/verilator/generated-src/chipyard.TestHarness.SmallBoomConfig/verilator.h:4,
                 from <command-line>:
/opt/spechunter/chipyard-issue-715/.conda-env/share/verilator/include/verilatedos.h:291: warning: "__STDC_FORMAT_MACROS" redefined
  291 | #define __STDC_FORMAT_MACROS
      | 
<command-line>: note: this is the location of the previous definition
/opt/spechunter/chipyard-issue-715/.conda-env/bin/x86_64-conda-linux-gnu-c++  -I.  -MMD -I/opt/spechunter/chipyard-issue-715/.conda-env/share/verilator/include -I/opt/spechunter/chipyard-issue-715/.conda-env/share/verilator/include/vltstd -DVM_COVERAGE=0 -DVM_SC=0 -DVM_TRACE=0 -DVM_TRACE_FST=0 -DVM_TRACE_VCD=0 -faligned-new -fcf-protection=none -Wno-bool-operation -Wno-sign-compare -Wno-uninitialized -Wno-unused-but-set-variable -Wno-unused-parameter -Wno-unused-variable -Wno-shadow     -O3 -std=c++11 -I/opt/spechunter/chipyard-issue-715/.conda-env/riscv-tools/include -I/opt/spechunter/chipyard-issue-715-repairv3/tools/DRAMSim2 -I/opt/spechunter/chipyard-issue-715-repairv3/sims/verilator/generated-src/chipyard.TestHarness.SmallBoomConfig    -D__STDC_FORMAT_MACROS -DTEST_HARNESS=VTestHarness -DVERILATOR -include /opt/spechunter/chipyard-issue-715-repairv3/sims/verilator/generated-src/chipyard.TestHarness.SmallBoomConfig/chipyard.TestHarness.SmallBoomConfig.plusArgs -include /opt/spechunter/chipyard-issue-715-repairv3/sims/verilator/generated-src/chipyard.TestHarness.SmallBoomConfig/verilator.h -include /opt/spechunter/chipyard-issue-715-repairv3/sims/verilator/generated-src/chipyard.TestHarness.SmallBoomConfig/chipyard.TestHarness.SmallBoomConfig/VTestHarness.h  -DVL_THREADED -std=c++17 -Os -c -o VTestHarness___024root__DepSet_hcfd557fa__9.o VTestHarness___024root__DepSet_hcfd557fa__9.cpp
In file included from /opt/spechunter/chipyard-issue-715/.conda-env/share/verilator/include/verilated.h:35,
                 from /opt/spechunter/chipyard-issue-715/.conda-env/share/verilator/include/verilated_vcd_c.h:24,
                 from /opt/spechunter/chipyard-issue-715-repairv3/sims/verilator/generated-src/chipyard.TestHarness.SmallBoomConfig/verilator.h:4,
                 from <command-line>:
/opt/spechunter/chipyard-issue-715/.conda-env/share/verilator/include/verilatedos.h:291: warning: "__STDC_FORMAT_MACROS" redefined
  291 | #define __STDC_FORMAT_MACROS
      | 
<command-line>: note: this is the location of the previous definition
/opt/spechunter/chipyard-issue-715/.conda-env/bin/x86_64-conda-linux-gnu-c++  -I.  -MMD -I/opt/spechunter/chipyard-issue-715/.conda-env/share/verilator/include -I/opt/spechunter/chipyard-issue-715/.conda-env/share/verilator/include/vltstd -DVM_COVERAGE=0 -DVM_SC=0 -DVM_TRACE=0 -DVM_TRACE_FST=0 -DVM_TRACE_VCD=0 -faligned-new -fcf-protection=none -Wno-bool-operation -Wno-sign-compare -Wno-uninitialized -Wno-unused-but-set-variable -Wno-unused-parameter -Wno-unused-variable -Wno-shadow     -O3 -std=c++11 -I/opt/spechunter/chipyard-issue-715/.conda-env/riscv-tools/include -I/opt/spechunter/chipyard-issue-715-repairv3/tools/DRAMSim2 -I/opt/spechunter/chipyard-issue-715-repairv3/sims/verilator/generated-src/chipyard.TestHarness.SmallBoomConfig    -D__STDC_FORMAT_MACROS -DTEST_HARNESS=VTestHarness -DVERILATOR -include /opt/spechunter/chipyard-issue-715-repairv3/sims/verilator/generated-src/chipyard.TestHarness.SmallBoomConfig/chipyard.TestHarness.SmallBoomConfig.plusArgs -include /opt/spechunter/chipyard-issue-715-repairv3/sims/verilator/generated-src/chipyard.TestHarness.SmallBoomConfig/verilator.h -include /opt/spechunter/chipyard-issue-715-repairv3/sims/verilator/generated-src/chipyard.TestHarness.SmallBoomConfig/chipyard.TestHarness.SmallBoomConfig/VTestHarness.h  -DVL_THREADED -std=c++17 -Os -c -o VTestHarness___024root__DepSet_hcfd557fa__10.o VTestHarness___024root__DepSet_hcfd557fa__10.cpp
In file included from /opt/spechunter/chipyard-issue-715/.conda-env/share/verilator/include/verilated.h:35,
                 from /opt/spechunter/chipyard-issue-715/.conda-env/share/verilator/include/verilated_vcd_c.h:24,
                 from /opt/spechunter/chipyard-issue-715-repairv3/sims/verilator/generated-src/chipyard.TestHarness.SmallBoomConfig/verilator.h:4,
                 from <command-line>:
/opt/spechunter/chipyard-issue-715/.conda-env/share/verilator/include/verilatedos.h:291: warning: "__STDC_FORMAT_MACROS" redefined
  291 | #define __STDC_FORMAT_MACROS
      | 
<command-line>: note: this is the location of the previous definition
/opt/spechunter/chipyard-issue-715/.conda-env/bin/x86_64-conda-linux-gnu-c++  -I.  -MMD -I/opt/spechunter/chipyard-issue-715/.conda-env/share/verilator/include -I/opt/spechunter/chipyard-issue-715/.conda-env/share/verilator/include/vltstd -DVM_COVERAGE=0 -DVM_SC=0 -DVM_TRACE=0 -DVM_TRACE_FST=0 -DVM_TRACE_VCD=0 -faligned-new -fcf-protection=none -Wno-bool-operation -Wno-sign-compare -Wno-uninitialized -Wno-unused-but-set-variable -Wno-unused-parameter -Wno-unused-variable -Wno-shadow     -O3 -std=c++11 -I/opt/spechunter/chipyard-issue-715/.conda-env/riscv-tools/include -I/opt/spechunter/chipyard-issue-715-repairv3/tools/DRAMSim2 -I/opt/spechunter/chipyard-issue-715-repairv3/sims/verilator/generated-src/chipyard.TestHarness.SmallBoomConfig    -D__STDC_FORMAT_MACROS -DTEST_HARNESS=VTestHarness -DVERILATOR -include /opt/spechunter/chipyard-issue-715-repairv3/sims/verilator/generated-src/chipyard.TestHarness.SmallBoomConfig/chipyard.TestHarness.SmallBoomConfig.plusArgs -include /opt/spechunter/chipyard-issue-715-repairv3/sims/verilator/generated-src/chipyard.TestHarness.SmallBoomConfig/verilator.h -include /opt/spechunter/chipyard-issue-715-repairv3/sims/verilator/generated-src/chipyard.TestHarness.SmallBoomConfig/chipyard.TestHarness.SmallBoomConfig/VTestHarness.h  -DVL_THREADED -std=c++17 -Os -c -o VTestHarness___024root__DepSet_hcfd557fa__11.o VTestHarness___024root__DepSet_hcfd557fa__11.cpp
In file included from /opt/spechunter/chipyard-issue-715/.conda-env/share/verilator/include/verilated.h:35,
                 from /opt/spechunter/chipyard-issue-715/.conda-env/share/verilator/include/verilated_vcd_c.h:24,
                 from /opt/spechunter/chipyard-issue-715-repairv3/sims/verilator/generated-src/chipyard.TestHarness.SmallBoomConfig/verilator.h:4,
                 from <command-line>:
/opt/spechunter/chipyard-issue-715/.conda-env/share/verilator/include/verilatedos.h:291: warning: "__STDC_FORMAT_MACROS" redefined
  291 | #define __STDC_FORMAT_MACROS
      | 
<command-line>: note: this is the location of the previous definition
/opt/spechunter/chipyard-issue-715/.conda-env/bin/x86_64-conda-linux-gnu-c++  -I.  -MMD -I/opt/spechunter/chipyard-issue-715/.conda-env/share/verilator/include -I/opt/spechunter/chipyard-issue-715/.conda-env/share/verilator/include/vltstd -DVM_COVERAGE=0 -DVM_SC=0 -DVM_TRACE=0 -DVM_TRACE_FST=0 -DVM_TRACE_VCD=0 -faligned-new -fcf-protection=none -Wno-bool-operation -Wno-sign-compare -Wno-uninitialized -Wno-unused-but-set-variable -Wno-unused-parameter -Wno-unused-variable -Wno-shadow     -O3 -std=c++11 -I/opt/spechunter/chipyard-issue-715/.conda-env/riscv-tools/include -I/opt/spechunter/chipyard-issue-715-repairv3/tools/DRAMSim2 -I/opt/spechunter/chipyard-issue-715-repairv3/sims/verilator/generated-src/chipyard.TestHarness.SmallBoomConfig    -D__STDC_FORMAT_MACROS -DTEST_HARNESS=VTestHarness -DVERILATOR -include /opt/spechunter/chipyard-issue-715-repairv3/sims/verilator/generated-src/chipyard.TestHarness.SmallBoomConfig/chipyard.TestHarness.SmallBoomConfig.plusArgs -include /opt/spechunter/chipyard-issue-715-repairv3/sims/verilator/generated-src/chipyard.TestHarness.SmallBoomConfig/verilator.h -include /opt/spechunter/chipyard-issue-715-repairv3/sims/verilator/generated-src/chipyard.TestHarness.SmallBoomConfig/chipyard.TestHarness.SmallBoomConfig/VTestHarness.h  -DVL_THREADED -std=c++17 -Os -c -o VTestHarness___024root__DepSet_hcfd557fa__12.o VTestHarness___024root__DepSet_hcfd557fa__12.cpp
In file included from /opt/spechunter/chipyard-issue-715/.conda-env/share/verilator/include/verilated.h:35,
                 from /opt/spechunter/chipyard-issue-715/.conda-env/share/verilator/include/verilated_vcd_c.h:24,
                 from /opt/spechunter/chipyard-issue-715-repairv3/sims/verilator/generated-src/chipyard.TestHarness.SmallBoomConfig/verilator.h:4,
                 from <command-line>:
/opt/spechunter/chipyard-issue-715/.conda-env/share/verilator/include/verilatedos.h:291: warning: "__STDC_FORMAT_MACROS" redefined
  291 | #define __STDC_FORMAT_MACROS
      | 
<command-line>: note: this is the location of the previous definition
/opt/spechunter/chipyard-issue-715/.conda-env/bin/x86_64-conda-linux-gnu-c++  -I.  -MMD -I/opt/spechunter/chipyard-issue-715/.conda-env/share/verilator/include -I/opt/spechunter/chipyard-issue-715/.conda-env/share/verilator/include/vltstd -DVM_COVERAGE=0 -DVM_SC=0 -DVM_TRACE=0 -DVM_TRACE_FST=0 -DVM_TRACE_VCD=0 -faligned-new -fcf-protection=none -Wno-bool-operation -Wno-sign-compare -Wno-uninitialized -Wno-unused-but-set-variable -Wno-unused-parameter -Wno-unused-variable -Wno-shadow     -O3 -std=c++11 -I/opt/spechunter/chipyard-issue-715/.conda-env/riscv-tools/include -I/opt/spechunter/chipyard-issue-715-repairv3/tools/DRAMSim2 -I/opt/spechunter/chipyard-issue-715-repairv3/sims/verilator/generated-src/chipyard.TestHarness.SmallBoomConfig    -D__STDC_FORMAT_MACROS -DTEST_HARNESS=VTestHarness -DVERILATOR -include /opt/spechunter/chipyard-issue-715-repairv3/sims/verilator/generated-src/chipyard.TestHarness.SmallBoomConfig/chipyard.TestHarness.SmallBoomConfig.plusArgs -include /opt/spechunter/chipyard-issue-715-repairv3/sims/verilator/generated-src/chipyard.TestHarness.SmallBoomConfig/verilator.h -include /opt/spechunter/chipyard-issue-715-repairv3/sims/verilator/generated-src/chipyard.TestHarness.SmallBoomConfig/chipyard.TestHarness.SmallBoomConfig/VTestHarness.h  -DVL_THREADED -std=c++17 -Os -c -o VTestHarness___024root__DepSet_hcfd557fa__13.o VTestHarness___024root__DepSet_hcfd557fa__13.cpp
In file included from /opt/spechunter/chipyard-issue-715/.conda-env/share/verilator/include/verilated.h:35,
                 from /opt/spechunter/chipyard-issue-715/.conda-env/share/verilator/include/verilated_vcd_c.h:24,
                 from /opt/spechunter/chipyard-issue-715-repairv3/sims/verilator/generated-src/chipyard.TestHarness.SmallBoomConfig/verilator.h:4,
                 from <command-line>:
/opt/spechunter/chipyard-issue-715/.conda-env/share/verilator/include/verilatedos.h:291: warning: "__STDC_FORMAT_MACROS" redefined
  291 | #define __STDC_FORMAT_MACROS
      | 
<command-line>: note: this is the location of the previous definition
/opt/spechunter/chipyard-issue-715/.conda-env/bin/x86_64-conda-linux-gnu-c++  -I.  -MMD -I/opt/spechunter/chipyard-issue-715/.conda-env/share/verilator/include -I/opt/spechunter/chipyard-issue-715/.conda-env/share/verilator/include/vltstd -DVM_COVERAGE=0 -DVM_SC=0 -DVM_TRACE=0 -DVM_TRACE_FST=0 -DVM_TRACE_VCD=0 -faligned-new -fcf-protection=none -Wno-bool-operation -Wno-sign-compare -Wno-uninitialized -Wno-unused-but-set-variable -Wno-unused-parameter -Wno-unused-variable -Wno-shadow     -O3 -std=c++11 -I/opt/spechunter/chipyard-issue-715/.conda-env/riscv-tools/include -I/opt/spechunter/chipyard-issue-715-repairv3/tools/DRAMSim2 -I/opt/spechunter/chipyard-issue-715-repairv3/sims/verilator/generated-src/chipyard.TestHarness.SmallBoomConfig    -D__STDC_FORMAT_MACROS -DTEST_HARNESS=VTestHarness -DVERILATOR -include /opt/spechunter/chipyard-issue-715-repairv3/sims/verilator/generated-src/chipyard.TestHarness.SmallBoomConfig/chipyard.TestHarness.SmallBoomConfig.plusArgs -include /opt/spechunter/chipyard-issue-715-repairv3/sims/verilator/generated-src/chipyard.TestHarness.SmallBoomConfig/verilator.h -include /opt/spechunter/chipyard-issue-715-repairv3/sims/verilator/generated-src/chipyard.TestHarness.SmallBoomConfig/chipyard.TestHarness.SmallBoomConfig/VTestHarness.h  -DVL_THREADED -std=c++17 -Os -c -o VTestHarness___024root__DepSet_hcfd557fa__14.o VTestHarness___024root__DepSet_hcfd557fa__14.cpp
In file included from /opt/spechunter/chipyard-issue-715/.conda-env/share/verilator/include/verilated.h:35,
                 from /opt/spechunter/chipyard-issue-715/.conda-env/share/verilator/include/verilated_vcd_c.h:24,
                 from /opt/spechunter/chipyard-issue-715-repairv3/sims/verilator/generated-src/chipyard.TestHarness.SmallBoomConfig/verilator.h:4,
                 from <command-line>:
/opt/spechunter/chipyard-issue-715/.conda-env/share/verilator/include/verilatedos.h:291: warning: "__STDC_FORMAT_MACROS" redefined
  291 | #define __STDC_FORMAT_MACROS
      | 
<command-line>: note: this is the location of the previous definition
/opt/spechunter/chipyard-issue-715/.conda-env/bin/x86_64-conda-linux-gnu-c++  -I.  -MMD -I/opt/spechunter/chipyard-issue-715/.conda-env/share/verilator/include -I/opt/spechunter/chipyard-issue-715/.conda-env/share/verilator/include/vltstd -DVM_COVERAGE=0 -DVM_SC=0 -DVM_TRACE=0 -DVM_TRACE_FST=0 -DVM_TRACE_VCD=0 -faligned-new -fcf-protection=none -Wno-bool-operation -Wno-sign-compare -Wno-uninitialized -Wno-unused-but-set-variable -Wno-unused-parameter -Wno-unused-variable -Wno-shadow     -O3 -std=c++11 -I/opt/spechunter/chipyard-issue-715/.conda-env/riscv-tools/include -I/opt/spechunter/chipyard-issue-715-repairv3/tools/DRAMSim2 -I/opt/spechunter/chipyard-issue-715-repairv3/sims/verilator/generated-src/chipyard.TestHarness.SmallBoomConfig    -D__STDC_FORMAT_MACROS -DTEST_HARNESS=VTestHarness -DVERILATOR -include /opt/spechunter/chipyard-issue-715-repairv3/sims/verilator/generated-src/chipyard.TestHarness.SmallBoomConfig/chipyard.TestHarness.SmallBoomConfig.plusArgs -include /opt/spechunter/chipyard-issue-715-repairv3/sims/verilator/generated-src/chipyard.TestHarness.SmallBoomConfig/verilator.h -include /opt/spechunter/chipyard-issue-715-repairv3/sims/verilator/generated-src/chipyard.TestHarness.SmallBoomConfig/chipyard.TestHarness.SmallBoomConfig/VTestHarness.h  -DVL_THREADED -std=c++17 -Os -c -o VTestHarness___024root__DepSet_hcfd557fa__15.o VTestHarness___024root__DepSet_hcfd557fa__15.cpp
In file included from /opt/spechunter/chipyard-issue-715/.conda-env/share/verilator/include/verilated.h:35,
                 from /opt/spechunter/chipyard-issue-715/.conda-env/share/verilator/include/verilated_vcd_c.h:24,
                 from /opt/spechunter/chipyard-issue-715-repairv3/sims/verilator/generated-src/chipyard.TestHarness.SmallBoomConfig/verilator.h:4,
                 from <command-line>:
/opt/spechunter/chipyard-issue-715/.conda-env/share/verilator/include/verilatedos.h:291: warning: "__STDC_FORMAT_MACROS" redefined
  291 | #define __STDC_FORMAT_MACROS
      | 
<command-line>: note: this is the location of the previous definition
/opt/spechunter/chipyard-issue-715/.conda-env/bin/x86_64-conda-linux-gnu-c++  -I.  -MMD -I/opt/spechunter/chipyard-issue-715/.conda-env/share/verilator/include -I/opt/spechunter/chipyard-issue-715/.conda-env/share/verilator/include/vltstd -DVM_COVERAGE=0 -DVM_SC=0 -DVM_TRACE=0 -DVM_TRACE_FST=0 -DVM_TRACE_VCD=0 -faligned-new -fcf-protection=none -Wno-bool-operation -Wno-sign-compare -Wno-uninitialized -Wno-unused-but-set-variable -Wno-unused-parameter -Wno-unused-variable -Wno-shadow     -O3 -std=c++11 -I/opt/spechunter/chipyard-issue-715/.conda-env/riscv-tools/include -I/opt/spechunter/chipyard-issue-715-repairv3/tools/DRAMSim2 -I/opt/spechunter/chipyard-issue-715-repairv3/sims/verilator/generated-src/chipyard.TestHarness.SmallBoomConfig    -D__STDC_FORMAT_MACROS -DTEST_HARNESS=VTestHarness -DVERILATOR -include /opt/spechunter/chipyard-issue-715-repairv3/sims/verilator/generated-src/chipyard.TestHarness.SmallBoomConfig/chipyard.TestHarness.SmallBoomConfig.plusArgs -include /opt/spechunter/chipyard-issue-715-repairv3/sims/verilator/generated-src/chipyard.TestHarness.SmallBoomConfig/verilator.h -include /opt/spechunter/chipyard-issue-715-repairv3/sims/verilator/generated-src/chipyard.TestHarness.SmallBoomConfig/chipyard.TestHarness.SmallBoomConfig/VTestHarness.h  -DVL_THREADED -std=c++17 -Os -c -o VTestHarness___024root__DepSet_hcfd557fa__16.o VTestHarness___024root__DepSet_hcfd557fa__16.cpp
In file included from /opt/spechunter/chipyard-issue-715/.conda-env/share/verilator/include/verilated.h:35,
                 from /opt/spechunter/chipyard-issue-715/.conda-env/share/verilator/include/verilated_vcd_c.h:24,
                 from /opt/spechunter/chipyard-issue-715-repairv3/sims/verilator/generated-src/chipyard.TestHarness.SmallBoomConfig/verilator.h:4,
                 from <command-line>:
/opt/spechunter/chipyard-issue-715/.conda-env/share/verilator/include/verilatedos.h:291: warning: "__STDC_FORMAT_MACROS" redefined
  291 | #define __STDC_FORMAT_MACROS
      | 
<command-line>: note: this is the location of the previous definition
/opt/spechunter/chipyard-issue-715/.conda-env/bin/x86_64-conda-linux-gnu-c++  -I.  -MMD -I/opt/spechunter/chipyard-issue-715/.conda-env/share/verilator/include -I/opt/spechunter/chipyard-issue-715/.conda-env/share/verilator/include/vltstd -DVM_COVERAGE=0 -DVM_SC=0 -DVM_TRACE=0 -DVM_TRACE_FST=0 -DVM_TRACE_VCD=0 -faligned-new -fcf-protection=none -Wno-bool-operation -Wno-sign-compare -Wno-uninitialized -Wno-unused-but-set-variable -Wno-unused-parameter -Wno-unused-variable -Wno-shadow     -O3 -std=c++11 -I/opt/spechunter/chipyard-issue-715/.conda-env/riscv-tools/include -I/opt/spechunter/chipyard-issue-715-repairv3/tools/DRAMSim2 -I/opt/spechunter/chipyard-issue-715-repairv3/sims/verilator/generated-src/chipyard.TestHarness.SmallBoomConfig    -D__STDC_FORMAT_MACROS -DTEST_HARNESS=VTestHarness -DVERILATOR -include /opt/spechunter/chipyard-issue-715-repairv3/sims/verilator/generated-src/chipyard.TestHarness.SmallBoomConfig/chipyard.TestHarness.SmallBoomConfig.plusArgs -include /opt/spechunter/chipyard-issue-715-repairv3/sims/verilator/generated-src/chipyard.TestHarness.SmallBoomConfig/verilator.h -include /opt/spechunter/chipyard-issue-715-repairv3/sims/verilator/generated-src/chipyard.TestHarness.SmallBoomConfig/chipyard.TestHarness.SmallBoomConfig/VTestHarness.h  -DVL_THREADED -std=c++17 -Os -c -o VTestHarness___024root__DepSet_hcfd557fa__17.o VTestHarness___024root__DepSet_hcfd557fa__17.cpp
In file included from /opt/spechunter/chipyard-issue-715/.conda-env/share/verilator/include/verilated.h:35,
                 from /opt/spechunter/chipyard-issue-715/.conda-env/share/verilator/include/verilated_vcd_c.h:24,
                 from /opt/spechunter/chipyard-issue-715-repairv3/sims/verilator/generated-src/chipyard.TestHarness.SmallBoomConfig/verilator.h:4,
                 from <command-line>:
/opt/spechunter/chipyard-issue-715/.conda-env/share/verilator/include/verilatedos.h:291: warning: "__STDC_FORMAT_MACROS" redefined
  291 | #define __STDC_FORMAT_MACROS
      | 
<command-line>: note: this is the location of the previous definition
/opt/spechunter/chipyard-issue-715/.conda-env/bin/x86_64-conda-linux-gnu-c++  -I.  -MMD -I/opt/spechunter/chipyard-issue-715/.conda-env/share/verilator/include -I/opt/spechunter/chipyard-issue-715/.conda-env/share/verilator/include/vltstd -DVM_COVERAGE=0 -DVM_SC=0 -DVM_TRACE=0 -DVM_TRACE_FST=0 -DVM_TRACE_VCD=0 -faligned-new -fcf-protection=none -Wno-bool-operation -Wno-sign-compare -Wno-uninitialized -Wno-unused-but-set-variable -Wno-unused-parameter -Wno-unused-variable -Wno-shadow     -O3 -std=c++11 -I/opt/spechunter/chipyard-issue-715/.conda-env/riscv-tools/include -I/opt/spechunter/chipyard-issue-715-repairv3/tools/DRAMSim2 -I/opt/spechunter/chipyard-issue-715-repairv3/sims/verilator/generated-src/chipyard.TestHarness.SmallBoomConfig    -D__STDC_FORMAT_MACROS -DTEST_HARNESS=VTestHarness -DVERILATOR -include /opt/spechunter/chipyard-issue-715-repairv3/sims/verilator/generated-src/chipyard.TestHarness.SmallBoomConfig/chipyard.TestHarness.SmallBoomConfig.plusArgs -include /opt/spechunter/chipyard-issue-715-repairv3/sims/verilator/generated-src/chipyard.TestHarness.SmallBoomConfig/verilator.h -include /opt/spechunter/chipyard-issue-715-repairv3/sims/verilator/generated-src/chipyard.TestHarness.SmallBoomConfig/chipyard.TestHarness.SmallBoomConfig/VTestHarness.h  -DVL_THREADED -std=c++17 -Os -c -o VTestHarness___024root__DepSet_hcfd557fa__18.o VTestHarness___024root__DepSet_hcfd557fa__18.cpp
In file included from /opt/spechunter/chipyard-issue-715/.conda-env/share/verilator/include/verilated.h:35,
                 from /opt/spechunter/chipyard-issue-715/.conda-env/share/verilator/include/verilated_vcd_c.h:24,
                 from /opt/spechunter/chipyard-issue-715-repairv3/sims/verilator/generated-src/chipyard.TestHarness.SmallBoomConfig/verilator.h:4,
                 from <command-line>:
/opt/spechunter/chipyard-issue-715/.conda-env/share/verilator/include/verilatedos.h:291: warning: "__STDC_FORMAT_MACROS" redefined
  291 | #define __STDC_FORMAT_MACROS
      | 
<command-line>: note: this is the location of the previous definition
/opt/spechunter/chipyard-issue-715/.conda-env/bin/x86_64-conda-linux-gnu-c++  -I.  -MMD -I/opt/spechunter/chipyard-issue-715/.conda-env/share/verilator/include -I/opt/spechunter/chipyard-issue-715/.conda-env/share/verilator/include/vltstd -DVM_COVERAGE=0 -DVM_SC=0 -DVM_TRACE=0 -DVM_TRACE_FST=0 -DVM_TRACE_VCD=0 -faligned-new -fcf-protection=none -Wno-bool-operation -Wno-sign-compare -Wno-uninitialized -Wno-unused-but-set-variable -Wno-unused-parameter -Wno-unused-variable -Wno-shadow     -O3 -std=c++11 -I/opt/spechunter/chipyard-issue-715/.conda-env/riscv-tools/include -I/opt/spechunter/chipyard-issue-715-repairv3/tools/DRAMSim2 -I/opt/spechunter/chipyard-issue-715-repairv3/sims/verilator/generated-src/chipyard.TestHarness.SmallBoomConfig    -D__STDC_FORMAT_MACROS -DTEST_HARNESS=VTestHarness -DVERILATOR -include /opt/spechunter/chipyard-issue-715-repairv3/sims/verilator/generated-src/chipyard.TestHarness.SmallBoomConfig/chipyard.TestHarness.SmallBoomConfig.plusArgs -include /opt/spechunter/chipyard-issue-715-repairv3/sims/verilator/generated-src/chipyard.TestHarness.SmallBoomConfig/verilator.h -include /opt/spechunter/chipyard-issue-715-repairv3/sims/verilator/generated-src/chipyard.TestHarness.SmallBoomConfig/chipyard.TestHarness.SmallBoomConfig/VTestHarness.h  -DVL_THREADED -std=c++17 -Os -c -o VTestHarness___024root__DepSet_hcfd557fa__19.o VTestHarness___024root__DepSet_hcfd557fa__19.cpp
In file included from /opt/spechunter/chipyard-issue-715/.conda-env/share/verilator/include/verilated.h:35,
                 from /opt/spechunter/chipyard-issue-715/.conda-env/share/verilator/include/verilated_vcd_c.h:24,
                 from /opt/spechunter/chipyard-issue-715-repairv3/sims/verilator/generated-src/chipyard.TestHarness.SmallBoomConfig/verilator.h:4,
                 from <command-line>:
/opt/spechunter/chipyard-issue-715/.conda-env/share/verilator/include/verilatedos.h:291: warning: "__STDC_FORMAT_MACROS" redefined
  291 | #define __STDC_FORMAT_MACROS
      | 
<command-line>: note: this is the location of the previous definition
/opt/spechunter/chipyard-issue-715/.conda-env/bin/x86_64-conda-linux-gnu-c++  -I.  -MMD -I/opt/spechunter/chipyard-issue-715/.conda-env/share/verilator/include -I/opt/spechunter/chipyard-issue-715/.conda-env/share/verilator/include/vltstd -DVM_COVERAGE=0 -DVM_SC=0 -DVM_TRACE=0 -DVM_TRACE_FST=0 -DVM_TRACE_VCD=0 -faligned-new -fcf-protection=none -Wno-bool-operation -Wno-sign-compare -Wno-uninitialized -Wno-unused-but-set-variable -Wno-unused-parameter -Wno-unused-variable -Wno-shadow     -O3 -std=c++11 -I/opt/spechunter/chipyard-issue-715/.conda-env/riscv-tools/include -I/opt/spechunter/chipyard-issue-715-repairv3/tools/DRAMSim2 -I/opt/spechunter/chipyard-issue-715-repairv3/sims/verilator/generated-src/chipyard.TestHarness.SmallBoomConfig    -D__STDC_FORMAT_MACROS -DTEST_HARNESS=VTestHarness -DVERILATOR -include /opt/spechunter/chipyard-issue-715-repairv3/sims/verilator/generated-src/chipyard.TestHarness.SmallBoomConfig/chipyard.TestHarness.SmallBoomConfig.plusArgs -include /opt/spechunter/chipyard-issue-715-repairv3/sims/verilator/generated-src/chipyard.TestHarness.SmallBoomConfig/verilator.h -include /opt/spechunter/chipyard-issue-715-repairv3/sims/verilator/generated-src/chipyard.TestHarness.SmallBoomConfig/chipyard.TestHarness.SmallBoomConfig/VTestHarness.h  -DVL_THREADED -std=c++17 -Os -c -o VTestHarness___024root__DepSet_hcfd557fa__20.o VTestHarness___024root__DepSet_hcfd557fa__20.cpp
In file included from /opt/spechunter/chipyard-issue-715/.conda-env/share/verilator/include/verilated.h:35,
                 from /opt/spechunter/chipyard-issue-715/.conda-env/share/verilator/include/verilated_vcd_c.h:24,
                 from /opt/spechunter/chipyard-issue-715-repairv3/sims/verilator/generated-src/chipyard.TestHarness.SmallBoomConfig/verilator.h:4,
                 from <command-line>:
/opt/spechunter/chipyard-issue-715/.conda-env/share/verilator/include/verilatedos.h:291: warning: "__STDC_FORMAT_MACROS" redefined
  291 | #define __STDC_FORMAT_MACROS
      | 
<command-line>: note: this is the location of the previous definition
/opt/spechunter/chipyard-issue-715/.conda-env/bin/x86_64-conda-linux-gnu-c++  -I.  -MMD -I/opt/spechunter/chipyard-issue-715/.conda-env/share/verilator/include -I/opt/spechunter/chipyard-issue-715/.conda-env/share/verilator/include/vltstd -DVM_COVERAGE=0 -DVM_SC=0 -DVM_TRACE=0 -DVM_TRACE_FST=0 -DVM_TRACE_VCD=0 -faligned-new -fcf-protection=none -Wno-bool-operation -Wno-sign-compare -Wno-uninitialized -Wno-unused-but-set-variable -Wno-unused-parameter -Wno-unused-variable -Wno-shadow     -O3 -std=c++11 -I/opt/spechunter/chipyard-issue-715/.conda-env/riscv-tools/include -I/opt/spechunter/chipyard-issue-715-repairv3/tools/DRAMSim2 -I/opt/spechunter/chipyard-issue-715-repairv3/sims/verilator/generated-src/chipyard.TestHarness.SmallBoomConfig    -D__STDC_FORMAT_MACROS -DTEST_HARNESS=VTestHarness -DVERILATOR -include /opt/spechunter/chipyard-issue-715-repairv3/sims/verilator/generated-src/chipyard.TestHarness.SmallBoomConfig/chipyard.TestHarness.SmallBoomConfig.plusArgs -include /opt/spechunter/chipyard-issue-715-repairv3/sims/verilator/generated-src/chipyard.TestHarness.SmallBoomConfig/verilator.h -include /opt/spechunter/chipyard-issue-715-repairv3/sims/verilator/generated-src/chipyard.TestHarness.SmallBoomConfig/chipyard.TestHarness.SmallBoomConfig/VTestHarness.h  -DVL_THREADED -std=c++17 -Os -c -o VTestHarness___024root__DepSet_hcfd557fa__21.o VTestHarness___024root__DepSet_hcfd557fa__21.cpp
/opt/spechunter/chipyard-issue-715/.conda-env/bin/x86_64-conda-linux-gnu-c++  -I.  -MMD -I/opt/spechunter/chipyard-issue-715/.conda-env/share/verilator/include -I/opt/spechunter/chipyard-issue-715/.conda-env/share/verilator/include/vltstd -DVM_COVERAGE=0 -DVM_SC=0 -DVM_TRACE=0 -DVM_TRACE_FST=0 -DVM_TRACE_VCD=0 -faligned-new -fcf-protection=none -Wno-bool-operation -Wno-sign-compare -Wno-uninitialized -Wno-unused-but-set-variable -Wno-unused-parameter -Wno-unused-variable -Wno-shadow     -O3 -std=c++11 -I/opt/spechunter/chipyard-issue-715/.conda-env/riscv-tools/include -I/opt/spechunter/chipyard-issue-715-repairv3/tools/DRAMSim2 -I/opt/spechunter/chipyard-issue-715-repairv3/sims/verilator/generated-src/chipyard.TestHarness.SmallBoomConfig    -D__STDC_FORMAT_MACROS -DTEST_HARNESS=VTestHarness -DVERILATOR -include /opt/spechunter/chipyard-issue-715-repairv3/sims/verilator/generated-src/chipyard.TestHarness.SmallBoomConfig/chipyard.TestHarness.SmallBoomConfig.plusArgs -include /opt/spechunter/chipyard-issue-715-repairv3/sims/verilator/generated-src/chipyard.TestHarness.SmallBoomConfig/verilator.h -include /opt/spechunter/chipyard-issue-715-repairv3/sims/verilator/generated-src/chipyard.TestHarness.SmallBoomConfig/chipyard.TestHarness.SmallBoomConfig/VTestHarness.h  -DVL_THREADED -std=c++17 -Os -c -o VTestHarness___024root__DepSet_hcfd557fa__22.o VTestHarness___024root__DepSet_hcfd557fa__22.cpp
In file included from /opt/spechunter/chipyard-issue-715/.conda-env/share/verilator/include/verilated.h:35,
                 from /opt/spechunter/chipyard-issue-715/.conda-env/share/verilator/include/verilated_vcd_c.h:24,
                 from /opt/spechunter/chipyard-issue-715-repairv3/sims/verilator/generated-src/chipyard.TestHarness.SmallBoomConfig/verilator.h:4,
                 from <command-line>:
/opt/spechunter/chipyard-issue-715/.conda-env/share/verilator/include/verilatedos.h:291: warning: "__STDC_FORMAT_MACROS" redefined
  291 | #define __STDC_FORMAT_MACROS
      | 
<command-line>: note: this is the location of the previous definition
In file included from /opt/spechunter/chipyard-issue-715/.conda-env/share/verilator/include/verilated.h:35,
                 from /opt/spechunter/chipyard-issue-715/.conda-env/share/verilator/include/verilated_vcd_c.h:24,
                 from /opt/spechunter/chipyard-issue-715-repairv3/sims/verilator/generated-src/chipyard.TestHarness.SmallBoomConfig/verilator.h:4,
                 from <command-line>:
/opt/spechunter/chipyard-issue-715/.conda-env/share/verilator/include/verilatedos.h:291: warning: "__STDC_FORMAT_MACROS" redefined
  291 | #define __STDC_FORMAT_MACROS
      | 
<command-line>: note: this is the location of the previous definition
/opt/spechunter/chipyard-issue-715/.conda-env/bin/x86_64-conda-linux-gnu-c++  -I.  -MMD -I/opt/spechunter/chipyard-issue-715/.conda-env/share/verilator/include -I/opt/spechunter/chipyard-issue-715/.conda-env/share/verilator/include/vltstd -DVM_COVERAGE=0 -DVM_SC=0 -DVM_TRACE=0 -DVM_TRACE_FST=0 -DVM_TRACE_VCD=0 -faligned-new -fcf-protection=none -Wno-bool-operation -Wno-sign-compare -Wno-uninitialized -Wno-unused-but-set-variable -Wno-unused-parameter -Wno-unused-variable -Wno-shadow     -O3 -std=c++11 -I/opt/spechunter/chipyard-issue-715/.conda-env/riscv-tools/include -I/opt/spechunter/chipyard-issue-715-repairv3/tools/DRAMSim2 -I/opt/spechunter/chipyard-issue-715-repairv3/sims/verilator/generated-src/chipyard.TestHarness.SmallBoomConfig    -D__STDC_FORMAT_MACROS -DTEST_HARNESS=VTestHarness -DVERILATOR -include /opt/spechunter/chipyard-issue-715-repairv3/sims/verilator/generated-src/chipyard.TestHarness.SmallBoomConfig/chipyard.TestHarness.SmallBoomConfig.plusArgs -include /opt/spechunter/chipyard-issue-715-repairv3/sims/verilator/generated-src/chipyard.TestHarness.SmallBoomConfig/verilator.h -include /opt/spechunter/chipyard-issue-715-repairv3/sims/verilator/generated-src/chipyard.TestHarness.SmallBoomConfig/chipyard.TestHarness.SmallBoomConfig/VTestHarness.h  -DVL_THREADED -std=c++17 -Os -c -o VTestHarness___024root__DepSet_hcfd557fa__23.o VTestHarness___024root__DepSet_hcfd557fa__23.cpp
In file included from /opt/spechunter/chipyard-issue-715/.conda-env/share/verilator/include/verilated.h:35,
                 from /opt/spechunter/chipyard-issue-715/.conda-env/share/verilator/include/verilated_vcd_c.h:24,
                 from /opt/spechunter/chipyard-issue-715-repairv3/sims/verilator/generated-src/chipyard.TestHarness.SmallBoomConfig/verilator.h:4,
                 from <command-line>:
/opt/spechunter/chipyard-issue-715/.conda-env/share/verilator/include/verilatedos.h:291: warning: "__STDC_FORMAT_MACROS" redefined
  291 | #define __STDC_FORMAT_MACROS
      | 
<command-line>: note: this is the location of the previous definition
/opt/spechunter/chipyard-issue-715/.conda-env/bin/x86_64-conda-linux-gnu-c++  -I.  -MMD -I/opt/spechunter/chipyard-issue-715/.conda-env/share/verilator/include -I/opt/spechunter/chipyard-issue-715/.conda-env/share/verilator/include/vltstd -DVM_COVERAGE=0 -DVM_SC=0 -DVM_TRACE=0 -DVM_TRACE_FST=0 -DVM_TRACE_VCD=0 -faligned-new -fcf-protection=none -Wno-bool-operation -Wno-sign-compare -Wno-uninitialized -Wno-unused-but-set-variable -Wno-unused-parameter -Wno-unused-variable -Wno-shadow     -O3 -std=c++11 -I/opt/spechunter/chipyard-issue-715/.conda-env/riscv-tools/include -I/opt/spechunter/chipyard-issue-715-repairv3/tools/DRAMSim2 -I/opt/spechunter/chipyard-issue-715-repairv3/sims/verilator/generated-src/chipyard.TestHarness.SmallBoomConfig    -D__STDC_FORMAT_MACROS -DTEST_HARNESS=VTestHarness -DVERILATOR -include /opt/spechunter/chipyard-issue-715-repairv3/sims/verilator/generated-src/chipyard.TestHarness.SmallBoomConfig/chipyard.TestHarness.SmallBoomConfig.plusArgs -include /opt/spechunter/chipyard-issue-715-repairv3/sims/verilator/generated-src/chipyard.TestHarness.SmallBoomConfig/verilator.h -include /opt/spechunter/chipyard-issue-715-repairv3/sims/verilator/generated-src/chipyard.TestHarness.SmallBoomConfig/chipyard.TestHarness.SmallBoomConfig/VTestHarness.h  -DVL_THREADED -std=c++17 -Os -c -o VTestHarness___024root__DepSet_hcfd557fa__24.o VTestHarness___024root__DepSet_hcfd557fa__24.cpp
In file included from /opt/spechunter/chipyard-issue-715/.conda-env/share/verilator/include/verilated.h:35,
                 from /opt/spechunter/chipyard-issue-715/.conda-env/share/verilator/include/verilated_vcd_c.h:24,
                 from /opt/spechunter/chipyard-issue-715-repairv3/sims/verilator/generated-src/chipyard.TestHarness.SmallBoomConfig/verilator.h:4,
                 from <command-line>:
/opt/spechunter/chipyard-issue-715/.conda-env/share/verilator/include/verilatedos.h:291: warning: "__STDC_FORMAT_MACROS" redefined
  291 | #define __STDC_FORMAT_MACROS
      | 
<command-line>: note: this is the location of the previous definition
/opt/spechunter/chipyard-issue-715/.conda-env/bin/x86_64-conda-linux-gnu-c++  -I.  -MMD -I/opt/spechunter/chipyard-issue-715/.conda-env/share/verilator/include -I/opt/spechunter/chipyard-issue-715/.conda-env/share/verilator/include/vltstd -DVM_COVERAGE=0 -DVM_SC=0 -DVM_TRACE=0 -DVM_TRACE_FST=0 -DVM_TRACE_VCD=0 -faligned-new -fcf-protection=none -Wno-bool-operation -Wno-sign-compare -Wno-uninitialized -Wno-unused-but-set-variable -Wno-unused-parameter -Wno-unused-variable -Wno-shadow     -O3 -std=c++11 -I/opt/spechunter/chipyard-issue-715/.conda-env/riscv-tools/include -I/opt/spechunter/chipyard-issue-715-repairv3/tools/DRAMSim2 -I/opt/spechunter/chipyard-issue-715-repairv3/sims/verilator/generated-src/chipyard.TestHarness.SmallBoomConfig    -D__STDC_FORMAT_MACROS -DTEST_HARNESS=VTestHarness -DVERILATOR -include /opt/spechunter/chipyard-issue-715-repairv3/sims/verilator/generated-src/chipyard.TestHarness.SmallBoomConfig/chipyard.TestHarness.SmallBoomConfig.plusArgs -include /opt/spechunter/chipyard-issue-715-repairv3/sims/verilator/generated-src/chipyard.TestHarness.SmallBoomConfig/verilator.h -include /opt/spechunter/chipyard-issue-715-repairv3/sims/verilator/generated-src/chipyard.TestHarness.SmallBoomConfig/chipyard.TestHarness.SmallBoomConfig/VTestHarness.h  -DVL_THREADED -std=c++17 -Os -c -o VTestHarness___024root__DepSet_hcfd557fa__25.o VTestHarness___024root__DepSet_hcfd557fa__25.cpp
In file included from /opt/spechunter/chipyard-issue-715/.conda-env/share/verilator/include/verilated.h:35,
                 from /opt/spechunter/chipyard-issue-715/.conda-env/share/verilator/include/verilated_vcd_c.h:24,
                 from /opt/spechunter/chipyard-issue-715-repairv3/sims/verilator/generated-src/chipyard.TestHarness.SmallBoomConfig/verilator.h:4,
                 from <command-line>:
/opt/spechunter/chipyard-issue-715/.conda-env/share/verilator/include/verilatedos.h:291: warning: "__STDC_FORMAT_MACROS" redefined
  291 | #define __STDC_FORMAT_MACROS
      | 
<command-line>: note: this is the location of the previous definition
/opt/spechunter/chipyard-issue-715/.conda-env/bin/x86_64-conda-linux-gnu-c++  -I.  -MMD -I/opt/spechunter/chipyard-issue-715/.conda-env/share/verilator/include -I/opt/spechunter/chipyard-issue-715/.conda-env/share/verilator/include/vltstd -DVM_COVERAGE=0 -DVM_SC=0 -DVM_TRACE=0 -DVM_TRACE_FST=0 -DVM_TRACE_VCD=0 -faligned-new -fcf-protection=none -Wno-bool-operation -Wno-sign-compare -Wno-uninitialized -Wno-unused-but-set-variable -Wno-unused-parameter -Wno-unused-variable -Wno-shadow     -O3 -std=c++11 -I/opt/spechunter/chipyard-issue-715/.conda-env/riscv-tools/include -I/opt/spechunter/chipyard-issue-715-repairv3/tools/DRAMSim2 -I/opt/spechunter/chipyard-issue-715-repairv3/sims/verilator/generated-src/chipyard.TestHarness.SmallBoomConfig    -D__STDC_FORMAT_MACROS -DTEST_HARNESS=VTestHarness -DVERILATOR -include /opt/spechunter/chipyard-issue-715-repairv3/sims/verilator/generated-src/chipyard.TestHarness.SmallBoomConfig/chipyard.TestHarness.SmallBoomConfig.plusArgs -include /opt/spechunter/chipyard-issue-715-repairv3/sims/verilator/generated-src/chipyard.TestHarness.SmallBoomConfig/verilator.h -include /opt/spechunter/chipyard-issue-715-repairv3/sims/verilator/generated-src/chipyard.TestHarness.SmallBoomConfig/chipyard.TestHarness.SmallBoomConfig/VTestHarness.h  -DVL_THREADED -std=c++17 -Os -c -o VTestHarness___024root__DepSet_hcfd557fa__26.o VTestHarness___024root__DepSet_hcfd557fa__26.cpp
In file included from /opt/spechunter/chipyard-issue-715/.conda-env/share/verilator/include/verilated.h:35,
                 from /opt/spechunter/chipyard-issue-715/.conda-env/share/verilator/include/verilated_vcd_c.h:24,
                 from /opt/spechunter/chipyard-issue-715-repairv3/sims/verilator/generated-src/chipyard.TestHarness.SmallBoomConfig/verilator.h:4,
                 from <command-line>:
/opt/spechunter/chipyard-issue-715/.conda-env/share/verilator/include/verilatedos.h:291: warning: "__STDC_FORMAT_MACROS" redefined
  291 | #define __STDC_FORMAT_MACROS
      | 
<command-line>: note: this is the location of the previous definition
/opt/spechunter/chipyard-issue-715/.conda-env/bin/x86_64-conda-linux-gnu-c++  -I.  -MMD -I/opt/spechunter/chipyard-issue-715/.conda-env/share/verilator/include -I/opt/spechunter/chipyard-issue-715/.conda-env/share/verilator/include/vltstd -DVM_COVERAGE=0 -DVM_SC=0 -DVM_TRACE=0 -DVM_TRACE_FST=0 -DVM_TRACE_VCD=0 -faligned-new -fcf-protection=none -Wno-bool-operation -Wno-sign-compare -Wno-uninitialized -Wno-unused-but-set-variable -Wno-unused-parameter -Wno-unused-variable -Wno-shadow     -O3 -std=c++11 -I/opt/spechunter/chipyard-issue-715/.conda-env/riscv-tools/include -I/opt/spechunter/chipyard-issue-715-repairv3/tools/DRAMSim2 -I/opt/spechunter/chipyard-issue-715-repairv3/sims/verilator/generated-src/chipyard.TestHarness.SmallBoomConfig    -D__STDC_FORMAT_MACROS -DTEST_HARNESS=VTestHarness -DVERILATOR -include /opt/spechunter/chipyard-issue-715-repairv3/sims/verilator/generated-src/chipyard.TestHarness.SmallBoomConfig/chipyard.TestHarness.SmallBoomConfig.plusArgs -include /opt/spechunter/chipyard-issue-715-repairv3/sims/verilator/generated-src/chipyard.TestHarness.SmallBoomConfig/verilator.h -include /opt/spechunter/chipyard-issue-715-repairv3/sims/verilator/generated-src/chipyard.TestHarness.SmallBoomConfig/chipyard.TestHarness.SmallBoomConfig/VTestHarness.h  -DVL_THREADED -std=c++17 -Os -c -o VTestHarness___024root__DepSet_hcfd557fa__27.o VTestHarness___024root__DepSet_hcfd557fa__27.cpp
In file included from /opt/spechunter/chipyard-issue-715/.conda-env/share/verilator/include/verilated.h:35,
                 from /opt/spechunter/chipyard-issue-715/.conda-env/share/verilator/include/verilated_vcd_c.h:24,
                 from /opt/spechunter/chipyard-issue-715-repairv3/sims/verilator/generated-src/chipyard.TestHarness.SmallBoomConfig/verilator.h:4,
                 from <command-line>:
/opt/spechunter/chipyard-issue-715/.conda-env/share/verilator/include/verilatedos.h:291: warning: "__STDC_FORMAT_MACROS" redefined
  291 | #define __STDC_FORMAT_MACROS
      | 
<command-line>: note: this is the location of the previous definition
/opt/spechunter/chipyard-issue-715/.conda-env/bin/x86_64-conda-linux-gnu-c++  -I.  -MMD -I/opt/spechunter/chipyard-issue-715/.conda-env/share/verilator/include -I/opt/spechunter/chipyard-issue-715/.conda-env/share/verilator/include/vltstd -DVM_COVERAGE=0 -DVM_SC=0 -DVM_TRACE=0 -DVM_TRACE_FST=0 -DVM_TRACE_VCD=0 -faligned-new -fcf-protection=none -Wno-bool-operation -Wno-sign-compare -Wno-uninitialized -Wno-unused-but-set-variable -Wno-unused-parameter -Wno-unused-variable -Wno-shadow     -O3 -std=c++11 -I/opt/spechunter/chipyard-issue-715/.conda-env/riscv-tools/include -I/opt/spechunter/chipyard-issue-715-repairv3/tools/DRAMSim2 -I/opt/spechunter/chipyard-issue-715-repairv3/sims/verilator/generated-src/chipyard.TestHarness.SmallBoomConfig    -D__STDC_FORMAT_MACROS -DTEST_HARNESS=VTestHarness -DVERILATOR -include /opt/spechunter/chipyard-issue-715-repairv3/sims/verilator/generated-src/chipyard.TestHarness.SmallBoomConfig/chipyard.TestHarness.SmallBoomConfig.plusArgs -include /opt/spechunter/chipyard-issue-715-repairv3/sims/verilator/generated-src/chipyard.TestHarness.SmallBoomConfig/verilator.h -include /opt/spechunter/chipyard-issue-715-repairv3/sims/verilator/generated-src/chipyard.TestHarness.SmallBoomConfig/chipyard.TestHarness.SmallBoomConfig/VTestHarness.h  -DVL_THREADED -std=c++17 -Os -c -o VTestHarness___024root__DepSet_hcfd557fa__28.o VTestHarness___024root__DepSet_hcfd557fa__28.cpp
In file included from /opt/spechunter/chipyard-issue-715/.conda-env/share/verilator/include/verilated.h:35,
                 from /opt/spechunter/chipyard-issue-715/.conda-env/share/verilator/include/verilated_vcd_c.h:24,
                 from /opt/spechunter/chipyard-issue-715-repairv3/sims/verilator/generated-src/chipyard.TestHarness.SmallBoomConfig/verilator.h:4,
                 from <command-line>:
/opt/spechunter/chipyard-issue-715/.conda-env/share/verilator/include/verilatedos.h:291: warning: "__STDC_FORMAT_MACROS" redefined
  291 | #define __STDC_FORMAT_MACROS
      | 
<command-line>: note: this is the location of the previous definition
/opt/spechunter/chipyard-issue-715/.conda-env/bin/x86_64-conda-linux-gnu-c++  -I.  -MMD -I/opt/spechunter/chipyard-issue-715/.conda-env/share/verilator/include -I/opt/spechunter/chipyard-issue-715/.conda-env/share/verilator/include/vltstd -DVM_COVERAGE=0 -DVM_SC=0 -DVM_TRACE=0 -DVM_TRACE_FST=0 -DVM_TRACE_VCD=0 -faligned-new -fcf-protection=none -Wno-bool-operation -Wno-sign-compare -Wno-uninitialized -Wno-unused-but-set-variable -Wno-unused-parameter -Wno-unused-variable -Wno-shadow     -O3 -std=c++11 -I/opt/spechunter/chipyard-issue-715/.conda-env/riscv-tools/include -I/opt/spechunter/chipyard-issue-715-repairv3/tools/DRAMSim2 -I/opt/spechunter/chipyard-issue-715-repairv3/sims/verilator/generated-src/chipyard.TestHarness.SmallBoomConfig    -D__STDC_FORMAT_MACROS -DTEST_HARNESS=VTestHarness -DVERILATOR -include /opt/spechunter/chipyard-issue-715-repairv3/sims/verilator/generated-src/chipyard.TestHarness.SmallBoomConfig/chipyard.TestHarness.SmallBoomConfig.plusArgs -include /opt/spechunter/chipyard-issue-715-repairv3/sims/verilator/generated-src/chipyard.TestHarness.SmallBoomConfig/verilator.h -include /opt/spechunter/chipyard-issue-715-repairv3/sims/verilator/generated-src/chipyard.TestHarness.SmallBoomConfig/chipyard.TestHarness.SmallBoomConfig/VTestHarness.h  -DVL_THREADED -std=c++17 -Os -c -o VTestHarness___024root__DepSet_hcfd557fa__29.o VTestHarness___024root__DepSet_hcfd557fa__29.cpp
In file included from /opt/spechunter/chipyard-issue-715/.conda-env/share/verilator/include/verilated.h:35,
                 from /opt/spechunter/chipyard-issue-715/.conda-env/share/verilator/include/verilated_vcd_c.h:24,
                 from /opt/spechunter/chipyard-issue-715-repairv3/sims/verilator/generated-src/chipyard.TestHarness.SmallBoomConfig/verilator.h:4,
                 from <command-line>:
/opt/spechunter/chipyard-issue-715/.conda-env/share/verilator/include/verilatedos.h:291: warning: "__STDC_FORMAT_MACROS" redefined
  291 | #define __STDC_FORMAT_MACROS
      | 
<command-line>: note: this is the location of the previous definition
/opt/spechunter/chipyard-issue-715/.conda-env/bin/x86_64-conda-linux-gnu-c++  -I.  -MMD -I/opt/spechunter/chipyard-issue-715/.conda-env/share/verilator/include -I/opt/spechunter/chipyard-issue-715/.conda-env/share/verilator/include/vltstd -DVM_COVERAGE=0 -DVM_SC=0 -DVM_TRACE=0 -DVM_TRACE_FST=0 -DVM_TRACE_VCD=0 -faligned-new -fcf-protection=none -Wno-bool-operation -Wno-sign-compare -Wno-uninitialized -Wno-unused-but-set-variable -Wno-unused-parameter -Wno-unused-variable -Wno-shadow     -O3 -std=c++11 -I/opt/spechunter/chipyard-issue-715/.conda-env/riscv-tools/include -I/opt/spechunter/chipyard-issue-715-repairv3/tools/DRAMSim2 -I/opt/spechunter/chipyard-issue-715-repairv3/sims/verilator/generated-src/chipyard.TestHarness.SmallBoomConfig    -D__STDC_FORMAT_MACROS -DTEST_HARNESS=VTestHarness -DVERILATOR -include /opt/spechunter/chipyard-issue-715-repairv3/sims/verilator/generated-src/chipyard.TestHarness.SmallBoomConfig/chipyard.TestHarness.SmallBoomConfig.plusArgs -include /opt/spechunter/chipyard-issue-715-repairv3/sims/verilator/generated-src/chipyard.TestHarness.SmallBoomConfig/verilator.h -include /opt/spechunter/chipyard-issue-715-repairv3/sims/verilator/generated-src/chipyard.TestHarness.SmallBoomConfig/chipyard.TestHarness.SmallBoomConfig/VTestHarness.h  -DVL_THREADED -std=c++17 -Os -c -o VTestHarness___024root__DepSet_hcfd557fa__30.o VTestHarness___024root__DepSet_hcfd557fa__30.cpp
In file included from /opt/spechunter/chipyard-issue-715/.conda-env/share/verilator/include/verilated.h:35,
                 from /opt/spechunter/chipyard-issue-715/.conda-env/share/verilator/include/verilated_vcd_c.h:24,
                 from /opt/spechunter/chipyard-issue-715-repairv3/sims/verilator/generated-src/chipyard.TestHarness.SmallBoomConfig/verilator.h:4,
                 from <command-line>:
/opt/spechunter/chipyard-issue-715/.conda-env/share/verilator/include/verilatedos.h:291: warning: "__STDC_FORMAT_MACROS" redefined
  291 | #define __STDC_FORMAT_MACROS
      | 
<command-line>: note: this is the location of the previous definition
/opt/spechunter/chipyard-issue-715/.conda-env/bin/x86_64-conda-linux-gnu-c++  -I.  -MMD -I/opt/spechunter/chipyard-issue-715/.conda-env/share/verilator/include -I/opt/spechunter/chipyard-issue-715/.conda-env/share/verilator/include/vltstd -DVM_COVERAGE=0 -DVM_SC=0 -DVM_TRACE=0 -DVM_TRACE_FST=0 -DVM_TRACE_VCD=0 -faligned-new -fcf-protection=none -Wno-bool-operation -Wno-sign-compare -Wno-uninitialized -Wno-unused-but-set-variable -Wno-unused-parameter -Wno-unused-variable -Wno-shadow     -O3 -std=c++11 -I/opt/spechunter/chipyard-issue-715/.conda-env/riscv-tools/include -I/opt/spechunter/chipyard-issue-715-repairv3/tools/DRAMSim2 -I/opt/spechunter/chipyard-issue-715-repairv3/sims/verilator/generated-src/chipyard.TestHarness.SmallBoomConfig    -D__STDC_FORMAT_MACROS -DTEST_HARNESS=VTestHarness -DVERILATOR -include /opt/spechunter/chipyard-issue-715-repairv3/sims/verilator/generated-src/chipyard.TestHarness.SmallBoomConfig/chipyard.TestHarness.SmallBoomConfig.plusArgs -include /opt/spechunter/chipyard-issue-715-repairv3/sims/verilator/generated-src/chipyard.TestHarness.SmallBoomConfig/verilator.h -include /opt/spechunter/chipyard-issue-715-repairv3/sims/verilator/generated-src/chipyard.TestHarness.SmallBoomConfig/chipyard.TestHarness.SmallBoomConfig/VTestHarness.h  -DVL_THREADED -std=c++17 -Os -c -o VTestHarness___024root__DepSet_hcfd557fa__31.o VTestHarness___024root__DepSet_hcfd557fa__31.cpp
In file included from /opt/spechunter/chipyard-issue-715/.conda-env/share/verilator/include/verilated.h:35,
                 from /opt/spechunter/chipyard-issue-715/.conda-env/share/verilator/include/verilated_vcd_c.h:24,
                 from /opt/spechunter/chipyard-issue-715-repairv3/sims/verilator/generated-src/chipyard.TestHarness.SmallBoomConfig/verilator.h:4,
                 from <command-line>:
/opt/spechunter/chipyard-issue-715/.conda-env/share/verilator/include/verilatedos.h:291: warning: "__STDC_FORMAT_MACROS" redefined
  291 | #define __STDC_FORMAT_MACROS
      | 
<command-line>: note: this is the location of the previous definition
/opt/spechunter/chipyard-issue-715/.conda-env/bin/x86_64-conda-linux-gnu-c++  -I.  -MMD -I/opt/spechunter/chipyard-issue-715/.conda-env/share/verilator/include -I/opt/spechunter/chipyard-issue-715/.conda-env/share/verilator/include/vltstd -DVM_COVERAGE=0 -DVM_SC=0 -DVM_TRACE=0 -DVM_TRACE_FST=0 -DVM_TRACE_VCD=0 -faligned-new -fcf-protection=none -Wno-bool-operation -Wno-sign-compare -Wno-uninitialized -Wno-unused-but-set-variable -Wno-unused-parameter -Wno-unused-variable -Wno-shadow     -O3 -std=c++11 -I/opt/spechunter/chipyard-issue-715/.conda-env/riscv-tools/include -I/opt/spechunter/chipyard-issue-715-repairv3/tools/DRAMSim2 -I/opt/spechunter/chipyard-issue-715-repairv3/sims/verilator/generated-src/chipyard.TestHarness.SmallBoomConfig    -D__STDC_FORMAT_MACROS -DTEST_HARNESS=VTestHarness -DVERILATOR -include /opt/spechunter/chipyard-issue-715-repairv3/sims/verilator/generated-src/chipyard.TestHarness.SmallBoomConfig/chipyard.TestHarness.SmallBoomConfig.plusArgs -include /opt/spechunter/chipyard-issue-715-repairv3/sims/verilator/generated-src/chipyard.TestHarness.SmallBoomConfig/verilator.h -include /opt/spechunter/chipyard-issue-715-repairv3/sims/verilator/generated-src/chipyard.TestHarness.SmallBoomConfig/chipyard.TestHarness.SmallBoomConfig/VTestHarness.h  -DVL_THREADED -std=c++17 -Os -c -o VTestHarness___024root__DepSet_hcfd557fa__32.o VTestHarness___024root__DepSet_hcfd557fa__32.cpp
In file included from /opt/spechunter/chipyard-issue-715/.conda-env/share/verilator/include/verilated.h:35,
                 from /opt/spechunter/chipyard-issue-715/.conda-env/share/verilator/include/verilated_vcd_c.h:24,
                 from /opt/spechunter/chipyard-issue-715-repairv3/sims/verilator/generated-src/chipyard.TestHarness.SmallBoomConfig/verilator.h:4,
                 from <command-line>:
/opt/spechunter/chipyard-issue-715/.conda-env/share/verilator/include/verilatedos.h:291: warning: "__STDC_FORMAT_MACROS" redefined
  291 | #define __STDC_FORMAT_MACROS
      | 
<command-line>: note: this is the location of the previous definition
/opt/spechunter/chipyard-issue-715/.conda-env/bin/x86_64-conda-linux-gnu-c++  -I.  -MMD -I/opt/spechunter/chipyard-issue-715/.conda-env/share/verilator/include -I/opt/spechunter/chipyard-issue-715/.conda-env/share/verilator/include/vltstd -DVM_COVERAGE=0 -DVM_SC=0 -DVM_TRACE=0 -DVM_TRACE_FST=0 -DVM_TRACE_VCD=0 -faligned-new -fcf-protection=none -Wno-bool-operation -Wno-sign-compare -Wno-uninitialized -Wno-unused-but-set-variable -Wno-unused-parameter -Wno-unused-variable -Wno-shadow     -O3 -std=c++11 -I/opt/spechunter/chipyard-issue-715/.conda-env/riscv-tools/include -I/opt/spechunter/chipyard-issue-715-repairv3/tools/DRAMSim2 -I/opt/spechunter/chipyard-issue-715-repairv3/sims/verilator/generated-src/chipyard.TestHarness.SmallBoomConfig    -D__STDC_FORMAT_MACROS -DTEST_HARNESS=VTestHarness -DVERILATOR -include /opt/spechunter/chipyard-issue-715-repairv3/sims/verilator/generated-src/chipyard.TestHarness.SmallBoomConfig/chipyard.TestHarness.SmallBoomConfig.plusArgs -include /opt/spechunter/chipyard-issue-715-repairv3/sims/verilator/generated-src/chipyard.TestHarness.SmallBoomConfig/verilator.h -include /opt/spechunter/chipyard-issue-715-repairv3/sims/verilator/generated-src/chipyard.TestHarness.SmallBoomConfig/chipyard.TestHarness.SmallBoomConfig/VTestHarness.h  -DVL_THREADED -std=c++17 -Os -c -o VTestHarness___024root__DepSet_hcfd557fa__33.o VTestHarness___024root__DepSet_hcfd557fa__33.cpp
In file included from /opt/spechunter/chipyard-issue-715/.conda-env/share/verilator/include/verilated.h:35,
                 from /opt/spechunter/chipyard-issue-715/.conda-env/share/verilator/include/verilated_vcd_c.h:24,
                 from /opt/spechunter/chipyard-issue-715-repairv3/sims/verilator/generated-src/chipyard.TestHarness.SmallBoomConfig/verilator.h:4,
                 from <command-line>:
/opt/spechunter/chipyard-issue-715/.conda-env/share/verilator/include/verilatedos.h:291: warning: "__STDC_FORMAT_MACROS" redefined
  291 | #define __STDC_FORMAT_MACROS
      | 
<command-line>: note: this is the location of the previous definition
/opt/spechunter/chipyard-issue-715/.conda-env/bin/x86_64-conda-linux-gnu-c++  -I.  -MMD -I/opt/spechunter/chipyard-issue-715/.conda-env/share/verilator/include -I/opt/spechunter/chipyard-issue-715/.conda-env/share/verilator/include/vltstd -DVM_COVERAGE=0 -DVM_SC=0 -DVM_TRACE=0 -DVM_TRACE_FST=0 -DVM_TRACE_VCD=0 -faligned-new -fcf-protection=none -Wno-bool-operation -Wno-sign-compare -Wno-uninitialized -Wno-unused-but-set-variable -Wno-unused-parameter -Wno-unused-variable -Wno-shadow     -O3 -std=c++11 -I/opt/spechunter/chipyard-issue-715/.conda-env/riscv-tools/include -I/opt/spechunter/chipyard-issue-715-repairv3/tools/DRAMSim2 -I/opt/spechunter/chipyard-issue-715-repairv3/sims/verilator/generated-src/chipyard.TestHarness.SmallBoomConfig    -D__STDC_FORMAT_MACROS -DTEST_HARNESS=VTestHarness -DVERILATOR -include /opt/spechunter/chipyard-issue-715-repairv3/sims/verilator/generated-src/chipyard.TestHarness.SmallBoomConfig/chipyard.TestHarness.SmallBoomConfig.plusArgs -include /opt/spechunter/chipyard-issue-715-repairv3/sims/verilator/generated-src/chipyard.TestHarness.SmallBoomConfig/verilator.h -include /opt/spechunter/chipyard-issue-715-repairv3/sims/verilator/generated-src/chipyard.TestHarness.SmallBoomConfig/chipyard.TestHarness.SmallBoomConfig/VTestHarness.h  -DVL_THREADED -std=c++17 -Os -c -o VTestHarness___024root__DepSet_hcfd557fa__34.o VTestHarness___024root__DepSet_hcfd557fa__34.cpp
In file included from /opt/spechunter/chipyard-issue-715/.conda-env/share/verilator/include/verilated.h:35,
                 from /opt/spechunter/chipyard-issue-715/.conda-env/share/verilator/include/verilated_vcd_c.h:24,
                 from /opt/spechunter/chipyard-issue-715-repairv3/sims/verilator/generated-src/chipyard.TestHarness.SmallBoomConfig/verilator.h:4,
                 from <command-line>:
/opt/spechunter/chipyard-issue-715/.conda-env/share/verilator/include/verilatedos.h:291: warning: "__STDC_FORMAT_MACROS" redefined
  291 | #define __STDC_FORMAT_MACROS
      | 
<command-line>: note: this is the location of the previous definition
/opt/spechunter/chipyard-issue-715/.conda-env/bin/x86_64-conda-linux-gnu-c++  -I.  -MMD -I/opt/spechunter/chipyard-issue-715/.conda-env/share/verilator/include -I/opt/spechunter/chipyard-issue-715/.conda-env/share/verilator/include/vltstd -DVM_COVERAGE=0 -DVM_SC=0 -DVM_TRACE=0 -DVM_TRACE_FST=0 -DVM_TRACE_VCD=0 -faligned-new -fcf-protection=none -Wno-bool-operation -Wno-sign-compare -Wno-uninitialized -Wno-unused-but-set-variable -Wno-unused-parameter -Wno-unused-variable -Wno-shadow     -O3 -std=c++11 -I/opt/spechunter/chipyard-issue-715/.conda-env/riscv-tools/include -I/opt/spechunter/chipyard-issue-715-repairv3/tools/DRAMSim2 -I/opt/spechunter/chipyard-issue-715-repairv3/sims/verilator/generated-src/chipyard.TestHarness.SmallBoomConfig    -D__STDC_FORMAT_MACROS -DTEST_HARNESS=VTestHarness -DVERILATOR -include /opt/spechunter/chipyard-issue-715-repairv3/sims/verilator/generated-src/chipyard.TestHarness.SmallBoomConfig/chipyard.TestHarness.SmallBoomConfig.plusArgs -include /opt/spechunter/chipyard-issue-715-repairv3/sims/verilator/generated-src/chipyard.TestHarness.SmallBoomConfig/verilator.h -include /opt/spechunter/chipyard-issue-715-repairv3/sims/verilator/generated-src/chipyard.TestHarness.SmallBoomConfig/chipyard.TestHarness.SmallBoomConfig/VTestHarness.h  -DVL_THREADED -std=c++17 -Os -c -o VTestHarness___024root__DepSet_hcfd557fa__35.o VTestHarness___024root__DepSet_hcfd557fa__35.cpp
In file included from /opt/spechunter/chipyard-issue-715/.conda-env/share/verilator/include/verilated.h:35,
                 from /opt/spechunter/chipyard-issue-715/.conda-env/share/verilator/include/verilated_vcd_c.h:24,
                 from /opt/spechunter/chipyard-issue-715-repairv3/sims/verilator/generated-src/chipyard.TestHarness.SmallBoomConfig/verilator.h:4,
                 from <command-line>:
/opt/spechunter/chipyard-issue-715/.conda-env/share/verilator/include/verilatedos.h:291: warning: "__STDC_FORMAT_MACROS" redefined
  291 | #define __STDC_FORMAT_MACROS
      | 
<command-line>: note: this is the location of the previous definition
/opt/spechunter/chipyard-issue-715/.conda-env/bin/x86_64-conda-linux-gnu-c++  -I.  -MMD -I/opt/spechunter/chipyard-issue-715/.conda-env/share/verilator/include -I/opt/spechunter/chipyard-issue-715/.conda-env/share/verilator/include/vltstd -DVM_COVERAGE=0 -DVM_SC=0 -DVM_TRACE=0 -DVM_TRACE_FST=0 -DVM_TRACE_VCD=0 -faligned-new -fcf-protection=none -Wno-bool-operation -Wno-sign-compare -Wno-uninitialized -Wno-unused-but-set-variable -Wno-unused-parameter -Wno-unused-variable -Wno-shadow     -O3 -std=c++11 -I/opt/spechunter/chipyard-issue-715/.conda-env/riscv-tools/include -I/opt/spechunter/chipyard-issue-715-repairv3/tools/DRAMSim2 -I/opt/spechunter/chipyard-issue-715-repairv3/sims/verilator/generated-src/chipyard.TestHarness.SmallBoomConfig    -D__STDC_FORMAT_MACROS -DTEST_HARNESS=VTestHarness -DVERILATOR -include /opt/spechunter/chipyard-issue-715-repairv3/sims/verilator/generated-src/chipyard.TestHarness.SmallBoomConfig/chipyard.TestHarness.SmallBoomConfig.plusArgs -include /opt/spechunter/chipyard-issue-715-repairv3/sims/verilator/generated-src/chipyard.TestHarness.SmallBoomConfig/verilator.h -include /opt/spechunter/chipyard-issue-715-repairv3/sims/verilator/generated-src/chipyard.TestHarness.SmallBoomConfig/chipyard.TestHarness.SmallBoomConfig/VTestHarness.h  -DVL_THREADED -std=c++17 -Os -c -o VTestHarness___024root__DepSet_hcfd557fa__36.o VTestHarness___024root__DepSet_hcfd557fa__36.cpp
In file included from /opt/spechunter/chipyard-issue-715/.conda-env/share/verilator/include/verilated.h:35,
                 from /opt/spechunter/chipyard-issue-715/.conda-env/share/verilator/include/verilated_vcd_c.h:24,
                 from /opt/spechunter/chipyard-issue-715-repairv3/sims/verilator/generated-src/chipyard.TestHarness.SmallBoomConfig/verilator.h:4,
                 from <command-line>:
/opt/spechunter/chipyard-issue-715/.conda-env/share/verilator/include/verilatedos.h:291: warning: "__STDC_FORMAT_MACROS" redefined
  291 | #define __STDC_FORMAT_MACROS
      | 
<command-line>: note: this is the location of the previous definition
/opt/spechunter/chipyard-issue-715/.conda-env/bin/x86_64-conda-linux-gnu-c++  -I.  -MMD -I/opt/spechunter/chipyard-issue-715/.conda-env/share/verilator/include -I/opt/spechunter/chipyard-issue-715/.conda-env/share/verilator/include/vltstd -DVM_COVERAGE=0 -DVM_SC=0 -DVM_TRACE=0 -DVM_TRACE_FST=0 -DVM_TRACE_VCD=0 -faligned-new -fcf-protection=none -Wno-bool-operation -Wno-sign-compare -Wno-uninitialized -Wno-unused-but-set-variable -Wno-unused-parameter -Wno-unused-variable -Wno-shadow     -O3 -std=c++11 -I/opt/spechunter/chipyard-issue-715/.conda-env/riscv-tools/include -I/opt/spechunter/chipyard-issue-715-repairv3/tools/DRAMSim2 -I/opt/spechunter/chipyard-issue-715-repairv3/sims/verilator/generated-src/chipyard.TestHarness.SmallBoomConfig    -D__STDC_FORMAT_MACROS -DTEST_HARNESS=VTestHarness -DVERILATOR -include /opt/spechunter/chipyard-issue-715-repairv3/sims/verilator/generated-src/chipyard.TestHarness.SmallBoomConfig/chipyard.TestHarness.SmallBoomConfig.plusArgs -include /opt/spechunter/chipyard-issue-715-repairv3/sims/verilator/generated-src/chipyard.TestHarness.SmallBoomConfig/verilator.h -include /opt/spechunter/chipyard-issue-715-repairv3/sims/verilator/generated-src/chipyard.TestHarness.SmallBoomConfig/chipyard.TestHarness.SmallBoomConfig/VTestHarness.h  -DVL_THREADED -std=c++17 -Os -c -o VTestHarness___024root__DepSet_hcfd557fa__37.o VTestHarness___024root__DepSet_hcfd557fa__37.cpp
In file included from /opt/spechunter/chipyard-issue-715/.conda-env/share/verilator/include/verilated.h:35,
                 from /opt/spechunter/chipyard-issue-715/.conda-env/share/verilator/include/verilated_vcd_c.h:24,
                 from /opt/spechunter/chipyard-issue-715-repairv3/sims/verilator/generated-src/chipyard.TestHarness.SmallBoomConfig/verilator.h:4,
                 from <command-line>:
/opt/spechunter/chipyard-issue-715/.conda-env/share/verilator/include/verilatedos.h:291: warning: "__STDC_FORMAT_MACROS" redefined
  291 | #define __STDC_FORMAT_MACROS
      | 
<command-line>: note: this is the location of the previous definition
/opt/spechunter/chipyard-issue-715/.conda-env/bin/x86_64-conda-linux-gnu-c++  -I.  -MMD -I/opt/spechunter/chipyard-issue-715/.conda-env/share/verilator/include -I/opt/spechunter/chipyard-issue-715/.conda-env/share/verilator/include/vltstd -DVM_COVERAGE=0 -DVM_SC=0 -DVM_TRACE=0 -DVM_TRACE_FST=0 -DVM_TRACE_VCD=0 -faligned-new -fcf-protection=none -Wno-bool-operation -Wno-sign-compare -Wno-uninitialized -Wno-unused-but-set-variable -Wno-unused-parameter -Wno-unused-variable -Wno-shadow     -O3 -std=c++11 -I/opt/spechunter/chipyard-issue-715/.conda-env/riscv-tools/include -I/opt/spechunter/chipyard-issue-715-repairv3/tools/DRAMSim2 -I/opt/spechunter/chipyard-issue-715-repairv3/sims/verilator/generated-src/chipyard.TestHarness.SmallBoomConfig    -D__STDC_FORMAT_MACROS -DTEST_HARNESS=VTestHarness -DVERILATOR -include /opt/spechunter/chipyard-issue-715-repairv3/sims/verilator/generated-src/chipyard.TestHarness.SmallBoomConfig/chipyard.TestHarness.SmallBoomConfig.plusArgs -include /opt/spechunter/chipyard-issue-715-repairv3/sims/verilator/generated-src/chipyard.TestHarness.SmallBoomConfig/verilator.h -include /opt/spechunter/chipyard-issue-715-repairv3/sims/verilator/generated-src/chipyard.TestHarness.SmallBoomConfig/chipyard.TestHarness.SmallBoomConfig/VTestHarness.h  -DVL_THREADED -std=c++17 -Os -c -o VTestHarness___024root__DepSet_hcfd557fa__38.o VTestHarness___024root__DepSet_hcfd557fa__38.cpp
In file included from /opt/spechunter/chipyard-issue-715/.conda-env/share/verilator/include/verilated.h:35,
                 from /opt/spechunter/chipyard-issue-715/.conda-env/share/verilator/include/verilated_vcd_c.h:24,
                 from /opt/spechunter/chipyard-issue-715-repairv3/sims/verilator/generated-src/chipyard.TestHarness.SmallBoomConfig/verilator.h:4,
                 from <command-line>:
/opt/spechunter/chipyard-issue-715/.conda-env/share/verilator/include/verilatedos.h:291: warning: "__STDC_FORMAT_MACROS" redefined
  291 | #define __STDC_FORMAT_MACROS
      | 
<command-line>: note: this is the location of the previous definition
/opt/spechunter/chipyard-issue-715/.conda-env/bin/x86_64-conda-linux-gnu-c++  -I.  -MMD -I/opt/spechunter/chipyard-issue-715/.conda-env/share/verilator/include -I/opt/spechunter/chipyard-issue-715/.conda-env/share/verilator/include/vltstd -DVM_COVERAGE=0 -DVM_SC=0 -DVM_TRACE=0 -DVM_TRACE_FST=0 -DVM_TRACE_VCD=0 -faligned-new -fcf-protection=none -Wno-bool-operation -Wno-sign-compare -Wno-uninitialized -Wno-unused-but-set-variable -Wno-unused-parameter -Wno-unused-variable -Wno-shadow     -O3 -std=c++11 -I/opt/spechunter/chipyard-issue-715/.conda-env/riscv-tools/include -I/opt/spechunter/chipyard-issue-715-repairv3/tools/DRAMSim2 -I/opt/spechunter/chipyard-issue-715-repairv3/sims/verilator/generated-src/chipyard.TestHarness.SmallBoomConfig    -D__STDC_FORMAT_MACROS -DTEST_HARNESS=VTestHarness -DVERILATOR -include /opt/spechunter/chipyard-issue-715-repairv3/sims/verilator/generated-src/chipyard.TestHarness.SmallBoomConfig/chipyard.TestHarness.SmallBoomConfig.plusArgs -include /opt/spechunter/chipyard-issue-715-repairv3/sims/verilator/generated-src/chipyard.TestHarness.SmallBoomConfig/verilator.h -include /opt/spechunter/chipyard-issue-715-repairv3/sims/verilator/generated-src/chipyard.TestHarness.SmallBoomConfig/chipyard.TestHarness.SmallBoomConfig/VTestHarness.h  -DVL_THREADED -std=c++17 -Os -c -o VTestHarness___024root__DepSet_hcfd557fa__39.o VTestHarness___024root__DepSet_hcfd557fa__39.cpp
In file included from /opt/spechunter/chipyard-issue-715/.conda-env/share/verilator/include/verilated.h:35,
                 from /opt/spechunter/chipyard-issue-715/.conda-env/share/verilator/include/verilated_vcd_c.h:24,
                 from /opt/spechunter/chipyard-issue-715-repairv3/sims/verilator/generated-src/chipyard.TestHarness.SmallBoomConfig/verilator.h:4,
                 from <command-line>:
/opt/spechunter/chipyard-issue-715/.conda-env/share/verilator/include/verilatedos.h:291: warning: "__STDC_FORMAT_MACROS" redefined
  291 | #define __STDC_FORMAT_MACROS
      | 
<command-line>: note: this is the location of the previous definition
/opt/spechunter/chipyard-issue-715/.conda-env/bin/x86_64-conda-linux-gnu-c++  -I.  -MMD -I/opt/spechunter/chipyard-issue-715/.conda-env/share/verilator/include -I/opt/spechunter/chipyard-issue-715/.conda-env/share/verilator/include/vltstd -DVM_COVERAGE=0 -DVM_SC=0 -DVM_TRACE=0 -DVM_TRACE_FST=0 -DVM_TRACE_VCD=0 -faligned-new -fcf-protection=none -Wno-bool-operation -Wno-sign-compare -Wno-uninitialized -Wno-unused-but-set-variable -Wno-unused-parameter -Wno-unused-variable -Wno-shadow     -O3 -std=c++11 -I/opt/spechunter/chipyard-issue-715/.conda-env/riscv-tools/include -I/opt/spechunter/chipyard-issue-715-repairv3/tools/DRAMSim2 -I/opt/spechunter/chipyard-issue-715-repairv3/sims/verilator/generated-src/chipyard.TestHarness.SmallBoomConfig    -D__STDC_FORMAT_MACROS -DTEST_HARNESS=VTestHarness -DVERILATOR -include /opt/spechunter/chipyard-issue-715-repairv3/sims/verilator/generated-src/chipyard.TestHarness.SmallBoomConfig/chipyard.TestHarness.SmallBoomConfig.plusArgs -include /opt/spechunter/chipyard-issue-715-repairv3/sims/verilator/generated-src/chipyard.TestHarness.SmallBoomConfig/verilator.h -include /opt/spechunter/chipyard-issue-715-repairv3/sims/verilator/generated-src/chipyard.TestHarness.SmallBoomConfig/chipyard.TestHarness.SmallBoomConfig/VTestHarness.h  -DVL_THREADED -std=c++17 -Os -c -o VTestHarness___024root__DepSet_hcfd557fa__40.o VTestHarness___024root__DepSet_hcfd557fa__40.cpp
In file included from /opt/spechunter/chipyard-issue-715/.conda-env/share/verilator/include/verilated.h:35,
                 from /opt/spechunter/chipyard-issue-715/.conda-env/share/verilator/include/verilated_vcd_c.h:24,
                 from /opt/spechunter/chipyard-issue-715-repairv3/sims/verilator/generated-src/chipyard.TestHarness.SmallBoomConfig/verilator.h:4,
                 from <command-line>:
/opt/spechunter/chipyard-issue-715/.conda-env/share/verilator/include/verilatedos.h:291: warning: "__STDC_FORMAT_MACROS" redefined
  291 | #define __STDC_FORMAT_MACROS
      | 
<command-line>: note: this is the location of the previous definition
/opt/spechunter/chipyard-issue-715/.conda-env/bin/x86_64-conda-linux-gnu-c++  -I.  -MMD -I/opt/spechunter/chipyard-issue-715/.conda-env/share/verilator/include -I/opt/spechunter/chipyard-issue-715/.conda-env/share/verilator/include/vltstd -DVM_COVERAGE=0 -DVM_SC=0 -DVM_TRACE=0 -DVM_TRACE_FST=0 -DVM_TRACE_VCD=0 -faligned-new -fcf-protection=none -Wno-bool-operation -Wno-sign-compare -Wno-uninitialized -Wno-unused-but-set-variable -Wno-unused-parameter -Wno-unused-variable -Wno-shadow     -O3 -std=c++11 -I/opt/spechunter/chipyard-issue-715/.conda-env/riscv-tools/include -I/opt/spechunter/chipyard-issue-715-repairv3/tools/DRAMSim2 -I/opt/spechunter/chipyard-issue-715-repairv3/sims/verilator/generated-src/chipyard.TestHarness.SmallBoomConfig    -D__STDC_FORMAT_MACROS -DTEST_HARNESS=VTestHarness -DVERILATOR -include /opt/spechunter/chipyard-issue-715-repairv3/sims/verilator/generated-src/chipyard.TestHarness.SmallBoomConfig/chipyard.TestHarness.SmallBoomConfig.plusArgs -include /opt/spechunter/chipyard-issue-715-repairv3/sims/verilator/generated-src/chipyard.TestHarness.SmallBoomConfig/verilator.h -include /opt/spechunter/chipyard-issue-715-repairv3/sims/verilator/generated-src/chipyard.TestHarness.SmallBoomConfig/chipyard.TestHarness.SmallBoomConfig/VTestHarness.h  -DVL_THREADED -std=c++17 -Os -c -o VTestHarness___024root__DepSet_hcfd557fa__41.o VTestHarness___024root__DepSet_hcfd557fa__41.cpp
In file included from /opt/spechunter/chipyard-issue-715/.conda-env/share/verilator/include/verilated.h:35,
                 from /opt/spechunter/chipyard-issue-715/.conda-env/share/verilator/include/verilated_vcd_c.h:24,
                 from /opt/spechunter/chipyard-issue-715-repairv3/sims/verilator/generated-src/chipyard.TestHarness.SmallBoomConfig/verilator.h:4,
                 from <command-line>:
/opt/spechunter/chipyard-issue-715/.conda-env/share/verilator/include/verilatedos.h:291: warning: "__STDC_FORMAT_MACROS" redefined
  291 | #define __STDC_FORMAT_MACROS
      | 
<command-line>: note: this is the location of the previous definition
/opt/spechunter/chipyard-issue-715/.conda-env/bin/x86_64-conda-linux-gnu-c++  -I.  -MMD -I/opt/spechunter/chipyard-issue-715/.conda-env/share/verilator/include -I/opt/spechunter/chipyard-issue-715/.conda-env/share/verilator/include/vltstd -DVM_COVERAGE=0 -DVM_SC=0 -DVM_TRACE=0 -DVM_TRACE_FST=0 -DVM_TRACE_VCD=0 -faligned-new -fcf-protection=none -Wno-bool-operation -Wno-sign-compare -Wno-uninitialized -Wno-unused-but-set-variable -Wno-unused-parameter -Wno-unused-variable -Wno-shadow     -O3 -std=c++11 -I/opt/spechunter/chipyard-issue-715/.conda-env/riscv-tools/include -I/opt/spechunter/chipyard-issue-715-repairv3/tools/DRAMSim2 -I/opt/spechunter/chipyard-issue-715-repairv3/sims/verilator/generated-src/chipyard.TestHarness.SmallBoomConfig    -D__STDC_FORMAT_MACROS -DTEST_HARNESS=VTestHarness -DVERILATOR -include /opt/spechunter/chipyard-issue-715-repairv3/sims/verilator/generated-src/chipyard.TestHarness.SmallBoomConfig/chipyard.TestHarness.SmallBoomConfig.plusArgs -include /opt/spechunter/chipyard-issue-715-repairv3/sims/verilator/generated-src/chipyard.TestHarness.SmallBoomConfig/verilator.h -include /opt/spechunter/chipyard-issue-715-repairv3/sims/verilator/generated-src/chipyard.TestHarness.SmallBoomConfig/chipyard.TestHarness.SmallBoomConfig/VTestHarness.h  -DVL_THREADED -std=c++17 -Os -c -o VTestHarness___024root__DepSet_hcfd557fa__42.o VTestHarness___024root__DepSet_hcfd557fa__42.cpp
In file included from /opt/spechunter/chipyard-issue-715/.conda-env/share/verilator/include/verilated.h:35,
                 from /opt/spechunter/chipyard-issue-715/.conda-env/share/verilator/include/verilated_vcd_c.h:24,
                 from /opt/spechunter/chipyard-issue-715-repairv3/sims/verilator/generated-src/chipyard.TestHarness.SmallBoomConfig/verilator.h:4,
                 from <command-line>:
/opt/spechunter/chipyard-issue-715/.conda-env/share/verilator/include/verilatedos.h:291: warning: "__STDC_FORMAT_MACROS" redefined
  291 | #define __STDC_FORMAT_MACROS
      | 
<command-line>: note: this is the location of the previous definition
/opt/spechunter/chipyard-issue-715/.conda-env/bin/x86_64-conda-linux-gnu-c++  -I.  -MMD -I/opt/spechunter/chipyard-issue-715/.conda-env/share/verilator/include -I/opt/spechunter/chipyard-issue-715/.conda-env/share/verilator/include/vltstd -DVM_COVERAGE=0 -DVM_SC=0 -DVM_TRACE=0 -DVM_TRACE_FST=0 -DVM_TRACE_VCD=0 -faligned-new -fcf-protection=none -Wno-bool-operation -Wno-sign-compare -Wno-uninitialized -Wno-unused-but-set-variable -Wno-unused-parameter -Wno-unused-variable -Wno-shadow     -O3 -std=c++11 -I/opt/spechunter/chipyard-issue-715/.conda-env/riscv-tools/include -I/opt/spechunter/chipyard-issue-715-repairv3/tools/DRAMSim2 -I/opt/spechunter/chipyard-issue-715-repairv3/sims/verilator/generated-src/chipyard.TestHarness.SmallBoomConfig    -D__STDC_FORMAT_MACROS -DTEST_HARNESS=VTestHarness -DVERILATOR -include /opt/spechunter/chipyard-issue-715-repairv3/sims/verilator/generated-src/chipyard.TestHarness.SmallBoomConfig/chipyard.TestHarness.SmallBoomConfig.plusArgs -include /opt/spechunter/chipyard-issue-715-repairv3/sims/verilator/generated-src/chipyard.TestHarness.SmallBoomConfig/verilator.h -include /opt/spechunter/chipyard-issue-715-repairv3/sims/verilator/generated-src/chipyard.TestHarness.SmallBoomConfig/chipyard.TestHarness.SmallBoomConfig/VTestHarness.h  -DVL_THREADED -std=c++17 -Os -c -o VTestHarness___024root__DepSet_hcfd557fa__43.o VTestHarness___024root__DepSet_hcfd557fa__43.cpp
In file included from /opt/spechunter/chipyard-issue-715/.conda-env/share/verilator/include/verilated.h:35,
                 from /opt/spechunter/chipyard-issue-715/.conda-env/share/verilator/include/verilated_vcd_c.h:24,
                 from /opt/spechunter/chipyard-issue-715-repairv3/sims/verilator/generated-src/chipyard.TestHarness.SmallBoomConfig/verilator.h:4,
                 from <command-line>:
/opt/spechunter/chipyard-issue-715/.conda-env/share/verilator/include/verilatedos.h:291: warning: "__STDC_FORMAT_MACROS" redefined
  291 | #define __STDC_FORMAT_MACROS
      | 
<command-line>: note: this is the location of the previous definition
/opt/spechunter/chipyard-issue-715/.conda-env/bin/x86_64-conda-linux-gnu-c++  -I.  -MMD -I/opt/spechunter/chipyard-issue-715/.conda-env/share/verilator/include -I/opt/spechunter/chipyard-issue-715/.conda-env/share/verilator/include/vltstd -DVM_COVERAGE=0 -DVM_SC=0 -DVM_TRACE=0 -DVM_TRACE_FST=0 -DVM_TRACE_VCD=0 -faligned-new -fcf-protection=none -Wno-bool-operation -Wno-sign-compare -Wno-uninitialized -Wno-unused-but-set-variable -Wno-unused-parameter -Wno-unused-variable -Wno-shadow     -O3 -std=c++11 -I/opt/spechunter/chipyard-issue-715/.conda-env/riscv-tools/include -I/opt/spechunter/chipyard-issue-715-repairv3/tools/DRAMSim2 -I/opt/spechunter/chipyard-issue-715-repairv3/sims/verilator/generated-src/chipyard.TestHarness.SmallBoomConfig    -D__STDC_FORMAT_MACROS -DTEST_HARNESS=VTestHarness -DVERILATOR -include /opt/spechunter/chipyard-issue-715-repairv3/sims/verilator/generated-src/chipyard.TestHarness.SmallBoomConfig/chipyard.TestHarness.SmallBoomConfig.plusArgs -include /opt/spechunter/chipyard-issue-715-repairv3/sims/verilator/generated-src/chipyard.TestHarness.SmallBoomConfig/verilator.h -include /opt/spechunter/chipyard-issue-715-repairv3/sims/verilator/generated-src/chipyard.TestHarness.SmallBoomConfig/chipyard.TestHarness.SmallBoomConfig/VTestHarness.h  -DVL_THREADED -std=c++17 -Os -c -o VTestHarness___024root__DepSet_hcfd557fa__44.o VTestHarness___024root__DepSet_hcfd557fa__44.cpp
In file included from /opt/spechunter/chipyard-issue-715/.conda-env/share/verilator/include/verilated.h:35,
                 from /opt/spechunter/chipyard-issue-715/.conda-env/share/verilator/include/verilated_vcd_c.h:24,
                 from /opt/spechunter/chipyard-issue-715-repairv3/sims/verilator/generated-src/chipyard.TestHarness.SmallBoomConfig/verilator.h:4,
                 from <command-line>:
/opt/spechunter/chipyard-issue-715/.conda-env/share/verilator/include/verilatedos.h:291: warning: "__STDC_FORMAT_MACROS" redefined
  291 | #define __STDC_FORMAT_MACROS
      | 
<command-line>: note: this is the location of the previous definition
/opt/spechunter/chipyard-issue-715/.conda-env/bin/x86_64-conda-linux-gnu-c++  -I.  -MMD -I/opt/spechunter/chipyard-issue-715/.conda-env/share/verilator/include -I/opt/spechunter/chipyard-issue-715/.conda-env/share/verilator/include/vltstd -DVM_COVERAGE=0 -DVM_SC=0 -DVM_TRACE=0 -DVM_TRACE_FST=0 -DVM_TRACE_VCD=0 -faligned-new -fcf-protection=none -Wno-bool-operation -Wno-sign-compare -Wno-uninitialized -Wno-unused-but-set-variable -Wno-unused-parameter -Wno-unused-variable -Wno-shadow     -O3 -std=c++11 -I/opt/spechunter/chipyard-issue-715/.conda-env/riscv-tools/include -I/opt/spechunter/chipyard-issue-715-repairv3/tools/DRAMSim2 -I/opt/spechunter/chipyard-issue-715-repairv3/sims/verilator/generated-src/chipyard.TestHarness.SmallBoomConfig    -D__STDC_FORMAT_MACROS -DTEST_HARNESS=VTestHarness -DVERILATOR -include /opt/spechunter/chipyard-issue-715-repairv3/sims/verilator/generated-src/chipyard.TestHarness.SmallBoomConfig/chipyard.TestHarness.SmallBoomConfig.plusArgs -include /opt/spechunter/chipyard-issue-715-repairv3/sims/verilator/generated-src/chipyard.TestHarness.SmallBoomConfig/verilator.h -include /opt/spechunter/chipyard-issue-715-repairv3/sims/verilator/generated-src/chipyard.TestHarness.SmallBoomConfig/chipyard.TestHarness.SmallBoomConfig/VTestHarness.h  -DVL_THREADED -std=c++17 -Os -c -o VTestHarness___024root__DepSet_hcfd557fa__45.o VTestHarness___024root__DepSet_hcfd557fa__45.cpp
In file included from /opt/spechunter/chipyard-issue-715/.conda-env/share/verilator/include/verilated.h:35,
                 from /opt/spechunter/chipyard-issue-715/.conda-env/share/verilator/include/verilated_vcd_c.h:24,
                 from /opt/spechunter/chipyard-issue-715-repairv3/sims/verilator/generated-src/chipyard.TestHarness.SmallBoomConfig/verilator.h:4,
                 from <command-line>:
/opt/spechunter/chipyard-issue-715/.conda-env/share/verilator/include/verilatedos.h:291: warning: "__STDC_FORMAT_MACROS" redefined
  291 | #define __STDC_FORMAT_MACROS
      | 
<command-line>: note: this is the location of the previous definition
/opt/spechunter/chipyard-issue-715/.conda-env/bin/x86_64-conda-linux-gnu-c++  -I.  -MMD -I/opt/spechunter/chipyard-issue-715/.conda-env/share/verilator/include -I/opt/spechunter/chipyard-issue-715/.conda-env/share/verilator/include/vltstd -DVM_COVERAGE=0 -DVM_SC=0 -DVM_TRACE=0 -DVM_TRACE_FST=0 -DVM_TRACE_VCD=0 -faligned-new -fcf-protection=none -Wno-bool-operation -Wno-sign-compare -Wno-uninitialized -Wno-unused-but-set-variable -Wno-unused-parameter -Wno-unused-variable -Wno-shadow     -O3 -std=c++11 -I/opt/spechunter/chipyard-issue-715/.conda-env/riscv-tools/include -I/opt/spechunter/chipyard-issue-715-repairv3/tools/DRAMSim2 -I/opt/spechunter/chipyard-issue-715-repairv3/sims/verilator/generated-src/chipyard.TestHarness.SmallBoomConfig    -D__STDC_FORMAT_MACROS -DTEST_HARNESS=VTestHarness -DVERILATOR -include /opt/spechunter/chipyard-issue-715-repairv3/sims/verilator/generated-src/chipyard.TestHarness.SmallBoomConfig/chipyard.TestHarness.SmallBoomConfig.plusArgs -include /opt/spechunter/chipyard-issue-715-repairv3/sims/verilator/generated-src/chipyard.TestHarness.SmallBoomConfig/verilator.h -include /opt/spechunter/chipyard-issue-715-repairv3/sims/verilator/generated-src/chipyard.TestHarness.SmallBoomConfig/chipyard.TestHarness.SmallBoomConfig/VTestHarness.h  -DVL_THREADED -std=c++17 -Os -c -o VTestHarness___024root__DepSet_hcfd557fa__46.o VTestHarness___024root__DepSet_hcfd557fa__46.cpp
In file included from /opt/spechunter/chipyard-issue-715/.conda-env/share/verilator/include/verilated.h:35,
                 from /opt/spechunter/chipyard-issue-715/.conda-env/share/verilator/include/verilated_vcd_c.h:24,
                 from /opt/spechunter/chipyard-issue-715-repairv3/sims/verilator/generated-src/chipyard.TestHarness.SmallBoomConfig/verilator.h:4,
                 from <command-line>:
/opt/spechunter/chipyard-issue-715/.conda-env/share/verilator/include/verilatedos.h:291: warning: "__STDC_FORMAT_MACROS" redefined
  291 | #define __STDC_FORMAT_MACROS
      | 
<command-line>: note: this is the location of the previous definition
/opt/spechunter/chipyard-issue-715/.conda-env/bin/x86_64-conda-linux-gnu-c++  -I.  -MMD -I/opt/spechunter/chipyard-issue-715/.conda-env/share/verilator/include -I/opt/spechunter/chipyard-issue-715/.conda-env/share/verilator/include/vltstd -DVM_COVERAGE=0 -DVM_SC=0 -DVM_TRACE=0 -DVM_TRACE_FST=0 -DVM_TRACE_VCD=0 -faligned-new -fcf-protection=none -Wno-bool-operation -Wno-sign-compare -Wno-uninitialized -Wno-unused-but-set-variable -Wno-unused-parameter -Wno-unused-variable -Wno-shadow     -O3 -std=c++11 -I/opt/spechunter/chipyard-issue-715/.conda-env/riscv-tools/include -I/opt/spechunter/chipyard-issue-715-repairv3/tools/DRAMSim2 -I/opt/spechunter/chipyard-issue-715-repairv3/sims/verilator/generated-src/chipyard.TestHarness.SmallBoomConfig    -D__STDC_FORMAT_MACROS -DTEST_HARNESS=VTestHarness -DVERILATOR -include /opt/spechunter/chipyard-issue-715-repairv3/sims/verilator/generated-src/chipyard.TestHarness.SmallBoomConfig/chipyard.TestHarness.SmallBoomConfig.plusArgs -include /opt/spechunter/chipyard-issue-715-repairv3/sims/verilator/generated-src/chipyard.TestHarness.SmallBoomConfig/verilator.h -include /opt/spechunter/chipyard-issue-715-repairv3/sims/verilator/generated-src/chipyard.TestHarness.SmallBoomConfig/chipyard.TestHarness.SmallBoomConfig/VTestHarness.h  -DVL_THREADED -std=c++17 -Os -c -o VTestHarness___024root__DepSet_hcfd557fa__47.o VTestHarness___024root__DepSet_hcfd557fa__47.cpp
In file included from /opt/spechunter/chipyard-issue-715/.conda-env/share/verilator/include/verilated.h:35,
                 from /opt/spechunter/chipyard-issue-715/.conda-env/share/verilator/include/verilated_vcd_c.h:24,
                 from /opt/spechunter/chipyard-issue-715-repairv3/sims/verilator/generated-src/chipyard.TestHarness.SmallBoomConfig/verilator.h:4,
                 from <command-line>:
/opt/spechunter/chipyard-issue-715/.conda-env/share/verilator/include/verilatedos.h:291: warning: "__STDC_FORMAT_MACROS" redefined
  291 | #define __STDC_FORMAT_MACROS
      | 
<command-line>: note: this is the location of the previous definition
/opt/spechunter/chipyard-issue-715/.conda-env/bin/x86_64-conda-linux-gnu-c++  -I.  -MMD -I/opt/spechunter/chipyard-issue-715/.conda-env/share/verilator/include -I/opt/spechunter/chipyard-issue-715/.conda-env/share/verilator/include/vltstd -DVM_COVERAGE=0 -DVM_SC=0 -DVM_TRACE=0 -DVM_TRACE_FST=0 -DVM_TRACE_VCD=0 -faligned-new -fcf-protection=none -Wno-bool-operation -Wno-sign-compare -Wno-uninitialized -Wno-unused-but-set-variable -Wno-unused-parameter -Wno-unused-variable -Wno-shadow     -O3 -std=c++11 -I/opt/spechunter/chipyard-issue-715/.conda-env/riscv-tools/include -I/opt/spechunter/chipyard-issue-715-repairv3/tools/DRAMSim2 -I/opt/spechunter/chipyard-issue-715-repairv3/sims/verilator/generated-src/chipyard.TestHarness.SmallBoomConfig    -D__STDC_FORMAT_MACROS -DTEST_HARNESS=VTestHarness -DVERILATOR -include /opt/spechunter/chipyard-issue-715-repairv3/sims/verilator/generated-src/chipyard.TestHarness.SmallBoomConfig/chipyard.TestHarness.SmallBoomConfig.plusArgs -include /opt/spechunter/chipyard-issue-715-repairv3/sims/verilator/generated-src/chipyard.TestHarness.SmallBoomConfig/verilator.h -include /opt/spechunter/chipyard-issue-715-repairv3/sims/verilator/generated-src/chipyard.TestHarness.SmallBoomConfig/chipyard.TestHarness.SmallBoomConfig/VTestHarness.h  -DVL_THREADED -std=c++17 -Os -c -o VTestHarness___024root__DepSet_hcfd557fa__48.o VTestHarness___024root__DepSet_hcfd557fa__48.cpp
In file included from /opt/spechunter/chipyard-issue-715/.conda-env/share/verilator/include/verilated.h:35,
                 from /opt/spechunter/chipyard-issue-715/.conda-env/share/verilator/include/verilated_vcd_c.h:24,
                 from /opt/spechunter/chipyard-issue-715-repairv3/sims/verilator/generated-src/chipyard.TestHarness.SmallBoomConfig/verilator.h:4,
                 from <command-line>:
/opt/spechunter/chipyard-issue-715/.conda-env/share/verilator/include/verilatedos.h:291: warning: "__STDC_FORMAT_MACROS" redefined
  291 | #define __STDC_FORMAT_MACROS
      | 
<command-line>: note: this is the location of the previous definition
/opt/spechunter/chipyard-issue-715/.conda-env/bin/x86_64-conda-linux-gnu-c++  -I.  -MMD -I/opt/spechunter/chipyard-issue-715/.conda-env/share/verilator/include -I/opt/spechunter/chipyard-issue-715/.conda-env/share/verilator/include/vltstd -DVM_COVERAGE=0 -DVM_SC=0 -DVM_TRACE=0 -DVM_TRACE_FST=0 -DVM_TRACE_VCD=0 -faligned-new -fcf-protection=none -Wno-bool-operation -Wno-sign-compare -Wno-uninitialized -Wno-unused-but-set-variable -Wno-unused-parameter -Wno-unused-variable -Wno-shadow     -O3 -std=c++11 -I/opt/spechunter/chipyard-issue-715/.conda-env/riscv-tools/include -I/opt/spechunter/chipyard-issue-715-repairv3/tools/DRAMSim2 -I/opt/spechunter/chipyard-issue-715-repairv3/sims/verilator/generated-src/chipyard.TestHarness.SmallBoomConfig    -D__STDC_FORMAT_MACROS -DTEST_HARNESS=VTestHarness -DVERILATOR -include /opt/spechunter/chipyard-issue-715-repairv3/sims/verilator/generated-src/chipyard.TestHarness.SmallBoomConfig/chipyard.TestHarness.SmallBoomConfig.plusArgs -include /opt/spechunter/chipyard-issue-715-repairv3/sims/verilator/generated-src/chipyard.TestHarness.SmallBoomConfig/verilator.h -include /opt/spechunter/chipyard-issue-715-repairv3/sims/verilator/generated-src/chipyard.TestHarness.SmallBoomConfig/chipyard.TestHarness.SmallBoomConfig/VTestHarness.h  -DVL_THREADED -std=c++17 -Os -c -o VTestHarness___024root__DepSet_hcfd557fa__49.o VTestHarness___024root__DepSet_hcfd557fa__49.cpp
In file included from /opt/spechunter/chipyard-issue-715/.conda-env/share/verilator/include/verilated.h:35,
                 from /opt/spechunter/chipyard-issue-715/.conda-env/share/verilator/include/verilated_vcd_c.h:24,
                 from /opt/spechunter/chipyard-issue-715-repairv3/sims/verilator/generated-src/chipyard.TestHarness.SmallBoomConfig/verilator.h:4,
                 from <command-line>:
/opt/spechunter/chipyard-issue-715/.conda-env/share/verilator/include/verilatedos.h:291: warning: "__STDC_FORMAT_MACROS" redefined
  291 | #define __STDC_FORMAT_MACROS
      | 
<command-line>: note: this is the location of the previous definition
/opt/spechunter/chipyard-issue-715/.conda-env/bin/x86_64-conda-linux-gnu-c++  -I.  -MMD -I/opt/spechunter/chipyard-issue-715/.conda-env/share/verilator/include -I/opt/spechunter/chipyard-issue-715/.conda-env/share/verilator/include/vltstd -DVM_COVERAGE=0 -DVM_SC=0 -DVM_TRACE=0 -DVM_TRACE_FST=0 -DVM_TRACE_VCD=0 -faligned-new -fcf-protection=none -Wno-bool-operation -Wno-sign-compare -Wno-uninitialized -Wno-unused-but-set-variable -Wno-unused-parameter -Wno-unused-variable -Wno-shadow     -O3 -std=c++11 -I/opt/spechunter/chipyard-issue-715/.conda-env/riscv-tools/include -I/opt/spechunter/chipyard-issue-715-repairv3/tools/DRAMSim2 -I/opt/spechunter/chipyard-issue-715-repairv3/sims/verilator/generated-src/chipyard.TestHarness.SmallBoomConfig    -D__STDC_FORMAT_MACROS -DTEST_HARNESS=VTestHarness -DVERILATOR -include /opt/spechunter/chipyard-issue-715-repairv3/sims/verilator/generated-src/chipyard.TestHarness.SmallBoomConfig/chipyard.TestHarness.SmallBoomConfig.plusArgs -include /opt/spechunter/chipyard-issue-715-repairv3/sims/verilator/generated-src/chipyard.TestHarness.SmallBoomConfig/verilator.h -include /opt/spechunter/chipyard-issue-715-repairv3/sims/verilator/generated-src/chipyard.TestHarness.SmallBoomConfig/chipyard.TestHarness.SmallBoomConfig/VTestHarness.h  -DVL_THREADED -std=c++17 -Os -c -o VTestHarness___024root__DepSet_hcfd557fa__50.o VTestHarness___024root__DepSet_hcfd557fa__50.cpp
In file included from /opt/spechunter/chipyard-issue-715/.conda-env/share/verilator/include/verilated.h:35,
                 from /opt/spechunter/chipyard-issue-715/.conda-env/share/verilator/include/verilated_vcd_c.h:24,
                 from /opt/spechunter/chipyard-issue-715-repairv3/sims/verilator/generated-src/chipyard.TestHarness.SmallBoomConfig/verilator.h:4,
                 from <command-line>:
/opt/spechunter/chipyard-issue-715/.conda-env/share/verilator/include/verilatedos.h:291: warning: "__STDC_FORMAT_MACROS" redefined
  291 | #define __STDC_FORMAT_MACROS
      | 
<command-line>: note: this is the location of the previous definition
/opt/spechunter/chipyard-issue-715/.conda-env/bin/x86_64-conda-linux-gnu-c++  -I.  -MMD -I/opt/spechunter/chipyard-issue-715/.conda-env/share/verilator/include -I/opt/spechunter/chipyard-issue-715/.conda-env/share/verilator/include/vltstd -DVM_COVERAGE=0 -DVM_SC=0 -DVM_TRACE=0 -DVM_TRACE_FST=0 -DVM_TRACE_VCD=0 -faligned-new -fcf-protection=none -Wno-bool-operation -Wno-sign-compare -Wno-uninitialized -Wno-unused-but-set-variable -Wno-unused-parameter -Wno-unused-variable -Wno-shadow     -O3 -std=c++11 -I/opt/spechunter/chipyard-issue-715/.conda-env/riscv-tools/include -I/opt/spechunter/chipyard-issue-715-repairv3/tools/DRAMSim2 -I/opt/spechunter/chipyard-issue-715-repairv3/sims/verilator/generated-src/chipyard.TestHarness.SmallBoomConfig    -D__STDC_FORMAT_MACROS -DTEST_HARNESS=VTestHarness -DVERILATOR -include /opt/spechunter/chipyard-issue-715-repairv3/sims/verilator/generated-src/chipyard.TestHarness.SmallBoomConfig/chipyard.TestHarness.SmallBoomConfig.plusArgs -include /opt/spechunter/chipyard-issue-715-repairv3/sims/verilator/generated-src/chipyard.TestHarness.SmallBoomConfig/verilator.h -include /opt/spechunter/chipyard-issue-715-repairv3/sims/verilator/generated-src/chipyard.TestHarness.SmallBoomConfig/chipyard.TestHarness.SmallBoomConfig/VTestHarness.h  -DVL_THREADED -std=c++17 -Os -c -o VTestHarness___024root__DepSet_hcfd557fa__51.o VTestHarness___024root__DepSet_hcfd557fa__51.cpp
In file included from /opt/spechunter/chipyard-issue-715/.conda-env/share/verilator/include/verilated.h:35,
                 from /opt/spechunter/chipyard-issue-715/.conda-env/share/verilator/include/verilated_vcd_c.h:24,
                 from /opt/spechunter/chipyard-issue-715-repairv3/sims/verilator/generated-src/chipyard.TestHarness.SmallBoomConfig/verilator.h:4,
                 from <command-line>:
/opt/spechunter/chipyard-issue-715/.conda-env/share/verilator/include/verilatedos.h:291: warning: "__STDC_FORMAT_MACROS" redefined
  291 | #define __STDC_FORMAT_MACROS
      | 
<command-line>: note: this is the location of the previous definition
/opt/spechunter/chipyard-issue-715/.conda-env/bin/x86_64-conda-linux-gnu-c++  -I.  -MMD -I/opt/spechunter/chipyard-issue-715/.conda-env/share/verilator/include -I/opt/spechunter/chipyard-issue-715/.conda-env/share/verilator/include/vltstd -DVM_COVERAGE=0 -DVM_SC=0 -DVM_TRACE=0 -DVM_TRACE_FST=0 -DVM_TRACE_VCD=0 -faligned-new -fcf-protection=none -Wno-bool-operation -Wno-sign-compare -Wno-uninitialized -Wno-unused-but-set-variable -Wno-unused-parameter -Wno-unused-variable -Wno-shadow     -O3 -std=c++11 -I/opt/spechunter/chipyard-issue-715/.conda-env/riscv-tools/include -I/opt/spechunter/chipyard-issue-715-repairv3/tools/DRAMSim2 -I/opt/spechunter/chipyard-issue-715-repairv3/sims/verilator/generated-src/chipyard.TestHarness.SmallBoomConfig    -D__STDC_FORMAT_MACROS -DTEST_HARNESS=VTestHarness -DVERILATOR -include /opt/spechunter/chipyard-issue-715-repairv3/sims/verilator/generated-src/chipyard.TestHarness.SmallBoomConfig/chipyard.TestHarness.SmallBoomConfig.plusArgs -include /opt/spechunter/chipyard-issue-715-repairv3/sims/verilator/generated-src/chipyard.TestHarness.SmallBoomConfig/verilator.h -include /opt/spechunter/chipyard-issue-715-repairv3/sims/verilator/generated-src/chipyard.TestHarness.SmallBoomConfig/chipyard.TestHarness.SmallBoomConfig/VTestHarness.h  -DVL_THREADED -std=c++17 -Os -c -o VTestHarness___024root__DepSet_hcfd557fa__52.o VTestHarness___024root__DepSet_hcfd557fa__52.cpp
In file included from /opt/spechunter/chipyard-issue-715/.conda-env/share/verilator/include/verilated.h:35,
                 from /opt/spechunter/chipyard-issue-715/.conda-env/share/verilator/include/verilated_vcd_c.h:24,
                 from /opt/spechunter/chipyard-issue-715-repairv3/sims/verilator/generated-src/chipyard.TestHarness.SmallBoomConfig/verilator.h:4,
                 from <command-line>:
/opt/spechunter/chipyard-issue-715/.conda-env/share/verilator/include/verilatedos.h:291: warning: "__STDC_FORMAT_MACROS" redefined
  291 | #define __STDC_FORMAT_MACROS
      | 
<command-line>: note: this is the location of the previous definition
/opt/spechunter/chipyard-issue-715/.conda-env/bin/x86_64-conda-linux-gnu-c++  -I.  -MMD -I/opt/spechunter/chipyard-issue-715/.conda-env/share/verilator/include -I/opt/spechunter/chipyard-issue-715/.conda-env/share/verilator/include/vltstd -DVM_COVERAGE=0 -DVM_SC=0 -DVM_TRACE=0 -DVM_TRACE_FST=0 -DVM_TRACE_VCD=0 -faligned-new -fcf-protection=none -Wno-bool-operation -Wno-sign-compare -Wno-uninitialized -Wno-unused-but-set-variable -Wno-unused-parameter -Wno-unused-variable -Wno-shadow     -O3 -std=c++11 -I/opt/spechunter/chipyard-issue-715/.conda-env/riscv-tools/include -I/opt/spechunter/chipyard-issue-715-repairv3/tools/DRAMSim2 -I/opt/spechunter/chipyard-issue-715-repairv3/sims/verilator/generated-src/chipyard.TestHarness.SmallBoomConfig    -D__STDC_FORMAT_MACROS -DTEST_HARNESS=VTestHarness -DVERILATOR -include /opt/spechunter/chipyard-issue-715-repairv3/sims/verilator/generated-src/chipyard.TestHarness.SmallBoomConfig/chipyard.TestHarness.SmallBoomConfig.plusArgs -include /opt/spechunter/chipyard-issue-715-repairv3/sims/verilator/generated-src/chipyard.TestHarness.SmallBoomConfig/verilator.h -include /opt/spechunter/chipyard-issue-715-repairv3/sims/verilator/generated-src/chipyard.TestHarness.SmallBoomConfig/chipyard.TestHarness.SmallBoomConfig/VTestHarness.h  -DVL_THREADED -std=c++17 -Os -c -o VTestHarness___024root__DepSet_hcfd557fa__53.o VTestHarness___024root__DepSet_hcfd557fa__53.cpp
In file included from /opt/spechunter/chipyard-issue-715/.conda-env/share/verilator/include/verilated.h:35,
                 from /opt/spechunter/chipyard-issue-715/.conda-env/share/verilator/include/verilated_vcd_c.h:24,
                 from /opt/spechunter/chipyard-issue-715-repairv3/sims/verilator/generated-src/chipyard.TestHarness.SmallBoomConfig/verilator.h:4,
                 from <command-line>:
/opt/spechunter/chipyard-issue-715/.conda-env/share/verilator/include/verilatedos.h:291: warning: "__STDC_FORMAT_MACROS" redefined
  291 | #define __STDC_FORMAT_MACROS
      | 
<command-line>: note: this is the location of the previous definition
/opt/spechunter/chipyard-issue-715/.conda-env/bin/x86_64-conda-linux-gnu-c++  -I.  -MMD -I/opt/spechunter/chipyard-issue-715/.conda-env/share/verilator/include -I/opt/spechunter/chipyard-issue-715/.conda-env/share/verilator/include/vltstd -DVM_COVERAGE=0 -DVM_SC=0 -DVM_TRACE=0 -DVM_TRACE_FST=0 -DVM_TRACE_VCD=0 -faligned-new -fcf-protection=none -Wno-bool-operation -Wno-sign-compare -Wno-uninitialized -Wno-unused-but-set-variable -Wno-unused-parameter -Wno-unused-variable -Wno-shadow     -O3 -std=c++11 -I/opt/spechunter/chipyard-issue-715/.conda-env/riscv-tools/include -I/opt/spechunter/chipyard-issue-715-repairv3/tools/DRAMSim2 -I/opt/spechunter/chipyard-issue-715-repairv3/sims/verilator/generated-src/chipyard.TestHarness.SmallBoomConfig    -D__STDC_FORMAT_MACROS -DTEST_HARNESS=VTestHarness -DVERILATOR -include /opt/spechunter/chipyard-issue-715-repairv3/sims/verilator/generated-src/chipyard.TestHarness.SmallBoomConfig/chipyard.TestHarness.SmallBoomConfig.plusArgs -include /opt/spechunter/chipyard-issue-715-repairv3/sims/verilator/generated-src/chipyard.TestHarness.SmallBoomConfig/verilator.h -include /opt/spechunter/chipyard-issue-715-repairv3/sims/verilator/generated-src/chipyard.TestHarness.SmallBoomConfig/chipyard.TestHarness.SmallBoomConfig/VTestHarness.h  -DVL_THREADED -std=c++17 -Os -c -o VTestHarness___024root__DepSet_hcfd557fa__54.o VTestHarness___024root__DepSet_hcfd557fa__54.cpp
In file included from /opt/spechunter/chipyard-issue-715/.conda-env/share/verilator/include/verilated.h:35,
                 from /opt/spechunter/chipyard-issue-715/.conda-env/share/verilator/include/verilated_vcd_c.h:24,
                 from /opt/spechunter/chipyard-issue-715-repairv3/sims/verilator/generated-src/chipyard.TestHarness.SmallBoomConfig/verilator.h:4,
                 from <command-line>:
/opt/spechunter/chipyard-issue-715/.conda-env/share/verilator/include/verilatedos.h:291: warning: "__STDC_FORMAT_MACROS" redefined
  291 | #define __STDC_FORMAT_MACROS
      | 
<command-line>: note: this is the location of the previous definition
/opt/spechunter/chipyard-issue-715/.conda-env/bin/x86_64-conda-linux-gnu-c++  -I.  -MMD -I/opt/spechunter/chipyard-issue-715/.conda-env/share/verilator/include -I/opt/spechunter/chipyard-issue-715/.conda-env/share/verilator/include/vltstd -DVM_COVERAGE=0 -DVM_SC=0 -DVM_TRACE=0 -DVM_TRACE_FST=0 -DVM_TRACE_VCD=0 -faligned-new -fcf-protection=none -Wno-bool-operation -Wno-sign-compare -Wno-uninitialized -Wno-unused-but-set-variable -Wno-unused-parameter -Wno-unused-variable -Wno-shadow     -O3 -std=c++11 -I/opt/spechunter/chipyard-issue-715/.conda-env/riscv-tools/include -I/opt/spechunter/chipyard-issue-715-repairv3/tools/DRAMSim2 -I/opt/spechunter/chipyard-issue-715-repairv3/sims/verilator/generated-src/chipyard.TestHarness.SmallBoomConfig    -D__STDC_FORMAT_MACROS -DTEST_HARNESS=VTestHarness -DVERILATOR -include /opt/spechunter/chipyard-issue-715-repairv3/sims/verilator/generated-src/chipyard.TestHarness.SmallBoomConfig/chipyard.TestHarness.SmallBoomConfig.plusArgs -include /opt/spechunter/chipyard-issue-715-repairv3/sims/verilator/generated-src/chipyard.TestHarness.SmallBoomConfig/verilator.h -include /opt/spechunter/chipyard-issue-715-repairv3/sims/verilator/generated-src/chipyard.TestHarness.SmallBoomConfig/chipyard.TestHarness.SmallBoomConfig/VTestHarness.h  -DVL_THREADED -std=c++17 -Os -c -o VTestHarness___024root__DepSet_hcfd557fa__55.o VTestHarness___024root__DepSet_hcfd557fa__55.cpp
In file included from /opt/spechunter/chipyard-issue-715/.conda-env/share/verilator/include/verilated.h:35,
                 from /opt/spechunter/chipyard-issue-715/.conda-env/share/verilator/include/verilated_vcd_c.h:24,
                 from /opt/spechunter/chipyard-issue-715-repairv3/sims/verilator/generated-src/chipyard.TestHarness.SmallBoomConfig/verilator.h:4,
                 from <command-line>:
/opt/spechunter/chipyard-issue-715/.conda-env/share/verilator/include/verilatedos.h:291: warning: "__STDC_FORMAT_MACROS" redefined
  291 | #define __STDC_FORMAT_MACROS
      | 
<command-line>: note: this is the location of the previous definition
/opt/spechunter/chipyard-issue-715/.conda-env/bin/x86_64-conda-linux-gnu-c++  -I.  -MMD -I/opt/spechunter/chipyard-issue-715/.conda-env/share/verilator/include -I/opt/spechunter/chipyard-issue-715/.conda-env/share/verilator/include/vltstd -DVM_COVERAGE=0 -DVM_SC=0 -DVM_TRACE=0 -DVM_TRACE_FST=0 -DVM_TRACE_VCD=0 -faligned-new -fcf-protection=none -Wno-bool-operation -Wno-sign-compare -Wno-uninitialized -Wno-unused-but-set-variable -Wno-unused-parameter -Wno-unused-variable -Wno-shadow     -O3 -std=c++11 -I/opt/spechunter/chipyard-issue-715/.conda-env/riscv-tools/include -I/opt/spechunter/chipyard-issue-715-repairv3/tools/DRAMSim2 -I/opt/spechunter/chipyard-issue-715-repairv3/sims/verilator/generated-src/chipyard.TestHarness.SmallBoomConfig    -D__STDC_FORMAT_MACROS -DTEST_HARNESS=VTestHarness -DVERILATOR -include /opt/spechunter/chipyard-issue-715-repairv3/sims/verilator/generated-src/chipyard.TestHarness.SmallBoomConfig/chipyard.TestHarness.SmallBoomConfig.plusArgs -include /opt/spechunter/chipyard-issue-715-repairv3/sims/verilator/generated-src/chipyard.TestHarness.SmallBoomConfig/verilator.h -include /opt/spechunter/chipyard-issue-715-repairv3/sims/verilator/generated-src/chipyard.TestHarness.SmallBoomConfig/chipyard.TestHarness.SmallBoomConfig/VTestHarness.h  -DVL_THREADED -std=c++17 -Os -c -o VTestHarness___024root__DepSet_hcfd557fa__56.o VTestHarness___024root__DepSet_hcfd557fa__56.cpp
In file included from /opt/spechunter/chipyard-issue-715/.conda-env/share/verilator/include/verilated.h:35,
                 from /opt/spechunter/chipyard-issue-715/.conda-env/share/verilator/include/verilated_vcd_c.h:24,
                 from /opt/spechunter/chipyard-issue-715-repairv3/sims/verilator/generated-src/chipyard.TestHarness.SmallBoomConfig/verilator.h:4,
                 from <command-line>:
/opt/spechunter/chipyard-issue-715/.conda-env/share/verilator/include/verilatedos.h:291: warning: "__STDC_FORMAT_MACROS" redefined
  291 | #define __STDC_FORMAT_MACROS
      | 
<command-line>: note: this is the location of the previous definition
/opt/spechunter/chipyard-issue-715/.conda-env/bin/x86_64-conda-linux-gnu-c++  -I.  -MMD -I/opt/spechunter/chipyard-issue-715/.conda-env/share/verilator/include -I/opt/spechunter/chipyard-issue-715/.conda-env/share/verilator/include/vltstd -DVM_COVERAGE=0 -DVM_SC=0 -DVM_TRACE=0 -DVM_TRACE_FST=0 -DVM_TRACE_VCD=0 -faligned-new -fcf-protection=none -Wno-bool-operation -Wno-sign-compare -Wno-uninitialized -Wno-unused-but-set-variable -Wno-unused-parameter -Wno-unused-variable -Wno-shadow     -O3 -std=c++11 -I/opt/spechunter/chipyard-issue-715/.conda-env/riscv-tools/include -I/opt/spechunter/chipyard-issue-715-repairv3/tools/DRAMSim2 -I/opt/spechunter/chipyard-issue-715-repairv3/sims/verilator/generated-src/chipyard.TestHarness.SmallBoomConfig    -D__STDC_FORMAT_MACROS -DTEST_HARNESS=VTestHarness -DVERILATOR -include /opt/spechunter/chipyard-issue-715-repairv3/sims/verilator/generated-src/chipyard.TestHarness.SmallBoomConfig/chipyard.TestHarness.SmallBoomConfig.plusArgs -include /opt/spechunter/chipyard-issue-715-repairv3/sims/verilator/generated-src/chipyard.TestHarness.SmallBoomConfig/verilator.h -include /opt/spechunter/chipyard-issue-715-repairv3/sims/verilator/generated-src/chipyard.TestHarness.SmallBoomConfig/chipyard.TestHarness.SmallBoomConfig/VTestHarness.h  -DVL_THREADED -std=c++17 -Os -c -o VTestHarness___024root__DepSet_hcfd557fa__57.o VTestHarness___024root__DepSet_hcfd557fa__57.cpp
In file included from /opt/spechunter/chipyard-issue-715/.conda-env/share/verilator/include/verilated.h:35,
                 from /opt/spechunter/chipyard-issue-715/.conda-env/share/verilator/include/verilated_vcd_c.h:24,
                 from /opt/spechunter/chipyard-issue-715-repairv3/sims/verilator/generated-src/chipyard.TestHarness.SmallBoomConfig/verilator.h:4,
                 from <command-line>:
/opt/spechunter/chipyard-issue-715/.conda-env/share/verilator/include/verilatedos.h:291: warning: "__STDC_FORMAT_MACROS" redefined
  291 | #define __STDC_FORMAT_MACROS
      | 
<command-line>: note: this is the location of the previous definition
/opt/spechunter/chipyard-issue-715/.conda-env/bin/x86_64-conda-linux-gnu-c++  -I.  -MMD -I/opt/spechunter/chipyard-issue-715/.conda-env/share/verilator/include -I/opt/spechunter/chipyard-issue-715/.conda-env/share/verilator/include/vltstd -DVM_COVERAGE=0 -DVM_SC=0 -DVM_TRACE=0 -DVM_TRACE_FST=0 -DVM_TRACE_VCD=0 -faligned-new -fcf-protection=none -Wno-bool-operation -Wno-sign-compare -Wno-uninitialized -Wno-unused-but-set-variable -Wno-unused-parameter -Wno-unused-variable -Wno-shadow     -O3 -std=c++11 -I/opt/spechunter/chipyard-issue-715/.conda-env/riscv-tools/include -I/opt/spechunter/chipyard-issue-715-repairv3/tools/DRAMSim2 -I/opt/spechunter/chipyard-issue-715-repairv3/sims/verilator/generated-src/chipyard.TestHarness.SmallBoomConfig    -D__STDC_FORMAT_MACROS -DTEST_HARNESS=VTestHarness -DVERILATOR -include /opt/spechunter/chipyard-issue-715-repairv3/sims/verilator/generated-src/chipyard.TestHarness.SmallBoomConfig/chipyard.TestHarness.SmallBoomConfig.plusArgs -include /opt/spechunter/chipyard-issue-715-repairv3/sims/verilator/generated-src/chipyard.TestHarness.SmallBoomConfig/verilator.h -include /opt/spechunter/chipyard-issue-715-repairv3/sims/verilator/generated-src/chipyard.TestHarness.SmallBoomConfig/chipyard.TestHarness.SmallBoomConfig/VTestHarness.h  -DVL_THREADED -std=c++17 -Os -c -o VTestHarness___024root__DepSet_hcfd557fa__58.o VTestHarness___024root__DepSet_hcfd557fa__58.cpp
In file included from /opt/spechunter/chipyard-issue-715/.conda-env/share/verilator/include/verilated.h:35,
                 from /opt/spechunter/chipyard-issue-715/.conda-env/share/verilator/include/verilated_vcd_c.h:24,
                 from /opt/spechunter/chipyard-issue-715-repairv3/sims/verilator/generated-src/chipyard.TestHarness.SmallBoomConfig/verilator.h:4,
                 from <command-line>:
/opt/spechunter/chipyard-issue-715/.conda-env/share/verilator/include/verilatedos.h:291: warning: "__STDC_FORMAT_MACROS" redefined
  291 | #define __STDC_FORMAT_MACROS
      | 
<command-line>: note: this is the location of the previous definition
/opt/spechunter/chipyard-issue-715/.conda-env/bin/x86_64-conda-linux-gnu-c++  -I.  -MMD -I/opt/spechunter/chipyard-issue-715/.conda-env/share/verilator/include -I/opt/spechunter/chipyard-issue-715/.conda-env/share/verilator/include/vltstd -DVM_COVERAGE=0 -DVM_SC=0 -DVM_TRACE=0 -DVM_TRACE_FST=0 -DVM_TRACE_VCD=0 -faligned-new -fcf-protection=none -Wno-bool-operation -Wno-sign-compare -Wno-uninitialized -Wno-unused-but-set-variable -Wno-unused-parameter -Wno-unused-variable -Wno-shadow     -O3 -std=c++11 -I/opt/spechunter/chipyard-issue-715/.conda-env/riscv-tools/include -I/opt/spechunter/chipyard-issue-715-repairv3/tools/DRAMSim2 -I/opt/spechunter/chipyard-issue-715-repairv3/sims/verilator/generated-src/chipyard.TestHarness.SmallBoomConfig    -D__STDC_FORMAT_MACROS -DTEST_HARNESS=VTestHarness -DVERILATOR -include /opt/spechunter/chipyard-issue-715-repairv3/sims/verilator/generated-src/chipyard.TestHarness.SmallBoomConfig/chipyard.TestHarness.SmallBoomConfig.plusArgs -include /opt/spechunter/chipyard-issue-715-repairv3/sims/verilator/generated-src/chipyard.TestHarness.SmallBoomConfig/verilator.h -include /opt/spechunter/chipyard-issue-715-repairv3/sims/verilator/generated-src/chipyard.TestHarness.SmallBoomConfig/chipyard.TestHarness.SmallBoomConfig/VTestHarness.h  -DVL_THREADED -std=c++17 -Os -c -o VTestHarness___024root__DepSet_hcfd557fa__59.o VTestHarness___024root__DepSet_hcfd557fa__59.cpp
In file included from /opt/spechunter/chipyard-issue-715/.conda-env/share/verilator/include/verilated.h:35,
                 from /opt/spechunter/chipyard-issue-715/.conda-env/share/verilator/include/verilated_vcd_c.h:24,
                 from /opt/spechunter/chipyard-issue-715-repairv3/sims/verilator/generated-src/chipyard.TestHarness.SmallBoomConfig/verilator.h:4,
                 from <command-line>:
/opt/spechunter/chipyard-issue-715/.conda-env/share/verilator/include/verilatedos.h:291: warning: "__STDC_FORMAT_MACROS" redefined
  291 | #define __STDC_FORMAT_MACROS
      | 
<command-line>: note: this is the location of the previous definition
/opt/spechunter/chipyard-issue-715/.conda-env/bin/x86_64-conda-linux-gnu-c++  -I.  -MMD -I/opt/spechunter/chipyard-issue-715/.conda-env/share/verilator/include -I/opt/spechunter/chipyard-issue-715/.conda-env/share/verilator/include/vltstd -DVM_COVERAGE=0 -DVM_SC=0 -DVM_TRACE=0 -DVM_TRACE_FST=0 -DVM_TRACE_VCD=0 -faligned-new -fcf-protection=none -Wno-bool-operation -Wno-sign-compare -Wno-uninitialized -Wno-unused-but-set-variable -Wno-unused-parameter -Wno-unused-variable -Wno-shadow     -O3 -std=c++11 -I/opt/spechunter/chipyard-issue-715/.conda-env/riscv-tools/include -I/opt/spechunter/chipyard-issue-715-repairv3/tools/DRAMSim2 -I/opt/spechunter/chipyard-issue-715-repairv3/sims/verilator/generated-src/chipyard.TestHarness.SmallBoomConfig    -D__STDC_FORMAT_MACROS -DTEST_HARNESS=VTestHarness -DVERILATOR -include /opt/spechunter/chipyard-issue-715-repairv3/sims/verilator/generated-src/chipyard.TestHarness.SmallBoomConfig/chipyard.TestHarness.SmallBoomConfig.plusArgs -include /opt/spechunter/chipyard-issue-715-repairv3/sims/verilator/generated-src/chipyard.TestHarness.SmallBoomConfig/verilator.h -include /opt/spechunter/chipyard-issue-715-repairv3/sims/verilator/generated-src/chipyard.TestHarness.SmallBoomConfig/chipyard.TestHarness.SmallBoomConfig/VTestHarness.h  -DVL_THREADED -std=c++17 -Os -c -o VTestHarness___024root__DepSet_hcfd557fa__60.o VTestHarness___024root__DepSet_hcfd557fa__60.cpp
In file included from /opt/spechunter/chipyard-issue-715/.conda-env/share/verilator/include/verilated.h:35,
                 from /opt/spechunter/chipyard-issue-715/.conda-env/share/verilator/include/verilated_vcd_c.h:24,
                 from /opt/spechunter/chipyard-issue-715-repairv3/sims/verilator/generated-src/chipyard.TestHarness.SmallBoomConfig/verilator.h:4,
                 from <command-line>:
/opt/spechunter/chipyard-issue-715/.conda-env/share/verilator/include/verilatedos.h:291: warning: "__STDC_FORMAT_MACROS" redefined
  291 | #define __STDC_FORMAT_MACROS
      | 
<command-line>: note: this is the location of the previous definition
/opt/spechunter/chipyard-issue-715/.conda-env/bin/x86_64-conda-linux-gnu-c++  -I.  -MMD -I/opt/spechunter/chipyard-issue-715/.conda-env/share/verilator/include -I/opt/spechunter/chipyard-issue-715/.conda-env/share/verilator/include/vltstd -DVM_COVERAGE=0 -DVM_SC=0 -DVM_TRACE=0 -DVM_TRACE_FST=0 -DVM_TRACE_VCD=0 -faligned-new -fcf-protection=none -Wno-bool-operation -Wno-sign-compare -Wno-uninitialized -Wno-unused-but-set-variable -Wno-unused-parameter -Wno-unused-variable -Wno-shadow     -O3 -std=c++11 -I/opt/spechunter/chipyard-issue-715/.conda-env/riscv-tools/include -I/opt/spechunter/chipyard-issue-715-repairv3/tools/DRAMSim2 -I/opt/spechunter/chipyard-issue-715-repairv3/sims/verilator/generated-src/chipyard.TestHarness.SmallBoomConfig    -D__STDC_FORMAT_MACROS -DTEST_HARNESS=VTestHarness -DVERILATOR -include /opt/spechunter/chipyard-issue-715-repairv3/sims/verilator/generated-src/chipyard.TestHarness.SmallBoomConfig/chipyard.TestHarness.SmallBoomConfig.plusArgs -include /opt/spechunter/chipyard-issue-715-repairv3/sims/verilator/generated-src/chipyard.TestHarness.SmallBoomConfig/verilator.h -include /opt/spechunter/chipyard-issue-715-repairv3/sims/verilator/generated-src/chipyard.TestHarness.SmallBoomConfig/chipyard.TestHarness.SmallBoomConfig/VTestHarness.h  -DVL_THREADED -std=c++17 -Os -c -o VTestHarness___024root__DepSet_hcfd557fa__61.o VTestHarness___024root__DepSet_hcfd557fa__61.cpp
In file included from /opt/spechunter/chipyard-issue-715/.conda-env/share/verilator/include/verilated.h:35,
                 from /opt/spechunter/chipyard-issue-715/.conda-env/share/verilator/include/verilated_vcd_c.h:24,
                 from /opt/spechunter/chipyard-issue-715-repairv3/sims/verilator/generated-src/chipyard.TestHarness.SmallBoomConfig/verilator.h:4,
                 from <command-line>:
/opt/spechunter/chipyard-issue-715/.conda-env/share/verilator/include/verilatedos.h:291: warning: "__STDC_FORMAT_MACROS" redefined
  291 | #define __STDC_FORMAT_MACROS
      | 
<command-line>: note: this is the location of the previous definition
/opt/spechunter/chipyard-issue-715/.conda-env/bin/x86_64-conda-linux-gnu-c++  -I.  -MMD -I/opt/spechunter/chipyard-issue-715/.conda-env/share/verilator/include -I/opt/spechunter/chipyard-issue-715/.conda-env/share/verilator/include/vltstd -DVM_COVERAGE=0 -DVM_SC=0 -DVM_TRACE=0 -DVM_TRACE_FST=0 -DVM_TRACE_VCD=0 -faligned-new -fcf-protection=none -Wno-bool-operation -Wno-sign-compare -Wno-uninitialized -Wno-unused-but-set-variable -Wno-unused-parameter -Wno-unused-variable -Wno-shadow     -O3 -std=c++11 -I/opt/spechunter/chipyard-issue-715/.conda-env/riscv-tools/include -I/opt/spechunter/chipyard-issue-715-repairv3/tools/DRAMSim2 -I/opt/spechunter/chipyard-issue-715-repairv3/sims/verilator/generated-src/chipyard.TestHarness.SmallBoomConfig    -D__STDC_FORMAT_MACROS -DTEST_HARNESS=VTestHarness -DVERILATOR -include /opt/spechunter/chipyard-issue-715-repairv3/sims/verilator/generated-src/chipyard.TestHarness.SmallBoomConfig/chipyard.TestHarness.SmallBoomConfig.plusArgs -include /opt/spechunter/chipyard-issue-715-repairv3/sims/verilator/generated-src/chipyard.TestHarness.SmallBoomConfig/verilator.h -include /opt/spechunter/chipyard-issue-715-repairv3/sims/verilator/generated-src/chipyard.TestHarness.SmallBoomConfig/chipyard.TestHarness.SmallBoomConfig/VTestHarness.h  -DVL_THREADED -std=c++17 -Os -c -o VTestHarness___024unit__DepSet_hc9fa512f__0.o VTestHarness___024unit__DepSet_hc9fa512f__0.cpp
In file included from /opt/spechunter/chipyard-issue-715/.conda-env/share/verilator/include/verilated.h:35,
                 from /opt/spechunter/chipyard-issue-715/.conda-env/share/verilator/include/verilated_vcd_c.h:24,
                 from /opt/spechunter/chipyard-issue-715-repairv3/sims/verilator/generated-src/chipyard.TestHarness.SmallBoomConfig/verilator.h:4,
                 from <command-line>:
/opt/spechunter/chipyard-issue-715/.conda-env/share/verilator/include/verilatedos.h:291: warning: "__STDC_FORMAT_MACROS" redefined
  291 | #define __STDC_FORMAT_MACROS
      | 
<command-line>: note: this is the location of the previous definition
/opt/spechunter/chipyard-issue-715/.conda-env/bin/x86_64-conda-linux-gnu-c++  -I.  -MMD -I/opt/spechunter/chipyard-issue-715/.conda-env/share/verilator/include -I/opt/spechunter/chipyard-issue-715/.conda-env/share/verilator/include/vltstd -DVM_COVERAGE=0 -DVM_SC=0 -DVM_TRACE=0 -DVM_TRACE_FST=0 -DVM_TRACE_VCD=0 -faligned-new -fcf-protection=none -Wno-bool-operation -Wno-sign-compare -Wno-uninitialized -Wno-unused-but-set-variable -Wno-unused-parameter -Wno-unused-variable -Wno-shadow     -O3 -std=c++11 -I/opt/spechunter/chipyard-issue-715/.conda-env/riscv-tools/include -I/opt/spechunter/chipyard-issue-715-repairv3/tools/DRAMSim2 -I/opt/spechunter/chipyard-issue-715-repairv3/sims/verilator/generated-src/chipyard.TestHarness.SmallBoomConfig    -D__STDC_FORMAT_MACROS -DTEST_HARNESS=VTestHarness -DVERILATOR -include /opt/spechunter/chipyard-issue-715-repairv3/sims/verilator/generated-src/chipyard.TestHarness.SmallBoomConfig/chipyard.TestHarness.SmallBoomConfig.plusArgs -include /opt/spechunter/chipyard-issue-715-repairv3/sims/verilator/generated-src/chipyard.TestHarness.SmallBoomConfig/verilator.h -include /opt/spechunter/chipyard-issue-715-repairv3/sims/verilator/generated-src/chipyard.TestHarness.SmallBoomConfig/chipyard.TestHarness.SmallBoomConfig/VTestHarness.h  -DVL_THREADED -std=c++17 -Os -c -o VTestHarness__Dpi.o VTestHarness__Dpi.cpp
In file included from /opt/spechunter/chipyard-issue-715/.conda-env/share/verilator/include/verilated.h:35,
                 from /opt/spechunter/chipyard-issue-715/.conda-env/share/verilator/include/verilated_vcd_c.h:24,
                 from /opt/spechunter/chipyard-issue-715-repairv3/sims/verilator/generated-src/chipyard.TestHarness.SmallBoomConfig/verilator.h:4,
                 from <command-line>:
/opt/spechunter/chipyard-issue-715/.conda-env/share/verilator/include/verilatedos.h:291: warning: "__STDC_FORMAT_MACROS" redefined
  291 | #define __STDC_FORMAT_MACROS
      | 
<command-line>: note: this is the location of the previous definition
/opt/spechunter/chipyard-issue-715/.conda-env/bin/x86_64-conda-linux-gnu-c++  -I.  -MMD -I/opt/spechunter/chipyard-issue-715/.conda-env/share/verilator/include -I/opt/spechunter/chipyard-issue-715/.conda-env/share/verilator/include/vltstd -DVM_COVERAGE=0 -DVM_SC=0 -DVM_TRACE=0 -DVM_TRACE_FST=0 -DVM_TRACE_VCD=0 -faligned-new -fcf-protection=none -Wno-bool-operation -Wno-sign-compare -Wno-uninitialized -Wno-unused-but-set-variable -Wno-unused-parameter -Wno-unused-variable -Wno-shadow     -O3 -std=c++11 -I/opt/spechunter/chipyard-issue-715/.conda-env/riscv-tools/include -I/opt/spechunter/chipyard-issue-715-repairv3/tools/DRAMSim2 -I/opt/spechunter/chipyard-issue-715-repairv3/sims/verilator/generated-src/chipyard.TestHarness.SmallBoomConfig    -D__STDC_FORMAT_MACROS -DTEST_HARNESS=VTestHarness -DVERILATOR -include /opt/spechunter/chipyard-issue-715-repairv3/sims/verilator/generated-src/chipyard.TestHarness.SmallBoomConfig/chipyard.TestHarness.SmallBoomConfig.plusArgs -include /opt/spechunter/chipyard-issue-715-repairv3/sims/verilator/generated-src/chipyard.TestHarness.SmallBoomConfig/verilator.h -include /opt/spechunter/chipyard-issue-715-repairv3/sims/verilator/generated-src/chipyard.TestHarness.SmallBoomConfig/chipyard.TestHarness.SmallBoomConfig/VTestHarness.h  -DVL_THREADED -std=c++17  -c -o VTestHarness__ConstPool_0.o VTestHarness__ConstPool_0.cpp
In file included from /opt/spechunter/chipyard-issue-715/.conda-env/share/verilator/include/verilated.h:35,
                 from /opt/spechunter/chipyard-issue-715/.conda-env/share/verilator/include/verilated_vcd_c.h:24,
                 from /opt/spechunter/chipyard-issue-715-repairv3/sims/verilator/generated-src/chipyard.TestHarness.SmallBoomConfig/verilator.h:4,
                 from <command-line>:
/opt/spechunter/chipyard-issue-715/.conda-env/share/verilator/include/verilatedos.h:291: warning: "__STDC_FORMAT_MACROS" redefined
  291 | #define __STDC_FORMAT_MACROS
      | 
<command-line>: note: this is the location of the previous definition
/opt/spechunter/chipyard-issue-715/.conda-env/bin/x86_64-conda-linux-gnu-c++  -I.  -MMD -I/opt/spechunter/chipyard-issue-715/.conda-env/share/verilator/include -I/opt/spechunter/chipyard-issue-715/.conda-env/share/verilator/include/vltstd -DVM_COVERAGE=0 -DVM_SC=0 -DVM_TRACE=0 -DVM_TRACE_FST=0 -DVM_TRACE_VCD=0 -faligned-new -fcf-protection=none -Wno-bool-operation -Wno-sign-compare -Wno-uninitialized -Wno-unused-but-set-variable -Wno-unused-parameter -Wno-unused-variable -Wno-shadow     -O3 -std=c++11 -I/opt/spechunter/chipyard-issue-715/.conda-env/riscv-tools/include -I/opt/spechunter/chipyard-issue-715-repairv3/tools/DRAMSim2 -I/opt/spechunter/chipyard-issue-715-repairv3/sims/verilator/generated-src/chipyard.TestHarness.SmallBoomConfig    -D__STDC_FORMAT_MACROS -DTEST_HARNESS=VTestHarness -DVERILATOR -include /opt/spechunter/chipyard-issue-715-repairv3/sims/verilator/generated-src/chipyard.TestHarness.SmallBoomConfig/chipyard.TestHarness.SmallBoomConfig.plusArgs -include /opt/spechunter/chipyard-issue-715-repairv3/sims/verilator/generated-src/chipyard.TestHarness.SmallBoomConfig/verilator.h -include /opt/spechunter/chipyard-issue-715-repairv3/sims/verilator/generated-src/chipyard.TestHarness.SmallBoomConfig/chipyard.TestHarness.SmallBoomConfig/VTestHarness.h  -DVL_THREADED -std=c++17  -c -o VTestHarness___024root__Slow.o VTestHarness___024root__Slow.cpp
In file included from /opt/spechunter/chipyard-issue-715/.conda-env/share/verilator/include/verilated.h:35,
                 from /opt/spechunter/chipyard-issue-715/.conda-env/share/verilator/include/verilated_vcd_c.h:24,
                 from /opt/spechunter/chipyard-issue-715-repairv3/sims/verilator/generated-src/chipyard.TestHarness.SmallBoomConfig/verilator.h:4,
                 from <command-line>:
/opt/spechunter/chipyard-issue-715/.conda-env/share/verilator/include/verilatedos.h:291: warning: "__STDC_FORMAT_MACROS" redefined
  291 | #define __STDC_FORMAT_MACROS
      | 
<command-line>: note: this is the location of the previous definition
/opt/spechunter/chipyard-issue-715/.conda-env/bin/x86_64-conda-linux-gnu-c++  -I.  -MMD -I/opt/spechunter/chipyard-issue-715/.conda-env/share/verilator/include -I/opt/spechunter/chipyard-issue-715/.conda-env/share/verilator/include/vltstd -DVM_COVERAGE=0 -DVM_SC=0 -DVM_TRACE=0 -DVM_TRACE_FST=0 -DVM_TRACE_VCD=0 -faligned-new -fcf-protection=none -Wno-bool-operation -Wno-sign-compare -Wno-uninitialized -Wno-unused-but-set-variable -Wno-unused-parameter -Wno-unused-variable -Wno-shadow     -O3 -std=c++11 -I/opt/spechunter/chipyard-issue-715/.conda-env/riscv-tools/include -I/opt/spechunter/chipyard-issue-715-repairv3/tools/DRAMSim2 -I/opt/spechunter/chipyard-issue-715-repairv3/sims/verilator/generated-src/chipyard.TestHarness.SmallBoomConfig    -D__STDC_FORMAT_MACROS -DTEST_HARNESS=VTestHarness -DVERILATOR -include /opt/spechunter/chipyard-issue-715-repairv3/sims/verilator/generated-src/chipyard.TestHarness.SmallBoomConfig/chipyard.TestHarness.SmallBoomConfig.plusArgs -include /opt/spechunter/chipyard-issue-715-repairv3/sims/verilator/generated-src/chipyard.TestHarness.SmallBoomConfig/verilator.h -include /opt/spechunter/chipyard-issue-715-repairv3/sims/verilator/generated-src/chipyard.TestHarness.SmallBoomConfig/chipyard.TestHarness.SmallBoomConfig/VTestHarness.h  -DVL_THREADED -std=c++17  -c -o VTestHarness___024root__DepSet_h30a6511e__0__Slow.o VTestHarness___024root__DepSet_h30a6511e__0__Slow.cpp
In file included from /opt/spechunter/chipyard-issue-715/.conda-env/share/verilator/include/verilated.h:35,
                 from /opt/spechunter/chipyard-issue-715/.conda-env/share/verilator/include/verilated_vcd_c.h:24,
                 from /opt/spechunter/chipyard-issue-715-repairv3/sims/verilator/generated-src/chipyard.TestHarness.SmallBoomConfig/verilator.h:4,
                 from <command-line>:
/opt/spechunter/chipyard-issue-715/.conda-env/share/verilator/include/verilatedos.h:291: warning: "__STDC_FORMAT_MACROS" redefined
  291 | #define __STDC_FORMAT_MACROS
      | 
<command-line>: note: this is the location of the previous definition
/opt/spechunter/chipyard-issue-715/.conda-env/bin/x86_64-conda-linux-gnu-c++  -I.  -MMD -I/opt/spechunter/chipyard-issue-715/.conda-env/share/verilator/include -I/opt/spechunter/chipyard-issue-715/.conda-env/share/verilator/include/vltstd -DVM_COVERAGE=0 -DVM_SC=0 -DVM_TRACE=0 -DVM_TRACE_FST=0 -DVM_TRACE_VCD=0 -faligned-new -fcf-protection=none -Wno-bool-operation -Wno-sign-compare -Wno-uninitialized -Wno-unused-but-set-variable -Wno-unused-parameter -Wno-unused-variable -Wno-shadow     -O3 -std=c++11 -I/opt/spechunter/chipyard-issue-715/.conda-env/riscv-tools/include -I/opt/spechunter/chipyard-issue-715-repairv3/tools/DRAMSim2 -I/opt/spechunter/chipyard-issue-715-repairv3/sims/verilator/generated-src/chipyard.TestHarness.SmallBoomConfig    -D__STDC_FORMAT_MACROS -DTEST_HARNESS=VTestHarness -DVERILATOR -include /opt/spechunter/chipyard-issue-715-repairv3/sims/verilator/generated-src/chipyard.TestHarness.SmallBoomConfig/chipyard.TestHarness.SmallBoomConfig.plusArgs -include /opt/spechunter/chipyard-issue-715-repairv3/sims/verilator/generated-src/chipyard.TestHarness.SmallBoomConfig/verilator.h -include /opt/spechunter/chipyard-issue-715-repairv3/sims/verilator/generated-src/chipyard.TestHarness.SmallBoomConfig/chipyard.TestHarness.SmallBoomConfig/VTestHarness.h  -DVL_THREADED -std=c++17  -c -o VTestHarness___024root__DepSet_hcfd557fa__0__Slow.o VTestHarness___024root__DepSet_hcfd557fa__0__Slow.cpp
In file included from /opt/spechunter/chipyard-issue-715/.conda-env/share/verilator/include/verilated.h:35,
                 from /opt/spechunter/chipyard-issue-715/.conda-env/share/verilator/include/verilated_vcd_c.h:24,
                 from /opt/spechunter/chipyard-issue-715-repairv3/sims/verilator/generated-src/chipyard.TestHarness.SmallBoomConfig/verilator.h:4,
                 from <command-line>:
/opt/spechunter/chipyard-issue-715/.conda-env/share/verilator/include/verilatedos.h:291: warning: "__STDC_FORMAT_MACROS" redefined
  291 | #define __STDC_FORMAT_MACROS
      | 
<command-line>: note: this is the location of the previous definition
/opt/spechunter/chipyard-issue-715/.conda-env/bin/x86_64-conda-linux-gnu-c++  -I.  -MMD -I/opt/spechunter/chipyard-issue-715/.conda-env/share/verilator/include -I/opt/spechunter/chipyard-issue-715/.conda-env/share/verilator/include/vltstd -DVM_COVERAGE=0 -DVM_SC=0 -DVM_TRACE=0 -DVM_TRACE_FST=0 -DVM_TRACE_VCD=0 -faligned-new -fcf-protection=none -Wno-bool-operation -Wno-sign-compare -Wno-uninitialized -Wno-unused-but-set-variable -Wno-unused-parameter -Wno-unused-variable -Wno-shadow     -O3 -std=c++11 -I/opt/spechunter/chipyard-issue-715/.conda-env/riscv-tools/include -I/opt/spechunter/chipyard-issue-715-repairv3/tools/DRAMSim2 -I/opt/spechunter/chipyard-issue-715-repairv3/sims/verilator/generated-src/chipyard.TestHarness.SmallBoomConfig    -D__STDC_FORMAT_MACROS -DTEST_HARNESS=VTestHarness -DVERILATOR -include /opt/spechunter/chipyard-issue-715-repairv3/sims/verilator/generated-src/chipyard.TestHarness.SmallBoomConfig/chipyard.TestHarness.SmallBoomConfig.plusArgs -include /opt/spechunter/chipyard-issue-715-repairv3/sims/verilator/generated-src/chipyard.TestHarness.SmallBoomConfig/verilator.h -include /opt/spechunter/chipyard-issue-715-repairv3/sims/verilator/generated-src/chipyard.TestHarness.SmallBoomConfig/chipyard.TestHarness.SmallBoomConfig/VTestHarness.h  -DVL_THREADED -std=c++17  -c -o VTestHarness___024root__DepSet_hcfd557fa__1__Slow.o VTestHarness___024root__DepSet_hcfd557fa__1__Slow.cpp
In file included from /opt/spechunter/chipyard-issue-715/.conda-env/share/verilator/include/verilated.h:35,
                 from /opt/spechunter/chipyard-issue-715/.conda-env/share/verilator/include/verilated_vcd_c.h:24,
                 from /opt/spechunter/chipyard-issue-715-repairv3/sims/verilator/generated-src/chipyard.TestHarness.SmallBoomConfig/verilator.h:4,
                 from <command-line>:
/opt/spechunter/chipyard-issue-715/.conda-env/share/verilator/include/verilatedos.h:291: warning: "__STDC_FORMAT_MACROS" redefined
  291 | #define __STDC_FORMAT_MACROS
      | 
<command-line>: note: this is the location of the previous definition
/opt/spechunter/chipyard-issue-715/.conda-env/bin/x86_64-conda-linux-gnu-c++  -I.  -MMD -I/opt/spechunter/chipyard-issue-715/.conda-env/share/verilator/include -I/opt/spechunter/chipyard-issue-715/.conda-env/share/verilator/include/vltstd -DVM_COVERAGE=0 -DVM_SC=0 -DVM_TRACE=0 -DVM_TRACE_FST=0 -DVM_TRACE_VCD=0 -faligned-new -fcf-protection=none -Wno-bool-operation -Wno-sign-compare -Wno-uninitialized -Wno-unused-but-set-variable -Wno-unused-parameter -Wno-unused-variable -Wno-shadow     -O3 -std=c++11 -I/opt/spechunter/chipyard-issue-715/.conda-env/riscv-tools/include -I/opt/spechunter/chipyard-issue-715-repairv3/tools/DRAMSim2 -I/opt/spechunter/chipyard-issue-715-repairv3/sims/verilator/generated-src/chipyard.TestHarness.SmallBoomConfig    -D__STDC_FORMAT_MACROS -DTEST_HARNESS=VTestHarness -DVERILATOR -include /opt/spechunter/chipyard-issue-715-repairv3/sims/verilator/generated-src/chipyard.TestHarness.SmallBoomConfig/chipyard.TestHarness.SmallBoomConfig.plusArgs -include /opt/spechunter/chipyard-issue-715-repairv3/sims/verilator/generated-src/chipyard.TestHarness.SmallBoomConfig/verilator.h -include /opt/spechunter/chipyard-issue-715-repairv3/sims/verilator/generated-src/chipyard.TestHarness.SmallBoomConfig/chipyard.TestHarness.SmallBoomConfig/VTestHarness.h  -DVL_THREADED -std=c++17  -c -o VTestHarness___024root__DepSet_hcfd557fa__2__Slow.o VTestHarness___024root__DepSet_hcfd557fa__2__Slow.cpp
In file included from /opt/spechunter/chipyard-issue-715/.conda-env/share/verilator/include/verilated.h:35,
                 from /opt/spechunter/chipyard-issue-715/.conda-env/share/verilator/include/verilated_vcd_c.h:24,
                 from /opt/spechunter/chipyard-issue-715-repairv3/sims/verilator/generated-src/chipyard.TestHarness.SmallBoomConfig/verilator.h:4,
                 from <command-line>:
/opt/spechunter/chipyard-issue-715/.conda-env/share/verilator/include/verilatedos.h:291: warning: "__STDC_FORMAT_MACROS" redefined
  291 | #define __STDC_FORMAT_MACROS
      | 
<command-line>: note: this is the location of the previous definition
/opt/spechunter/chipyard-issue-715/.conda-env/bin/x86_64-conda-linux-gnu-c++  -I.  -MMD -I/opt/spechunter/chipyard-issue-715/.conda-env/share/verilator/include -I/opt/spechunter/chipyard-issue-715/.conda-env/share/verilator/include/vltstd -DVM_COVERAGE=0 -DVM_SC=0 -DVM_TRACE=0 -DVM_TRACE_FST=0 -DVM_TRACE_VCD=0 -faligned-new -fcf-protection=none -Wno-bool-operation -Wno-sign-compare -Wno-uninitialized -Wno-unused-but-set-variable -Wno-unused-parameter -Wno-unused-variable -Wno-shadow     -O3 -std=c++11 -I/opt/spechunter/chipyard-issue-715/.conda-env/riscv-tools/include -I/opt/spechunter/chipyard-issue-715-repairv3/tools/DRAMSim2 -I/opt/spechunter/chipyard-issue-715-repairv3/sims/verilator/generated-src/chipyard.TestHarness.SmallBoomConfig    -D__STDC_FORMAT_MACROS -DTEST_HARNESS=VTestHarness -DVERILATOR -include /opt/spechunter/chipyard-issue-715-repairv3/sims/verilator/generated-src/chipyard.TestHarness.SmallBoomConfig/chipyard.TestHarness.SmallBoomConfig.plusArgs -include /opt/spechunter/chipyard-issue-715-repairv3/sims/verilator/generated-src/chipyard.TestHarness.SmallBoomConfig/verilator.h -include /opt/spechunter/chipyard-issue-715-repairv3/sims/verilator/generated-src/chipyard.TestHarness.SmallBoomConfig/chipyard.TestHarness.SmallBoomConfig/VTestHarness.h  -DVL_THREADED -std=c++17  -c -o VTestHarness___024root__DepSet_hcfd557fa__3__Slow.o VTestHarness___024root__DepSet_hcfd557fa__3__Slow.cpp
In file included from /opt/spechunter/chipyard-issue-715/.conda-env/share/verilator/include/verilated.h:35,
                 from /opt/spechunter/chipyard-issue-715/.conda-env/share/verilator/include/verilated_vcd_c.h:24,
                 from /opt/spechunter/chipyard-issue-715-repairv3/sims/verilator/generated-src/chipyard.TestHarness.SmallBoomConfig/verilator.h:4,
                 from <command-line>:
/opt/spechunter/chipyard-issue-715/.conda-env/share/verilator/include/verilatedos.h:291: warning: "__STDC_FORMAT_MACROS" redefined
  291 | #define __STDC_FORMAT_MACROS
      | 
<command-line>: note: this is the location of the previous definition
/opt/spechunter/chipyard-issue-715/.conda-env/bin/x86_64-conda-linux-gnu-c++  -I.  -MMD -I/opt/spechunter/chipyard-issue-715/.conda-env/share/verilator/include -I/opt/spechunter/chipyard-issue-715/.conda-env/share/verilator/include/vltstd -DVM_COVERAGE=0 -DVM_SC=0 -DVM_TRACE=0 -DVM_TRACE_FST=0 -DVM_TRACE_VCD=0 -faligned-new -fcf-protection=none -Wno-bool-operation -Wno-sign-compare -Wno-uninitialized -Wno-unused-but-set-variable -Wno-unused-parameter -Wno-unused-variable -Wno-shadow     -O3 -std=c++11 -I/opt/spechunter/chipyard-issue-715/.conda-env/riscv-tools/include -I/opt/spechunter/chipyard-issue-715-repairv3/tools/DRAMSim2 -I/opt/spechunter/chipyard-issue-715-repairv3/sims/verilator/generated-src/chipyard.TestHarness.SmallBoomConfig    -D__STDC_FORMAT_MACROS -DTEST_HARNESS=VTestHarness -DVERILATOR -include /opt/spechunter/chipyard-issue-715-repairv3/sims/verilator/generated-src/chipyard.TestHarness.SmallBoomConfig/chipyard.TestHarness.SmallBoomConfig.plusArgs -include /opt/spechunter/chipyard-issue-715-repairv3/sims/verilator/generated-src/chipyard.TestHarness.SmallBoomConfig/verilator.h -include /opt/spechunter/chipyard-issue-715-repairv3/sims/verilator/generated-src/chipyard.TestHarness.SmallBoomConfig/chipyard.TestHarness.SmallBoomConfig/VTestHarness.h  -DVL_THREADED -std=c++17  -c -o VTestHarness___024root__DepSet_hcfd557fa__4__Slow.o VTestHarness___024root__DepSet_hcfd557fa__4__Slow.cpp
In file included from /opt/spechunter/chipyard-issue-715/.conda-env/share/verilator/include/verilated.h:35,
                 from /opt/spechunter/chipyard-issue-715/.conda-env/share/verilator/include/verilated_vcd_c.h:24,
                 from /opt/spechunter/chipyard-issue-715-repairv3/sims/verilator/generated-src/chipyard.TestHarness.SmallBoomConfig/verilator.h:4,
                 from <command-line>:
/opt/spechunter/chipyard-issue-715/.conda-env/share/verilator/include/verilatedos.h:291: warning: "__STDC_FORMAT_MACROS" redefined
  291 | #define __STDC_FORMAT_MACROS
      | 
<command-line>: note: this is the location of the previous definition
/opt/spechunter/chipyard-issue-715/.conda-env/bin/x86_64-conda-linux-gnu-c++  -I.  -MMD -I/opt/spechunter/chipyard-issue-715/.conda-env/share/verilator/include -I/opt/spechunter/chipyard-issue-715/.conda-env/share/verilator/include/vltstd -DVM_COVERAGE=0 -DVM_SC=0 -DVM_TRACE=0 -DVM_TRACE_FST=0 -DVM_TRACE_VCD=0 -faligned-new -fcf-protection=none -Wno-bool-operation -Wno-sign-compare -Wno-uninitialized -Wno-unused-but-set-variable -Wno-unused-parameter -Wno-unused-variable -Wno-shadow     -O3 -std=c++11 -I/opt/spechunter/chipyard-issue-715/.conda-env/riscv-tools/include -I/opt/spechunter/chipyard-issue-715-repairv3/tools/DRAMSim2 -I/opt/spechunter/chipyard-issue-715-repairv3/sims/verilator/generated-src/chipyard.TestHarness.SmallBoomConfig    -D__STDC_FORMAT_MACROS -DTEST_HARNESS=VTestHarness -DVERILATOR -include /opt/spechunter/chipyard-issue-715-repairv3/sims/verilator/generated-src/chipyard.TestHarness.SmallBoomConfig/chipyard.TestHarness.SmallBoomConfig.plusArgs -include /opt/spechunter/chipyard-issue-715-repairv3/sims/verilator/generated-src/chipyard.TestHarness.SmallBoomConfig/verilator.h -include /opt/spechunter/chipyard-issue-715-repairv3/sims/verilator/generated-src/chipyard.TestHarness.SmallBoomConfig/chipyard.TestHarness.SmallBoomConfig/VTestHarness.h  -DVL_THREADED -std=c++17  -c -o VTestHarness___024root__DepSet_hcfd557fa__5__Slow.o VTestHarness___024root__DepSet_hcfd557fa__5__Slow.cpp
In file included from /opt/spechunter/chipyard-issue-715/.conda-env/share/verilator/include/verilated.h:35,
                 from /opt/spechunter/chipyard-issue-715/.conda-env/share/verilator/include/verilated_vcd_c.h:24,
                 from /opt/spechunter/chipyard-issue-715-repairv3/sims/verilator/generated-src/chipyard.TestHarness.SmallBoomConfig/verilator.h:4,
                 from <command-line>:
/opt/spechunter/chipyard-issue-715/.conda-env/share/verilator/include/verilatedos.h:291: warning: "__STDC_FORMAT_MACROS" redefined
  291 | #define __STDC_FORMAT_MACROS
      | 
<command-line>: note: this is the location of the previous definition
/opt/spechunter/chipyard-issue-715/.conda-env/bin/x86_64-conda-linux-gnu-c++  -I.  -MMD -I/opt/spechunter/chipyard-issue-715/.conda-env/share/verilator/include -I/opt/spechunter/chipyard-issue-715/.conda-env/share/verilator/include/vltstd -DVM_COVERAGE=0 -DVM_SC=0 -DVM_TRACE=0 -DVM_TRACE_FST=0 -DVM_TRACE_VCD=0 -faligned-new -fcf-protection=none -Wno-bool-operation -Wno-sign-compare -Wno-uninitialized -Wno-unused-but-set-variable -Wno-unused-parameter -Wno-unused-variable -Wno-shadow     -O3 -std=c++11 -I/opt/spechunter/chipyard-issue-715/.conda-env/riscv-tools/include -I/opt/spechunter/chipyard-issue-715-repairv3/tools/DRAMSim2 -I/opt/spechunter/chipyard-issue-715-repairv3/sims/verilator/generated-src/chipyard.TestHarness.SmallBoomConfig    -D__STDC_FORMAT_MACROS -DTEST_HARNESS=VTestHarness -DVERILATOR -include /opt/spechunter/chipyard-issue-715-repairv3/sims/verilator/generated-src/chipyard.TestHarness.SmallBoomConfig/chipyard.TestHarness.SmallBoomConfig.plusArgs -include /opt/spechunter/chipyard-issue-715-repairv3/sims/verilator/generated-src/chipyard.TestHarness.SmallBoomConfig/verilator.h -include /opt/spechunter/chipyard-issue-715-repairv3/sims/verilator/generated-src/chipyard.TestHarness.SmallBoomConfig/chipyard.TestHarness.SmallBoomConfig/VTestHarness.h  -DVL_THREADED -std=c++17  -c -o VTestHarness___024root__DepSet_hcfd557fa__6__Slow.o VTestHarness___024root__DepSet_hcfd557fa__6__Slow.cpp
In file included from /opt/spechunter/chipyard-issue-715/.conda-env/share/verilator/include/verilated.h:35,
                 from /opt/spechunter/chipyard-issue-715/.conda-env/share/verilator/include/verilated_vcd_c.h:24,
                 from /opt/spechunter/chipyard-issue-715-repairv3/sims/verilator/generated-src/chipyard.TestHarness.SmallBoomConfig/verilator.h:4,
                 from <command-line>:
/opt/spechunter/chipyard-issue-715/.conda-env/share/verilator/include/verilatedos.h:291: warning: "__STDC_FORMAT_MACROS" redefined
  291 | #define __STDC_FORMAT_MACROS
      | 
<command-line>: note: this is the location of the previous definition
/opt/spechunter/chipyard-issue-715/.conda-env/bin/x86_64-conda-linux-gnu-c++  -I.  -MMD -I/opt/spechunter/chipyard-issue-715/.conda-env/share/verilator/include -I/opt/spechunter/chipyard-issue-715/.conda-env/share/verilator/include/vltstd -DVM_COVERAGE=0 -DVM_SC=0 -DVM_TRACE=0 -DVM_TRACE_FST=0 -DVM_TRACE_VCD=0 -faligned-new -fcf-protection=none -Wno-bool-operation -Wno-sign-compare -Wno-uninitialized -Wno-unused-but-set-variable -Wno-unused-parameter -Wno-unused-variable -Wno-shadow     -O3 -std=c++11 -I/opt/spechunter/chipyard-issue-715/.conda-env/riscv-tools/include -I/opt/spechunter/chipyard-issue-715-repairv3/tools/DRAMSim2 -I/opt/spechunter/chipyard-issue-715-repairv3/sims/verilator/generated-src/chipyard.TestHarness.SmallBoomConfig    -D__STDC_FORMAT_MACROS -DTEST_HARNESS=VTestHarness -DVERILATOR -include /opt/spechunter/chipyard-issue-715-repairv3/sims/verilator/generated-src/chipyard.TestHarness.SmallBoomConfig/chipyard.TestHarness.SmallBoomConfig.plusArgs -include /opt/spechunter/chipyard-issue-715-repairv3/sims/verilator/generated-src/chipyard.TestHarness.SmallBoomConfig/verilator.h -include /opt/spechunter/chipyard-issue-715-repairv3/sims/verilator/generated-src/chipyard.TestHarness.SmallBoomConfig/chipyard.TestHarness.SmallBoomConfig/VTestHarness.h  -DVL_THREADED -std=c++17  -c -o VTestHarness___024root__DepSet_hcfd557fa__7__Slow.o VTestHarness___024root__DepSet_hcfd557fa__7__Slow.cpp
In file included from /opt/spechunter/chipyard-issue-715/.conda-env/share/verilator/include/verilated.h:35,
                 from /opt/spechunter/chipyard-issue-715/.conda-env/share/verilator/include/verilated_vcd_c.h:24,
                 from /opt/spechunter/chipyard-issue-715-repairv3/sims/verilator/generated-src/chipyard.TestHarness.SmallBoomConfig/verilator.h:4,
                 from <command-line>:
/opt/spechunter/chipyard-issue-715/.conda-env/share/verilator/include/verilatedos.h:291: warning: "__STDC_FORMAT_MACROS" redefined
  291 | #define __STDC_FORMAT_MACROS
      | 
<command-line>: note: this is the location of the previous definition
/opt/spechunter/chipyard-issue-715/.conda-env/bin/x86_64-conda-linux-gnu-c++  -I.  -MMD -I/opt/spechunter/chipyard-issue-715/.conda-env/share/verilator/include -I/opt/spechunter/chipyard-issue-715/.conda-env/share/verilator/include/vltstd -DVM_COVERAGE=0 -DVM_SC=0 -DVM_TRACE=0 -DVM_TRACE_FST=0 -DVM_TRACE_VCD=0 -faligned-new -fcf-protection=none -Wno-bool-operation -Wno-sign-compare -Wno-uninitialized -Wno-unused-but-set-variable -Wno-unused-parameter -Wno-unused-variable -Wno-shadow     -O3 -std=c++11 -I/opt/spechunter/chipyard-issue-715/.conda-env/riscv-tools/include -I/opt/spechunter/chipyard-issue-715-repairv3/tools/DRAMSim2 -I/opt/spechunter/chipyard-issue-715-repairv3/sims/verilator/generated-src/chipyard.TestHarness.SmallBoomConfig    -D__STDC_FORMAT_MACROS -DTEST_HARNESS=VTestHarness -DVERILATOR -include /opt/spechunter/chipyard-issue-715-repairv3/sims/verilator/generated-src/chipyard.TestHarness.SmallBoomConfig/chipyard.TestHarness.SmallBoomConfig.plusArgs -include /opt/spechunter/chipyard-issue-715-repairv3/sims/verilator/generated-src/chipyard.TestHarness.SmallBoomConfig/verilator.h -include /opt/spechunter/chipyard-issue-715-repairv3/sims/verilator/generated-src/chipyard.TestHarness.SmallBoomConfig/chipyard.TestHarness.SmallBoomConfig/VTestHarness.h  -DVL_THREADED -std=c++17  -c -o VTestHarness___024root__DepSet_hcfd557fa__8__Slow.o VTestHarness___024root__DepSet_hcfd557fa__8__Slow.cpp
In file included from /opt/spechunter/chipyard-issue-715/.conda-env/share/verilator/include/verilated.h:35,
                 from /opt/spechunter/chipyard-issue-715/.conda-env/share/verilator/include/verilated_vcd_c.h:24,
                 from /opt/spechunter/chipyard-issue-715-repairv3/sims/verilator/generated-src/chipyard.TestHarness.SmallBoomConfig/verilator.h:4,
                 from <command-line>:
/opt/spechunter/chipyard-issue-715/.conda-env/share/verilator/include/verilatedos.h:291: warning: "__STDC_FORMAT_MACROS" redefined
  291 | #define __STDC_FORMAT_MACROS
      | 
<command-line>: note: this is the location of the previous definition
/opt/spechunter/chipyard-issue-715/.conda-env/bin/x86_64-conda-linux-gnu-c++  -I.  -MMD -I/opt/spechunter/chipyard-issue-715/.conda-env/share/verilator/include -I/opt/spechunter/chipyard-issue-715/.conda-env/share/verilator/include/vltstd -DVM_COVERAGE=0 -DVM_SC=0 -DVM_TRACE=0 -DVM_TRACE_FST=0 -DVM_TRACE_VCD=0 -faligned-new -fcf-protection=none -Wno-bool-operation -Wno-sign-compare -Wno-uninitialized -Wno-unused-but-set-variable -Wno-unused-parameter -Wno-unused-variable -Wno-shadow     -O3 -std=c++11 -I/opt/spechunter/chipyard-issue-715/.conda-env/riscv-tools/include -I/opt/spechunter/chipyard-issue-715-repairv3/tools/DRAMSim2 -I/opt/spechunter/chipyard-issue-715-repairv3/sims/verilator/generated-src/chipyard.TestHarness.SmallBoomConfig    -D__STDC_FORMAT_MACROS -DTEST_HARNESS=VTestHarness -DVERILATOR -include /opt/spechunter/chipyard-issue-715-repairv3/sims/verilator/generated-src/chipyard.TestHarness.SmallBoomConfig/chipyard.TestHarness.SmallBoomConfig.plusArgs -include /opt/spechunter/chipyard-issue-715-repairv3/sims/verilator/generated-src/chipyard.TestHarness.SmallBoomConfig/verilator.h -include /opt/spechunter/chipyard-issue-715-repairv3/sims/verilator/generated-src/chipyard.TestHarness.SmallBoomConfig/chipyard.TestHarness.SmallBoomConfig/VTestHarness.h  -DVL_THREADED -std=c++17  -c -o VTestHarness___024root__DepSet_hcfd557fa__9__Slow.o VTestHarness___024root__DepSet_hcfd557fa__9__Slow.cpp
In file included from /opt/spechunter/chipyard-issue-715/.conda-env/share/verilator/include/verilated.h:35,
                 from /opt/spechunter/chipyard-issue-715/.conda-env/share/verilator/include/verilated_vcd_c.h:24,
                 from /opt/spechunter/chipyard-issue-715-repairv3/sims/verilator/generated-src/chipyard.TestHarness.SmallBoomConfig/verilator.h:4,
                 from <command-line>:
/opt/spechunter/chipyard-issue-715/.conda-env/share/verilator/include/verilatedos.h:291: warning: "__STDC_FORMAT_MACROS" redefined
  291 | #define __STDC_FORMAT_MACROS
      | 
<command-line>: note: this is the location of the previous definition
/opt/spechunter/chipyard-issue-715/.conda-env/bin/x86_64-conda-linux-gnu-c++  -I.  -MMD -I/opt/spechunter/chipyard-issue-715/.conda-env/share/verilator/include -I/opt/spechunter/chipyard-issue-715/.conda-env/share/verilator/include/vltstd -DVM_COVERAGE=0 -DVM_SC=0 -DVM_TRACE=0 -DVM_TRACE_FST=0 -DVM_TRACE_VCD=0 -faligned-new -fcf-protection=none -Wno-bool-operation -Wno-sign-compare -Wno-uninitialized -Wno-unused-but-set-variable -Wno-unused-parameter -Wno-unused-variable -Wno-shadow     -O3 -std=c++11 -I/opt/spechunter/chipyard-issue-715/.conda-env/riscv-tools/include -I/opt/spechunter/chipyard-issue-715-repairv3/tools/DRAMSim2 -I/opt/spechunter/chipyard-issue-715-repairv3/sims/verilator/generated-src/chipyard.TestHarness.SmallBoomConfig    -D__STDC_FORMAT_MACROS -DTEST_HARNESS=VTestHarness -DVERILATOR -include /opt/spechunter/chipyard-issue-715-repairv3/sims/verilator/generated-src/chipyard.TestHarness.SmallBoomConfig/chipyard.TestHarness.SmallBoomConfig.plusArgs -include /opt/spechunter/chipyard-issue-715-repairv3/sims/verilator/generated-src/chipyard.TestHarness.SmallBoomConfig/verilator.h -include /opt/spechunter/chipyard-issue-715-repairv3/sims/verilator/generated-src/chipyard.TestHarness.SmallBoomConfig/chipyard.TestHarness.SmallBoomConfig/VTestHarness.h  -DVL_THREADED -std=c++17  -c -o VTestHarness___024root__DepSet_hcfd557fa__10__Slow.o VTestHarness___024root__DepSet_hcfd557fa__10__Slow.cpp
In file included from /opt/spechunter/chipyard-issue-715/.conda-env/share/verilator/include/verilated.h:35,
                 from /opt/spechunter/chipyard-issue-715/.conda-env/share/verilator/include/verilated_vcd_c.h:24,
                 from /opt/spechunter/chipyard-issue-715-repairv3/sims/verilator/generated-src/chipyard.TestHarness.SmallBoomConfig/verilator.h:4,
                 from <command-line>:
/opt/spechunter/chipyard-issue-715/.conda-env/share/verilator/include/verilatedos.h:291: warning: "__STDC_FORMAT_MACROS" redefined
  291 | #define __STDC_FORMAT_MACROS
      | 
<command-line>: note: this is the location of the previous definition
/opt/spechunter/chipyard-issue-715/.conda-env/bin/x86_64-conda-linux-gnu-c++  -I.  -MMD -I/opt/spechunter/chipyard-issue-715/.conda-env/share/verilator/include -I/opt/spechunter/chipyard-issue-715/.conda-env/share/verilator/include/vltstd -DVM_COVERAGE=0 -DVM_SC=0 -DVM_TRACE=0 -DVM_TRACE_FST=0 -DVM_TRACE_VCD=0 -faligned-new -fcf-protection=none -Wno-bool-operation -Wno-sign-compare -Wno-uninitialized -Wno-unused-but-set-variable -Wno-unused-parameter -Wno-unused-variable -Wno-shadow     -O3 -std=c++11 -I/opt/spechunter/chipyard-issue-715/.conda-env/riscv-tools/include -I/opt/spechunter/chipyard-issue-715-repairv3/tools/DRAMSim2 -I/opt/spechunter/chipyard-issue-715-repairv3/sims/verilator/generated-src/chipyard.TestHarness.SmallBoomConfig    -D__STDC_FORMAT_MACROS -DTEST_HARNESS=VTestHarness -DVERILATOR -include /opt/spechunter/chipyard-issue-715-repairv3/sims/verilator/generated-src/chipyard.TestHarness.SmallBoomConfig/chipyard.TestHarness.SmallBoomConfig.plusArgs -include /opt/spechunter/chipyard-issue-715-repairv3/sims/verilator/generated-src/chipyard.TestHarness.SmallBoomConfig/verilator.h -include /opt/spechunter/chipyard-issue-715-repairv3/sims/verilator/generated-src/chipyard.TestHarness.SmallBoomConfig/chipyard.TestHarness.SmallBoomConfig/VTestHarness.h  -DVL_THREADED -std=c++17  -c -o VTestHarness___024root__DepSet_hcfd557fa__11__Slow.o VTestHarness___024root__DepSet_hcfd557fa__11__Slow.cpp
In file included from /opt/spechunter/chipyard-issue-715/.conda-env/share/verilator/include/verilated.h:35,
                 from /opt/spechunter/chipyard-issue-715/.conda-env/share/verilator/include/verilated_vcd_c.h:24,
                 from /opt/spechunter/chipyard-issue-715-repairv3/sims/verilator/generated-src/chipyard.TestHarness.SmallBoomConfig/verilator.h:4,
                 from <command-line>:
/opt/spechunter/chipyard-issue-715/.conda-env/share/verilator/include/verilatedos.h:291: warning: "__STDC_FORMAT_MACROS" redefined
  291 | #define __STDC_FORMAT_MACROS
      | 
<command-line>: note: this is the location of the previous definition
/opt/spechunter/chipyard-issue-715/.conda-env/bin/x86_64-conda-linux-gnu-c++  -I.  -MMD -I/opt/spechunter/chipyard-issue-715/.conda-env/share/verilator/include -I/opt/spechunter/chipyard-issue-715/.conda-env/share/verilator/include/vltstd -DVM_COVERAGE=0 -DVM_SC=0 -DVM_TRACE=0 -DVM_TRACE_FST=0 -DVM_TRACE_VCD=0 -faligned-new -fcf-protection=none -Wno-bool-operation -Wno-sign-compare -Wno-uninitialized -Wno-unused-but-set-variable -Wno-unused-parameter -Wno-unused-variable -Wno-shadow     -O3 -std=c++11 -I/opt/spechunter/chipyard-issue-715/.conda-env/riscv-tools/include -I/opt/spechunter/chipyard-issue-715-repairv3/tools/DRAMSim2 -I/opt/spechunter/chipyard-issue-715-repairv3/sims/verilator/generated-src/chipyard.TestHarness.SmallBoomConfig    -D__STDC_FORMAT_MACROS -DTEST_HARNESS=VTestHarness -DVERILATOR -include /opt/spechunter/chipyard-issue-715-repairv3/sims/verilator/generated-src/chipyard.TestHarness.SmallBoomConfig/chipyard.TestHarness.SmallBoomConfig.plusArgs -include /opt/spechunter/chipyard-issue-715-repairv3/sims/verilator/generated-src/chipyard.TestHarness.SmallBoomConfig/verilator.h -include /opt/spechunter/chipyard-issue-715-repairv3/sims/verilator/generated-src/chipyard.TestHarness.SmallBoomConfig/chipyard.TestHarness.SmallBoomConfig/VTestHarness.h  -DVL_THREADED -std=c++17  -c -o VTestHarness___024root__DepSet_hcfd557fa__12__Slow.o VTestHarness___024root__DepSet_hcfd557fa__12__Slow.cpp
In file included from /opt/spechunter/chipyard-issue-715/.conda-env/share/verilator/include/verilated.h:35,
                 from /opt/spechunter/chipyard-issue-715/.conda-env/share/verilator/include/verilated_vcd_c.h:24,
                 from /opt/spechunter/chipyard-issue-715-repairv3/sims/verilator/generated-src/chipyard.TestHarness.SmallBoomConfig/verilator.h:4,
                 from <command-line>:
/opt/spechunter/chipyard-issue-715/.conda-env/share/verilator/include/verilatedos.h:291: warning: "__STDC_FORMAT_MACROS" redefined
  291 | #define __STDC_FORMAT_MACROS
      | 
<command-line>: note: this is the location of the previous definition
/opt/spechunter/chipyard-issue-715/.conda-env/bin/x86_64-conda-linux-gnu-c++  -I.  -MMD -I/opt/spechunter/chipyard-issue-715/.conda-env/share/verilator/include -I/opt/spechunter/chipyard-issue-715/.conda-env/share/verilator/include/vltstd -DVM_COVERAGE=0 -DVM_SC=0 -DVM_TRACE=0 -DVM_TRACE_FST=0 -DVM_TRACE_VCD=0 -faligned-new -fcf-protection=none -Wno-bool-operation -Wno-sign-compare -Wno-uninitialized -Wno-unused-but-set-variable -Wno-unused-parameter -Wno-unused-variable -Wno-shadow     -O3 -std=c++11 -I/opt/spechunter/chipyard-issue-715/.conda-env/riscv-tools/include -I/opt/spechunter/chipyard-issue-715-repairv3/tools/DRAMSim2 -I/opt/spechunter/chipyard-issue-715-repairv3/sims/verilator/generated-src/chipyard.TestHarness.SmallBoomConfig    -D__STDC_FORMAT_MACROS -DTEST_HARNESS=VTestHarness -DVERILATOR -include /opt/spechunter/chipyard-issue-715-repairv3/sims/verilator/generated-src/chipyard.TestHarness.SmallBoomConfig/chipyard.TestHarness.SmallBoomConfig.plusArgs -include /opt/spechunter/chipyard-issue-715-repairv3/sims/verilator/generated-src/chipyard.TestHarness.SmallBoomConfig/verilator.h -include /opt/spechunter/chipyard-issue-715-repairv3/sims/verilator/generated-src/chipyard.TestHarness.SmallBoomConfig/chipyard.TestHarness.SmallBoomConfig/VTestHarness.h  -DVL_THREADED -std=c++17  -c -o VTestHarness___024root__DepSet_hcfd557fa__13__Slow.o VTestHarness___024root__DepSet_hcfd557fa__13__Slow.cpp
In file included from /opt/spechunter/chipyard-issue-715/.conda-env/share/verilator/include/verilated.h:35,
                 from /opt/spechunter/chipyard-issue-715/.conda-env/share/verilator/include/verilated_vcd_c.h:24,
                 from /opt/spechunter/chipyard-issue-715-repairv3/sims/verilator/generated-src/chipyard.TestHarness.SmallBoomConfig/verilator.h:4,
                 from <command-line>:
/opt/spechunter/chipyard-issue-715/.conda-env/share/verilator/include/verilatedos.h:291: warning: "__STDC_FORMAT_MACROS" redefined
  291 | #define __STDC_FORMAT_MACROS
      | 
<command-line>: note: this is the location of the previous definition
/opt/spechunter/chipyard-issue-715/.conda-env/bin/x86_64-conda-linux-gnu-c++  -I.  -MMD -I/opt/spechunter/chipyard-issue-715/.conda-env/share/verilator/include -I/opt/spechunter/chipyard-issue-715/.conda-env/share/verilator/include/vltstd -DVM_COVERAGE=0 -DVM_SC=0 -DVM_TRACE=0 -DVM_TRACE_FST=0 -DVM_TRACE_VCD=0 -faligned-new -fcf-protection=none -Wno-bool-operation -Wno-sign-compare -Wno-uninitialized -Wno-unused-but-set-variable -Wno-unused-parameter -Wno-unused-variable -Wno-shadow     -O3 -std=c++11 -I/opt/spechunter/chipyard-issue-715/.conda-env/riscv-tools/include -I/opt/spechunter/chipyard-issue-715-repairv3/tools/DRAMSim2 -I/opt/spechunter/chipyard-issue-715-repairv3/sims/verilator/generated-src/chipyard.TestHarness.SmallBoomConfig    -D__STDC_FORMAT_MACROS -DTEST_HARNESS=VTestHarness -DVERILATOR -include /opt/spechunter/chipyard-issue-715-repairv3/sims/verilator/generated-src/chipyard.TestHarness.SmallBoomConfig/chipyard.TestHarness.SmallBoomConfig.plusArgs -include /opt/spechunter/chipyard-issue-715-repairv3/sims/verilator/generated-src/chipyard.TestHarness.SmallBoomConfig/verilator.h -include /opt/spechunter/chipyard-issue-715-repairv3/sims/verilator/generated-src/chipyard.TestHarness.SmallBoomConfig/chipyard.TestHarness.SmallBoomConfig/VTestHarness.h  -DVL_THREADED -std=c++17  -c -o VTestHarness___024root__DepSet_hcfd557fa__14__Slow.o VTestHarness___024root__DepSet_hcfd557fa__14__Slow.cpp
In file included from /opt/spechunter/chipyard-issue-715/.conda-env/share/verilator/include/verilated.h:35,
                 from /opt/spechunter/chipyard-issue-715/.conda-env/share/verilator/include/verilated_vcd_c.h:24,
                 from /opt/spechunter/chipyard-issue-715-repairv3/sims/verilator/generated-src/chipyard.TestHarness.SmallBoomConfig/verilator.h:4,
                 from <command-line>:
/opt/spechunter/chipyard-issue-715/.conda-env/share/verilator/include/verilatedos.h:291: warning: "__STDC_FORMAT_MACROS" redefined
  291 | #define __STDC_FORMAT_MACROS
      | 
<command-line>: note: this is the location of the previous definition
/opt/spechunter/chipyard-issue-715/.conda-env/bin/x86_64-conda-linux-gnu-c++  -I.  -MMD -I/opt/spechunter/chipyard-issue-715/.conda-env/share/verilator/include -I/opt/spechunter/chipyard-issue-715/.conda-env/share/verilator/include/vltstd -DVM_COVERAGE=0 -DVM_SC=0 -DVM_TRACE=0 -DVM_TRACE_FST=0 -DVM_TRACE_VCD=0 -faligned-new -fcf-protection=none -Wno-bool-operation -Wno-sign-compare -Wno-uninitialized -Wno-unused-but-set-variable -Wno-unused-parameter -Wno-unused-variable -Wno-shadow     -O3 -std=c++11 -I/opt/spechunter/chipyard-issue-715/.conda-env/riscv-tools/include -I/opt/spechunter/chipyard-issue-715-repairv3/tools/DRAMSim2 -I/opt/spechunter/chipyard-issue-715-repairv3/sims/verilator/generated-src/chipyard.TestHarness.SmallBoomConfig    -D__STDC_FORMAT_MACROS -DTEST_HARNESS=VTestHarness -DVERILATOR -include /opt/spechunter/chipyard-issue-715-repairv3/sims/verilator/generated-src/chipyard.TestHarness.SmallBoomConfig/chipyard.TestHarness.SmallBoomConfig.plusArgs -include /opt/spechunter/chipyard-issue-715-repairv3/sims/verilator/generated-src/chipyard.TestHarness.SmallBoomConfig/verilator.h -include /opt/spechunter/chipyard-issue-715-repairv3/sims/verilator/generated-src/chipyard.TestHarness.SmallBoomConfig/chipyard.TestHarness.SmallBoomConfig/VTestHarness.h  -DVL_THREADED -std=c++17  -c -o VTestHarness___024root__DepSet_hcfd557fa__15__Slow.o VTestHarness___024root__DepSet_hcfd557fa__15__Slow.cpp
In file included from /opt/spechunter/chipyard-issue-715/.conda-env/share/verilator/include/verilated.h:35,
                 from /opt/spechunter/chipyard-issue-715/.conda-env/share/verilator/include/verilated_vcd_c.h:24,
                 from /opt/spechunter/chipyard-issue-715-repairv3/sims/verilator/generated-src/chipyard.TestHarness.SmallBoomConfig/verilator.h:4,
                 from <command-line>:
/opt/spechunter/chipyard-issue-715/.conda-env/share/verilator/include/verilatedos.h:291: warning: "__STDC_FORMAT_MACROS" redefined
  291 | #define __STDC_FORMAT_MACROS
      | 
<command-line>: note: this is the location of the previous definition
/opt/spechunter/chipyard-issue-715/.conda-env/bin/x86_64-conda-linux-gnu-c++  -I.  -MMD -I/opt/spechunter/chipyard-issue-715/.conda-env/share/verilator/include -I/opt/spechunter/chipyard-issue-715/.conda-env/share/verilator/include/vltstd -DVM_COVERAGE=0 -DVM_SC=0 -DVM_TRACE=0 -DVM_TRACE_FST=0 -DVM_TRACE_VCD=0 -faligned-new -fcf-protection=none -Wno-bool-operation -Wno-sign-compare -Wno-uninitialized -Wno-unused-but-set-variable -Wno-unused-parameter -Wno-unused-variable -Wno-shadow     -O3 -std=c++11 -I/opt/spechunter/chipyard-issue-715/.conda-env/riscv-tools/include -I/opt/spechunter/chipyard-issue-715-repairv3/tools/DRAMSim2 -I/opt/spechunter/chipyard-issue-715-repairv3/sims/verilator/generated-src/chipyard.TestHarness.SmallBoomConfig    -D__STDC_FORMAT_MACROS -DTEST_HARNESS=VTestHarness -DVERILATOR -include /opt/spechunter/chipyard-issue-715-repairv3/sims/verilator/generated-src/chipyard.TestHarness.SmallBoomConfig/chipyard.TestHarness.SmallBoomConfig.plusArgs -include /opt/spechunter/chipyard-issue-715-repairv3/sims/verilator/generated-src/chipyard.TestHarness.SmallBoomConfig/verilator.h -include /opt/spechunter/chipyard-issue-715-repairv3/sims/verilator/generated-src/chipyard.TestHarness.SmallBoomConfig/chipyard.TestHarness.SmallBoomConfig/VTestHarness.h  -DVL_THREADED -std=c++17  -c -o VTestHarness___024root__DepSet_hcfd557fa__16__Slow.o VTestHarness___024root__DepSet_hcfd557fa__16__Slow.cpp
In file included from /opt/spechunter/chipyard-issue-715/.conda-env/share/verilator/include/verilated.h:35,
                 from /opt/spechunter/chipyard-issue-715/.conda-env/share/verilator/include/verilated_vcd_c.h:24,
                 from /opt/spechunter/chipyard-issue-715-repairv3/sims/verilator/generated-src/chipyard.TestHarness.SmallBoomConfig/verilator.h:4,
                 from <command-line>:
/opt/spechunter/chipyard-issue-715/.conda-env/share/verilator/include/verilatedos.h:291: warning: "__STDC_FORMAT_MACROS" redefined
  291 | #define __STDC_FORMAT_MACROS
      | 
<command-line>: note: this is the location of the previous definition
/opt/spechunter/chipyard-issue-715/.conda-env/bin/x86_64-conda-linux-gnu-c++  -I.  -MMD -I/opt/spechunter/chipyard-issue-715/.conda-env/share/verilator/include -I/opt/spechunter/chipyard-issue-715/.conda-env/share/verilator/include/vltstd -DVM_COVERAGE=0 -DVM_SC=0 -DVM_TRACE=0 -DVM_TRACE_FST=0 -DVM_TRACE_VCD=0 -faligned-new -fcf-protection=none -Wno-bool-operation -Wno-sign-compare -Wno-uninitialized -Wno-unused-but-set-variable -Wno-unused-parameter -Wno-unused-variable -Wno-shadow     -O3 -std=c++11 -I/opt/spechunter/chipyard-issue-715/.conda-env/riscv-tools/include -I/opt/spechunter/chipyard-issue-715-repairv3/tools/DRAMSim2 -I/opt/spechunter/chipyard-issue-715-repairv3/sims/verilator/generated-src/chipyard.TestHarness.SmallBoomConfig    -D__STDC_FORMAT_MACROS -DTEST_HARNESS=VTestHarness -DVERILATOR -include /opt/spechunter/chipyard-issue-715-repairv3/sims/verilator/generated-src/chipyard.TestHarness.SmallBoomConfig/chipyard.TestHarness.SmallBoomConfig.plusArgs -include /opt/spechunter/chipyard-issue-715-repairv3/sims/verilator/generated-src/chipyard.TestHarness.SmallBoomConfig/verilator.h -include /opt/spechunter/chipyard-issue-715-repairv3/sims/verilator/generated-src/chipyard.TestHarness.SmallBoomConfig/chipyard.TestHarness.SmallBoomConfig/VTestHarness.h  -DVL_THREADED -std=c++17  -c -o VTestHarness___024root__DepSet_hcfd557fa__17__Slow.o VTestHarness___024root__DepSet_hcfd557fa__17__Slow.cpp
In file included from /opt/spechunter/chipyard-issue-715/.conda-env/share/verilator/include/verilated.h:35,
                 from /opt/spechunter/chipyard-issue-715/.conda-env/share/verilator/include/verilated_vcd_c.h:24,
                 from /opt/spechunter/chipyard-issue-715-repairv3/sims/verilator/generated-src/chipyard.TestHarness.SmallBoomConfig/verilator.h:4,
                 from <command-line>:
/opt/spechunter/chipyard-issue-715/.conda-env/share/verilator/include/verilatedos.h:291: warning: "__STDC_FORMAT_MACROS" redefined
  291 | #define __STDC_FORMAT_MACROS
      | 
<command-line>: note: this is the location of the previous definition
/opt/spechunter/chipyard-issue-715/.conda-env/bin/x86_64-conda-linux-gnu-c++  -I.  -MMD -I/opt/spechunter/chipyard-issue-715/.conda-env/share/verilator/include -I/opt/spechunter/chipyard-issue-715/.conda-env/share/verilator/include/vltstd -DVM_COVERAGE=0 -DVM_SC=0 -DVM_TRACE=0 -DVM_TRACE_FST=0 -DVM_TRACE_VCD=0 -faligned-new -fcf-protection=none -Wno-bool-operation -Wno-sign-compare -Wno-uninitialized -Wno-unused-but-set-variable -Wno-unused-parameter -Wno-unused-variable -Wno-shadow     -O3 -std=c++11 -I/opt/spechunter/chipyard-issue-715/.conda-env/riscv-tools/include -I/opt/spechunter/chipyard-issue-715-repairv3/tools/DRAMSim2 -I/opt/spechunter/chipyard-issue-715-repairv3/sims/verilator/generated-src/chipyard.TestHarness.SmallBoomConfig    -D__STDC_FORMAT_MACROS -DTEST_HARNESS=VTestHarness -DVERILATOR -include /opt/spechunter/chipyard-issue-715-repairv3/sims/verilator/generated-src/chipyard.TestHarness.SmallBoomConfig/chipyard.TestHarness.SmallBoomConfig.plusArgs -include /opt/spechunter/chipyard-issue-715-repairv3/sims/verilator/generated-src/chipyard.TestHarness.SmallBoomConfig/verilator.h -include /opt/spechunter/chipyard-issue-715-repairv3/sims/verilator/generated-src/chipyard.TestHarness.SmallBoomConfig/chipyard.TestHarness.SmallBoomConfig/VTestHarness.h  -DVL_THREADED -std=c++17  -c -o VTestHarness___024root__DepSet_hcfd557fa__18__Slow.o VTestHarness___024root__DepSet_hcfd557fa__18__Slow.cpp
In file included from /opt/spechunter/chipyard-issue-715/.conda-env/share/verilator/include/verilated.h:35,
                 from /opt/spechunter/chipyard-issue-715/.conda-env/share/verilator/include/verilated_vcd_c.h:24,
                 from /opt/spechunter/chipyard-issue-715-repairv3/sims/verilator/generated-src/chipyard.TestHarness.SmallBoomConfig/verilator.h:4,
                 from <command-line>:
/opt/spechunter/chipyard-issue-715/.conda-env/share/verilator/include/verilatedos.h:291: warning: "__STDC_FORMAT_MACROS" redefined
  291 | #define __STDC_FORMAT_MACROS
      | 
<command-line>: note: this is the location of the previous definition
/opt/spechunter/chipyard-issue-715/.conda-env/bin/x86_64-conda-linux-gnu-c++  -I.  -MMD -I/opt/spechunter/chipyard-issue-715/.conda-env/share/verilator/include -I/opt/spechunter/chipyard-issue-715/.conda-env/share/verilator/include/vltstd -DVM_COVERAGE=0 -DVM_SC=0 -DVM_TRACE=0 -DVM_TRACE_FST=0 -DVM_TRACE_VCD=0 -faligned-new -fcf-protection=none -Wno-bool-operation -Wno-sign-compare -Wno-uninitialized -Wno-unused-but-set-variable -Wno-unused-parameter -Wno-unused-variable -Wno-shadow     -O3 -std=c++11 -I/opt/spechunter/chipyard-issue-715/.conda-env/riscv-tools/include -I/opt/spechunter/chipyard-issue-715-repairv3/tools/DRAMSim2 -I/opt/spechunter/chipyard-issue-715-repairv3/sims/verilator/generated-src/chipyard.TestHarness.SmallBoomConfig    -D__STDC_FORMAT_MACROS -DTEST_HARNESS=VTestHarness -DVERILATOR -include /opt/spechunter/chipyard-issue-715-repairv3/sims/verilator/generated-src/chipyard.TestHarness.SmallBoomConfig/chipyard.TestHarness.SmallBoomConfig.plusArgs -include /opt/spechunter/chipyard-issue-715-repairv3/sims/verilator/generated-src/chipyard.TestHarness.SmallBoomConfig/verilator.h -include /opt/spechunter/chipyard-issue-715-repairv3/sims/verilator/generated-src/chipyard.TestHarness.SmallBoomConfig/chipyard.TestHarness.SmallBoomConfig/VTestHarness.h  -DVL_THREADED -std=c++17  -c -o VTestHarness___024root__DepSet_hcfd557fa__19__Slow.o VTestHarness___024root__DepSet_hcfd557fa__19__Slow.cpp
In file included from /opt/spechunter/chipyard-issue-715/.conda-env/share/verilator/include/verilated.h:35,
                 from /opt/spechunter/chipyard-issue-715/.conda-env/share/verilator/include/verilated_vcd_c.h:24,
                 from /opt/spechunter/chipyard-issue-715-repairv3/sims/verilator/generated-src/chipyard.TestHarness.SmallBoomConfig/verilator.h:4,
                 from <command-line>:
/opt/spechunter/chipyard-issue-715/.conda-env/share/verilator/include/verilatedos.h:291: warning: "__STDC_FORMAT_MACROS" redefined
  291 | #define __STDC_FORMAT_MACROS
      | 
<command-line>: note: this is the location of the previous definition
/opt/spechunter/chipyard-issue-715/.conda-env/bin/x86_64-conda-linux-gnu-c++  -I.  -MMD -I/opt/spechunter/chipyard-issue-715/.conda-env/share/verilator/include -I/opt/spechunter/chipyard-issue-715/.conda-env/share/verilator/include/vltstd -DVM_COVERAGE=0 -DVM_SC=0 -DVM_TRACE=0 -DVM_TRACE_FST=0 -DVM_TRACE_VCD=0 -faligned-new -fcf-protection=none -Wno-bool-operation -Wno-sign-compare -Wno-uninitialized -Wno-unused-but-set-variable -Wno-unused-parameter -Wno-unused-variable -Wno-shadow     -O3 -std=c++11 -I/opt/spechunter/chipyard-issue-715/.conda-env/riscv-tools/include -I/opt/spechunter/chipyard-issue-715-repairv3/tools/DRAMSim2 -I/opt/spechunter/chipyard-issue-715-repairv3/sims/verilator/generated-src/chipyard.TestHarness.SmallBoomConfig    -D__STDC_FORMAT_MACROS -DTEST_HARNESS=VTestHarness -DVERILATOR -include /opt/spechunter/chipyard-issue-715-repairv3/sims/verilator/generated-src/chipyard.TestHarness.SmallBoomConfig/chipyard.TestHarness.SmallBoomConfig.plusArgs -include /opt/spechunter/chipyard-issue-715-repairv3/sims/verilator/generated-src/chipyard.TestHarness.SmallBoomConfig/verilator.h -include /opt/spechunter/chipyard-issue-715-repairv3/sims/verilator/generated-src/chipyard.TestHarness.SmallBoomConfig/chipyard.TestHarness.SmallBoomConfig/VTestHarness.h  -DVL_THREADED -std=c++17  -c -o VTestHarness___024root__DepSet_hcfd557fa__20__Slow.o VTestHarness___024root__DepSet_hcfd557fa__20__Slow.cpp
In file included from /opt/spechunter/chipyard-issue-715/.conda-env/share/verilator/include/verilated.h:35,
                 from /opt/spechunter/chipyard-issue-715/.conda-env/share/verilator/include/verilated_vcd_c.h:24,
                 from /opt/spechunter/chipyard-issue-715-repairv3/sims/verilator/generated-src/chipyard.TestHarness.SmallBoomConfig/verilator.h:4,
                 from <command-line>:
/opt/spechunter/chipyard-issue-715/.conda-env/share/verilator/include/verilatedos.h:291: warning: "__STDC_FORMAT_MACROS" redefined
  291 | #define __STDC_FORMAT_MACROS
      | 
<command-line>: note: this is the location of the previous definition
/opt/spechunter/chipyard-issue-715/.conda-env/bin/x86_64-conda-linux-gnu-c++  -I.  -MMD -I/opt/spechunter/chipyard-issue-715/.conda-env/share/verilator/include -I/opt/spechunter/chipyard-issue-715/.conda-env/share/verilator/include/vltstd -DVM_COVERAGE=0 -DVM_SC=0 -DVM_TRACE=0 -DVM_TRACE_FST=0 -DVM_TRACE_VCD=0 -faligned-new -fcf-protection=none -Wno-bool-operation -Wno-sign-compare -Wno-uninitialized -Wno-unused-but-set-variable -Wno-unused-parameter -Wno-unused-variable -Wno-shadow     -O3 -std=c++11 -I/opt/spechunter/chipyard-issue-715/.conda-env/riscv-tools/include -I/opt/spechunter/chipyard-issue-715-repairv3/tools/DRAMSim2 -I/opt/spechunter/chipyard-issue-715-repairv3/sims/verilator/generated-src/chipyard.TestHarness.SmallBoomConfig    -D__STDC_FORMAT_MACROS -DTEST_HARNESS=VTestHarness -DVERILATOR -include /opt/spechunter/chipyard-issue-715-repairv3/sims/verilator/generated-src/chipyard.TestHarness.SmallBoomConfig/chipyard.TestHarness.SmallBoomConfig.plusArgs -include /opt/spechunter/chipyard-issue-715-repairv3/sims/verilator/generated-src/chipyard.TestHarness.SmallBoomConfig/verilator.h -include /opt/spechunter/chipyard-issue-715-repairv3/sims/verilator/generated-src/chipyard.TestHarness.SmallBoomConfig/chipyard.TestHarness.SmallBoomConfig/VTestHarness.h  -DVL_THREADED -std=c++17  -c -o VTestHarness___024root__DepSet_hcfd557fa__21__Slow.o VTestHarness___024root__DepSet_hcfd557fa__21__Slow.cpp
In file included from /opt/spechunter/chipyard-issue-715/.conda-env/share/verilator/include/verilated.h:35,
                 from /opt/spechunter/chipyard-issue-715/.conda-env/share/verilator/include/verilated_vcd_c.h:24,
                 from /opt/spechunter/chipyard-issue-715-repairv3/sims/verilator/generated-src/chipyard.TestHarness.SmallBoomConfig/verilator.h:4,
                 from <command-line>:
/opt/spechunter/chipyard-issue-715/.conda-env/share/verilator/include/verilatedos.h:291: warning: "__STDC_FORMAT_MACROS" redefined
  291 | #define __STDC_FORMAT_MACROS
      | 
<command-line>: note: this is the location of the previous definition
/opt/spechunter/chipyard-issue-715/.conda-env/bin/x86_64-conda-linux-gnu-c++  -I.  -MMD -I/opt/spechunter/chipyard-issue-715/.conda-env/share/verilator/include -I/opt/spechunter/chipyard-issue-715/.conda-env/share/verilator/include/vltstd -DVM_COVERAGE=0 -DVM_SC=0 -DVM_TRACE=0 -DVM_TRACE_FST=0 -DVM_TRACE_VCD=0 -faligned-new -fcf-protection=none -Wno-bool-operation -Wno-sign-compare -Wno-uninitialized -Wno-unused-but-set-variable -Wno-unused-parameter -Wno-unused-variable -Wno-shadow     -O3 -std=c++11 -I/opt/spechunter/chipyard-issue-715/.conda-env/riscv-tools/include -I/opt/spechunter/chipyard-issue-715-repairv3/tools/DRAMSim2 -I/opt/spechunter/chipyard-issue-715-repairv3/sims/verilator/generated-src/chipyard.TestHarness.SmallBoomConfig    -D__STDC_FORMAT_MACROS -DTEST_HARNESS=VTestHarness -DVERILATOR -include /opt/spechunter/chipyard-issue-715-repairv3/sims/verilator/generated-src/chipyard.TestHarness.SmallBoomConfig/chipyard.TestHarness.SmallBoomConfig.plusArgs -include /opt/spechunter/chipyard-issue-715-repairv3/sims/verilator/generated-src/chipyard.TestHarness.SmallBoomConfig/verilator.h -include /opt/spechunter/chipyard-issue-715-repairv3/sims/verilator/generated-src/chipyard.TestHarness.SmallBoomConfig/chipyard.TestHarness.SmallBoomConfig/VTestHarness.h  -DVL_THREADED -std=c++17  -c -o VTestHarness___024root__DepSet_hcfd557fa__22__Slow.o VTestHarness___024root__DepSet_hcfd557fa__22__Slow.cpp
In file included from /opt/spechunter/chipyard-issue-715/.conda-env/share/verilator/include/verilated.h:35,
                 from /opt/spechunter/chipyard-issue-715/.conda-env/share/verilator/include/verilated_vcd_c.h:24,
                 from /opt/spechunter/chipyard-issue-715-repairv3/sims/verilator/generated-src/chipyard.TestHarness.SmallBoomConfig/verilator.h:4,
                 from <command-line>:
/opt/spechunter/chipyard-issue-715/.conda-env/share/verilator/include/verilatedos.h:291: warning: "__STDC_FORMAT_MACROS" redefined
  291 | #define __STDC_FORMAT_MACROS
      | 
<command-line>: note: this is the location of the previous definition
/opt/spechunter/chipyard-issue-715/.conda-env/bin/x86_64-conda-linux-gnu-c++  -I.  -MMD -I/opt/spechunter/chipyard-issue-715/.conda-env/share/verilator/include -I/opt/spechunter/chipyard-issue-715/.conda-env/share/verilator/include/vltstd -DVM_COVERAGE=0 -DVM_SC=0 -DVM_TRACE=0 -DVM_TRACE_FST=0 -DVM_TRACE_VCD=0 -faligned-new -fcf-protection=none -Wno-bool-operation -Wno-sign-compare -Wno-uninitialized -Wno-unused-but-set-variable -Wno-unused-parameter -Wno-unused-variable -Wno-shadow     -O3 -std=c++11 -I/opt/spechunter/chipyard-issue-715/.conda-env/riscv-tools/include -I/opt/spechunter/chipyard-issue-715-repairv3/tools/DRAMSim2 -I/opt/spechunter/chipyard-issue-715-repairv3/sims/verilator/generated-src/chipyard.TestHarness.SmallBoomConfig    -D__STDC_FORMAT_MACROS -DTEST_HARNESS=VTestHarness -DVERILATOR -include /opt/spechunter/chipyard-issue-715-repairv3/sims/verilator/generated-src/chipyard.TestHarness.SmallBoomConfig/chipyard.TestHarness.SmallBoomConfig.plusArgs -include /opt/spechunter/chipyard-issue-715-repairv3/sims/verilator/generated-src/chipyard.TestHarness.SmallBoomConfig/verilator.h -include /opt/spechunter/chipyard-issue-715-repairv3/sims/verilator/generated-src/chipyard.TestHarness.SmallBoomConfig/chipyard.TestHarness.SmallBoomConfig/VTestHarness.h  -DVL_THREADED -std=c++17  -c -o VTestHarness___024root__DepSet_hcfd557fa__23__Slow.o VTestHarness___024root__DepSet_hcfd557fa__23__Slow.cpp
In file included from /opt/spechunter/chipyard-issue-715/.conda-env/share/verilator/include/verilated.h:35,
                 from /opt/spechunter/chipyard-issue-715/.conda-env/share/verilator/include/verilated_vcd_c.h:24,
                 from /opt/spechunter/chipyard-issue-715-repairv3/sims/verilator/generated-src/chipyard.TestHarness.SmallBoomConfig/verilator.h:4,
                 from <command-line>:
/opt/spechunter/chipyard-issue-715/.conda-env/share/verilator/include/verilatedos.h:291: warning: "__STDC_FORMAT_MACROS" redefined
  291 | #define __STDC_FORMAT_MACROS
      | 
<command-line>: note: this is the location of the previous definition
/opt/spechunter/chipyard-issue-715/.conda-env/bin/x86_64-conda-linux-gnu-c++  -I.  -MMD -I/opt/spechunter/chipyard-issue-715/.conda-env/share/verilator/include -I/opt/spechunter/chipyard-issue-715/.conda-env/share/verilator/include/vltstd -DVM_COVERAGE=0 -DVM_SC=0 -DVM_TRACE=0 -DVM_TRACE_FST=0 -DVM_TRACE_VCD=0 -faligned-new -fcf-protection=none -Wno-bool-operation -Wno-sign-compare -Wno-uninitialized -Wno-unused-but-set-variable -Wno-unused-parameter -Wno-unused-variable -Wno-shadow     -O3 -std=c++11 -I/opt/spechunter/chipyard-issue-715/.conda-env/riscv-tools/include -I/opt/spechunter/chipyard-issue-715-repairv3/tools/DRAMSim2 -I/opt/spechunter/chipyard-issue-715-repairv3/sims/verilator/generated-src/chipyard.TestHarness.SmallBoomConfig    -D__STDC_FORMAT_MACROS -DTEST_HARNESS=VTestHarness -DVERILATOR -include /opt/spechunter/chipyard-issue-715-repairv3/sims/verilator/generated-src/chipyard.TestHarness.SmallBoomConfig/chipyard.TestHarness.SmallBoomConfig.plusArgs -include /opt/spechunter/chipyard-issue-715-repairv3/sims/verilator/generated-src/chipyard.TestHarness.SmallBoomConfig/verilator.h -include /opt/spechunter/chipyard-issue-715-repairv3/sims/verilator/generated-src/chipyard.TestHarness.SmallBoomConfig/chipyard.TestHarness.SmallBoomConfig/VTestHarness.h  -DVL_THREADED -std=c++17  -c -o VTestHarness___024root__DepSet_hcfd557fa__24__Slow.o VTestHarness___024root__DepSet_hcfd557fa__24__Slow.cpp
In file included from /opt/spechunter/chipyard-issue-715/.conda-env/share/verilator/include/verilated.h:35,
                 from /opt/spechunter/chipyard-issue-715/.conda-env/share/verilator/include/verilated_vcd_c.h:24,
                 from /opt/spechunter/chipyard-issue-715-repairv3/sims/verilator/generated-src/chipyard.TestHarness.SmallBoomConfig/verilator.h:4,
                 from <command-line>:
/opt/spechunter/chipyard-issue-715/.conda-env/share/verilator/include/verilatedos.h:291: warning: "__STDC_FORMAT_MACROS" redefined
  291 | #define __STDC_FORMAT_MACROS
      | 
<command-line>: note: this is the location of the previous definition
/opt/spechunter/chipyard-issue-715/.conda-env/bin/x86_64-conda-linux-gnu-c++  -I.  -MMD -I/opt/spechunter/chipyard-issue-715/.conda-env/share/verilator/include -I/opt/spechunter/chipyard-issue-715/.conda-env/share/verilator/include/vltstd -DVM_COVERAGE=0 -DVM_SC=0 -DVM_TRACE=0 -DVM_TRACE_FST=0 -DVM_TRACE_VCD=0 -faligned-new -fcf-protection=none -Wno-bool-operation -Wno-sign-compare -Wno-uninitialized -Wno-unused-but-set-variable -Wno-unused-parameter -Wno-unused-variable -Wno-shadow     -O3 -std=c++11 -I/opt/spechunter/chipyard-issue-715/.conda-env/riscv-tools/include -I/opt/spechunter/chipyard-issue-715-repairv3/tools/DRAMSim2 -I/opt/spechunter/chipyard-issue-715-repairv3/sims/verilator/generated-src/chipyard.TestHarness.SmallBoomConfig    -D__STDC_FORMAT_MACROS -DTEST_HARNESS=VTestHarness -DVERILATOR -include /opt/spechunter/chipyard-issue-715-repairv3/sims/verilator/generated-src/chipyard.TestHarness.SmallBoomConfig/chipyard.TestHarness.SmallBoomConfig.plusArgs -include /opt/spechunter/chipyard-issue-715-repairv3/sims/verilator/generated-src/chipyard.TestHarness.SmallBoomConfig/verilator.h -include /opt/spechunter/chipyard-issue-715-repairv3/sims/verilator/generated-src/chipyard.TestHarness.SmallBoomConfig/chipyard.TestHarness.SmallBoomConfig/VTestHarness.h  -DVL_THREADED -std=c++17  -c -o VTestHarness___024root__DepSet_hcfd557fa__25__Slow.o VTestHarness___024root__DepSet_hcfd557fa__25__Slow.cpp
In file included from /opt/spechunter/chipyard-issue-715/.conda-env/share/verilator/include/verilated.h:35,
                 from /opt/spechunter/chipyard-issue-715/.conda-env/share/verilator/include/verilated_vcd_c.h:24,
                 from /opt/spechunter/chipyard-issue-715-repairv3/sims/verilator/generated-src/chipyard.TestHarness.SmallBoomConfig/verilator.h:4,
                 from <command-line>:
/opt/spechunter/chipyard-issue-715/.conda-env/share/verilator/include/verilatedos.h:291: warning: "__STDC_FORMAT_MACROS" redefined
  291 | #define __STDC_FORMAT_MACROS
      | 
<command-line>: note: this is the location of the previous definition
/opt/spechunter/chipyard-issue-715/.conda-env/bin/x86_64-conda-linux-gnu-c++  -I.  -MMD -I/opt/spechunter/chipyard-issue-715/.conda-env/share/verilator/include -I/opt/spechunter/chipyard-issue-715/.conda-env/share/verilator/include/vltstd -DVM_COVERAGE=0 -DVM_SC=0 -DVM_TRACE=0 -DVM_TRACE_FST=0 -DVM_TRACE_VCD=0 -faligned-new -fcf-protection=none -Wno-bool-operation -Wno-sign-compare -Wno-uninitialized -Wno-unused-but-set-variable -Wno-unused-parameter -Wno-unused-variable -Wno-shadow     -O3 -std=c++11 -I/opt/spechunter/chipyard-issue-715/.conda-env/riscv-tools/include -I/opt/spechunter/chipyard-issue-715-repairv3/tools/DRAMSim2 -I/opt/spechunter/chipyard-issue-715-repairv3/sims/verilator/generated-src/chipyard.TestHarness.SmallBoomConfig    -D__STDC_FORMAT_MACROS -DTEST_HARNESS=VTestHarness -DVERILATOR -include /opt/spechunter/chipyard-issue-715-repairv3/sims/verilator/generated-src/chipyard.TestHarness.SmallBoomConfig/chipyard.TestHarness.SmallBoomConfig.plusArgs -include /opt/spechunter/chipyard-issue-715-repairv3/sims/verilator/generated-src/chipyard.TestHarness.SmallBoomConfig/verilator.h -include /opt/spechunter/chipyard-issue-715-repairv3/sims/verilator/generated-src/chipyard.TestHarness.SmallBoomConfig/chipyard.TestHarness.SmallBoomConfig/VTestHarness.h  -DVL_THREADED -std=c++17  -c -o VTestHarness___024root__DepSet_hcfd557fa__26__Slow.o VTestHarness___024root__DepSet_hcfd557fa__26__Slow.cpp
In file included from /opt/spechunter/chipyard-issue-715/.conda-env/share/verilator/include/verilated.h:35,
                 from /opt/spechunter/chipyard-issue-715/.conda-env/share/verilator/include/verilated_vcd_c.h:24,
                 from /opt/spechunter/chipyard-issue-715-repairv3/sims/verilator/generated-src/chipyard.TestHarness.SmallBoomConfig/verilator.h:4,
                 from <command-line>:
/opt/spechunter/chipyard-issue-715/.conda-env/share/verilator/include/verilatedos.h:291: warning: "__STDC_FORMAT_MACROS" redefined
  291 | #define __STDC_FORMAT_MACROS
      | 
<command-line>: note: this is the location of the previous definition
/opt/spechunter/chipyard-issue-715/.conda-env/bin/x86_64-conda-linux-gnu-c++  -I.  -MMD -I/opt/spechunter/chipyard-issue-715/.conda-env/share/verilator/include -I/opt/spechunter/chipyard-issue-715/.conda-env/share/verilator/include/vltstd -DVM_COVERAGE=0 -DVM_SC=0 -DVM_TRACE=0 -DVM_TRACE_FST=0 -DVM_TRACE_VCD=0 -faligned-new -fcf-protection=none -Wno-bool-operation -Wno-sign-compare -Wno-uninitialized -Wno-unused-but-set-variable -Wno-unused-parameter -Wno-unused-variable -Wno-shadow     -O3 -std=c++11 -I/opt/spechunter/chipyard-issue-715/.conda-env/riscv-tools/include -I/opt/spechunter/chipyard-issue-715-repairv3/tools/DRAMSim2 -I/opt/spechunter/chipyard-issue-715-repairv3/sims/verilator/generated-src/chipyard.TestHarness.SmallBoomConfig    -D__STDC_FORMAT_MACROS -DTEST_HARNESS=VTestHarness -DVERILATOR -include /opt/spechunter/chipyard-issue-715-repairv3/sims/verilator/generated-src/chipyard.TestHarness.SmallBoomConfig/chipyard.TestHarness.SmallBoomConfig.plusArgs -include /opt/spechunter/chipyard-issue-715-repairv3/sims/verilator/generated-src/chipyard.TestHarness.SmallBoomConfig/verilator.h -include /opt/spechunter/chipyard-issue-715-repairv3/sims/verilator/generated-src/chipyard.TestHarness.SmallBoomConfig/chipyard.TestHarness.SmallBoomConfig/VTestHarness.h  -DVL_THREADED -std=c++17  -c -o VTestHarness___024root__DepSet_hcfd557fa__27__Slow.o VTestHarness___024root__DepSet_hcfd557fa__27__Slow.cpp
In file included from /opt/spechunter/chipyard-issue-715/.conda-env/share/verilator/include/verilated.h:35,
                 from /opt/spechunter/chipyard-issue-715/.conda-env/share/verilator/include/verilated_vcd_c.h:24,
                 from /opt/spechunter/chipyard-issue-715-repairv3/sims/verilator/generated-src/chipyard.TestHarness.SmallBoomConfig/verilator.h:4,
                 from <command-line>:
/opt/spechunter/chipyard-issue-715/.conda-env/share/verilator/include/verilatedos.h:291: warning: "__STDC_FORMAT_MACROS" redefined
  291 | #define __STDC_FORMAT_MACROS
      | 
<command-line>: note: this is the location of the previous definition
/opt/spechunter/chipyard-issue-715/.conda-env/bin/x86_64-conda-linux-gnu-c++  -I.  -MMD -I/opt/spechunter/chipyard-issue-715/.conda-env/share/verilator/include -I/opt/spechunter/chipyard-issue-715/.conda-env/share/verilator/include/vltstd -DVM_COVERAGE=0 -DVM_SC=0 -DVM_TRACE=0 -DVM_TRACE_FST=0 -DVM_TRACE_VCD=0 -faligned-new -fcf-protection=none -Wno-bool-operation -Wno-sign-compare -Wno-uninitialized -Wno-unused-but-set-variable -Wno-unused-parameter -Wno-unused-variable -Wno-shadow     -O3 -std=c++11 -I/opt/spechunter/chipyard-issue-715/.conda-env/riscv-tools/include -I/opt/spechunter/chipyard-issue-715-repairv3/tools/DRAMSim2 -I/opt/spechunter/chipyard-issue-715-repairv3/sims/verilator/generated-src/chipyard.TestHarness.SmallBoomConfig    -D__STDC_FORMAT_MACROS -DTEST_HARNESS=VTestHarness -DVERILATOR -include /opt/spechunter/chipyard-issue-715-repairv3/sims/verilator/generated-src/chipyard.TestHarness.SmallBoomConfig/chipyard.TestHarness.SmallBoomConfig.plusArgs -include /opt/spechunter/chipyard-issue-715-repairv3/sims/verilator/generated-src/chipyard.TestHarness.SmallBoomConfig/verilator.h -include /opt/spechunter/chipyard-issue-715-repairv3/sims/verilator/generated-src/chipyard.TestHarness.SmallBoomConfig/chipyard.TestHarness.SmallBoomConfig/VTestHarness.h  -DVL_THREADED -std=c++17  -c -o VTestHarness___024root__DepSet_hcfd557fa__28__Slow.o VTestHarness___024root__DepSet_hcfd557fa__28__Slow.cpp
In file included from /opt/spechunter/chipyard-issue-715/.conda-env/share/verilator/include/verilated.h:35,
                 from /opt/spechunter/chipyard-issue-715/.conda-env/share/verilator/include/verilated_vcd_c.h:24,
                 from /opt/spechunter/chipyard-issue-715-repairv3/sims/verilator/generated-src/chipyard.TestHarness.SmallBoomConfig/verilator.h:4,
                 from <command-line>:
/opt/spechunter/chipyard-issue-715/.conda-env/share/verilator/include/verilatedos.h:291: warning: "__STDC_FORMAT_MACROS" redefined
  291 | #define __STDC_FORMAT_MACROS
      | 
<command-line>: note: this is the location of the previous definition
/opt/spechunter/chipyard-issue-715/.conda-env/bin/x86_64-conda-linux-gnu-c++  -I.  -MMD -I/opt/spechunter/chipyard-issue-715/.conda-env/share/verilator/include -I/opt/spechunter/chipyard-issue-715/.conda-env/share/verilator/include/vltstd -DVM_COVERAGE=0 -DVM_SC=0 -DVM_TRACE=0 -DVM_TRACE_FST=0 -DVM_TRACE_VCD=0 -faligned-new -fcf-protection=none -Wno-bool-operation -Wno-sign-compare -Wno-uninitialized -Wno-unused-but-set-variable -Wno-unused-parameter -Wno-unused-variable -Wno-shadow     -O3 -std=c++11 -I/opt/spechunter/chipyard-issue-715/.conda-env/riscv-tools/include -I/opt/spechunter/chipyard-issue-715-repairv3/tools/DRAMSim2 -I/opt/spechunter/chipyard-issue-715-repairv3/sims/verilator/generated-src/chipyard.TestHarness.SmallBoomConfig    -D__STDC_FORMAT_MACROS -DTEST_HARNESS=VTestHarness -DVERILATOR -include /opt/spechunter/chipyard-issue-715-repairv3/sims/verilator/generated-src/chipyard.TestHarness.SmallBoomConfig/chipyard.TestHarness.SmallBoomConfig.plusArgs -include /opt/spechunter/chipyard-issue-715-repairv3/sims/verilator/generated-src/chipyard.TestHarness.SmallBoomConfig/verilator.h -include /opt/spechunter/chipyard-issue-715-repairv3/sims/verilator/generated-src/chipyard.TestHarness.SmallBoomConfig/chipyard.TestHarness.SmallBoomConfig/VTestHarness.h  -DVL_THREADED -std=c++17  -c -o VTestHarness___024root__DepSet_hcfd557fa__29__Slow.o VTestHarness___024root__DepSet_hcfd557fa__29__Slow.cpp
In file included from /opt/spechunter/chipyard-issue-715/.conda-env/share/verilator/include/verilated.h:35,
                 from /opt/spechunter/chipyard-issue-715/.conda-env/share/verilator/include/verilated_vcd_c.h:24,
                 from /opt/spechunter/chipyard-issue-715-repairv3/sims/verilator/generated-src/chipyard.TestHarness.SmallBoomConfig/verilator.h:4,
                 from <command-line>:
/opt/spechunter/chipyard-issue-715/.conda-env/share/verilator/include/verilatedos.h:291: warning: "__STDC_FORMAT_MACROS" redefined
  291 | #define __STDC_FORMAT_MACROS
      | 
<command-line>: note: this is the location of the previous definition
/opt/spechunter/chipyard-issue-715/.conda-env/bin/x86_64-conda-linux-gnu-c++  -I.  -MMD -I/opt/spechunter/chipyard-issue-715/.conda-env/share/verilator/include -I/opt/spechunter/chipyard-issue-715/.conda-env/share/verilator/include/vltstd -DVM_COVERAGE=0 -DVM_SC=0 -DVM_TRACE=0 -DVM_TRACE_FST=0 -DVM_TRACE_VCD=0 -faligned-new -fcf-protection=none -Wno-bool-operation -Wno-sign-compare -Wno-uninitialized -Wno-unused-but-set-variable -Wno-unused-parameter -Wno-unused-variable -Wno-shadow     -O3 -std=c++11 -I/opt/spechunter/chipyard-issue-715/.conda-env/riscv-tools/include -I/opt/spechunter/chipyard-issue-715-repairv3/tools/DRAMSim2 -I/opt/spechunter/chipyard-issue-715-repairv3/sims/verilator/generated-src/chipyard.TestHarness.SmallBoomConfig    -D__STDC_FORMAT_MACROS -DTEST_HARNESS=VTestHarness -DVERILATOR -include /opt/spechunter/chipyard-issue-715-repairv3/sims/verilator/generated-src/chipyard.TestHarness.SmallBoomConfig/chipyard.TestHarness.SmallBoomConfig.plusArgs -include /opt/spechunter/chipyard-issue-715-repairv3/sims/verilator/generated-src/chipyard.TestHarness.SmallBoomConfig/verilator.h -include /opt/spechunter/chipyard-issue-715-repairv3/sims/verilator/generated-src/chipyard.TestHarness.SmallBoomConfig/chipyard.TestHarness.SmallBoomConfig/VTestHarness.h  -DVL_THREADED -std=c++17  -c -o VTestHarness___024root__DepSet_hcfd557fa__30__Slow.o VTestHarness___024root__DepSet_hcfd557fa__30__Slow.cpp
In file included from /opt/spechunter/chipyard-issue-715/.conda-env/share/verilator/include/verilated.h:35,
                 from /opt/spechunter/chipyard-issue-715/.conda-env/share/verilator/include/verilated_vcd_c.h:24,
                 from /opt/spechunter/chipyard-issue-715-repairv3/sims/verilator/generated-src/chipyard.TestHarness.SmallBoomConfig/verilator.h:4,
                 from <command-line>:
/opt/spechunter/chipyard-issue-715/.conda-env/share/verilator/include/verilatedos.h:291: warning: "__STDC_FORMAT_MACROS" redefined
  291 | #define __STDC_FORMAT_MACROS
      | 
<command-line>: note: this is the location of the previous definition
/opt/spechunter/chipyard-issue-715/.conda-env/bin/x86_64-conda-linux-gnu-c++  -I.  -MMD -I/opt/spechunter/chipyard-issue-715/.conda-env/share/verilator/include -I/opt/spechunter/chipyard-issue-715/.conda-env/share/verilator/include/vltstd -DVM_COVERAGE=0 -DVM_SC=0 -DVM_TRACE=0 -DVM_TRACE_FST=0 -DVM_TRACE_VCD=0 -faligned-new -fcf-protection=none -Wno-bool-operation -Wno-sign-compare -Wno-uninitialized -Wno-unused-but-set-variable -Wno-unused-parameter -Wno-unused-variable -Wno-shadow     -O3 -std=c++11 -I/opt/spechunter/chipyard-issue-715/.conda-env/riscv-tools/include -I/opt/spechunter/chipyard-issue-715-repairv3/tools/DRAMSim2 -I/opt/spechunter/chipyard-issue-715-repairv3/sims/verilator/generated-src/chipyard.TestHarness.SmallBoomConfig    -D__STDC_FORMAT_MACROS -DTEST_HARNESS=VTestHarness -DVERILATOR -include /opt/spechunter/chipyard-issue-715-repairv3/sims/verilator/generated-src/chipyard.TestHarness.SmallBoomConfig/chipyard.TestHarness.SmallBoomConfig.plusArgs -include /opt/spechunter/chipyard-issue-715-repairv3/sims/verilator/generated-src/chipyard.TestHarness.SmallBoomConfig/verilator.h -include /opt/spechunter/chipyard-issue-715-repairv3/sims/verilator/generated-src/chipyard.TestHarness.SmallBoomConfig/chipyard.TestHarness.SmallBoomConfig/VTestHarness.h  -DVL_THREADED -std=c++17  -c -o VTestHarness___024root__DepSet_hcfd557fa__31__Slow.o VTestHarness___024root__DepSet_hcfd557fa__31__Slow.cpp
In file included from /opt/spechunter/chipyard-issue-715/.conda-env/share/verilator/include/verilated.h:35,
                 from /opt/spechunter/chipyard-issue-715/.conda-env/share/verilator/include/verilated_vcd_c.h:24,
                 from /opt/spechunter/chipyard-issue-715-repairv3/sims/verilator/generated-src/chipyard.TestHarness.SmallBoomConfig/verilator.h:4,
                 from <command-line>:
/opt/spechunter/chipyard-issue-715/.conda-env/share/verilator/include/verilatedos.h:291: warning: "__STDC_FORMAT_MACROS" redefined
  291 | #define __STDC_FORMAT_MACROS
      | 
<command-line>: note: this is the location of the previous definition
/opt/spechunter/chipyard-issue-715/.conda-env/bin/x86_64-conda-linux-gnu-c++  -I.  -MMD -I/opt/spechunter/chipyard-issue-715/.conda-env/share/verilator/include -I/opt/spechunter/chipyard-issue-715/.conda-env/share/verilator/include/vltstd -DVM_COVERAGE=0 -DVM_SC=0 -DVM_TRACE=0 -DVM_TRACE_FST=0 -DVM_TRACE_VCD=0 -faligned-new -fcf-protection=none -Wno-bool-operation -Wno-sign-compare -Wno-uninitialized -Wno-unused-but-set-variable -Wno-unused-parameter -Wno-unused-variable -Wno-shadow     -O3 -std=c++11 -I/opt/spechunter/chipyard-issue-715/.conda-env/riscv-tools/include -I/opt/spechunter/chipyard-issue-715-repairv3/tools/DRAMSim2 -I/opt/spechunter/chipyard-issue-715-repairv3/sims/verilator/generated-src/chipyard.TestHarness.SmallBoomConfig    -D__STDC_FORMAT_MACROS -DTEST_HARNESS=VTestHarness -DVERILATOR -include /opt/spechunter/chipyard-issue-715-repairv3/sims/verilator/generated-src/chipyard.TestHarness.SmallBoomConfig/chipyard.TestHarness.SmallBoomConfig.plusArgs -include /opt/spechunter/chipyard-issue-715-repairv3/sims/verilator/generated-src/chipyard.TestHarness.SmallBoomConfig/verilator.h -include /opt/spechunter/chipyard-issue-715-repairv3/sims/verilator/generated-src/chipyard.TestHarness.SmallBoomConfig/chipyard.TestHarness.SmallBoomConfig/VTestHarness.h  -DVL_THREADED -std=c++17  -c -o VTestHarness___024root__DepSet_hcfd557fa__32__Slow.o VTestHarness___024root__DepSet_hcfd557fa__32__Slow.cpp
In file included from /opt/spechunter/chipyard-issue-715/.conda-env/share/verilator/include/verilated.h:35,
                 from /opt/spechunter/chipyard-issue-715/.conda-env/share/verilator/include/verilated_vcd_c.h:24,
                 from /opt/spechunter/chipyard-issue-715-repairv3/sims/verilator/generated-src/chipyard.TestHarness.SmallBoomConfig/verilator.h:4,
                 from <command-line>:
/opt/spechunter/chipyard-issue-715/.conda-env/share/verilator/include/verilatedos.h:291: warning: "__STDC_FORMAT_MACROS" redefined
  291 | #define __STDC_FORMAT_MACROS
      | 
<command-line>: note: this is the location of the previous definition
/opt/spechunter/chipyard-issue-715/.conda-env/bin/x86_64-conda-linux-gnu-c++  -I.  -MMD -I/opt/spechunter/chipyard-issue-715/.conda-env/share/verilator/include -I/opt/spechunter/chipyard-issue-715/.conda-env/share/verilator/include/vltstd -DVM_COVERAGE=0 -DVM_SC=0 -DVM_TRACE=0 -DVM_TRACE_FST=0 -DVM_TRACE_VCD=0 -faligned-new -fcf-protection=none -Wno-bool-operation -Wno-sign-compare -Wno-uninitialized -Wno-unused-but-set-variable -Wno-unused-parameter -Wno-unused-variable -Wno-shadow     -O3 -std=c++11 -I/opt/spechunter/chipyard-issue-715/.conda-env/riscv-tools/include -I/opt/spechunter/chipyard-issue-715-repairv3/tools/DRAMSim2 -I/opt/spechunter/chipyard-issue-715-repairv3/sims/verilator/generated-src/chipyard.TestHarness.SmallBoomConfig    -D__STDC_FORMAT_MACROS -DTEST_HARNESS=VTestHarness -DVERILATOR -include /opt/spechunter/chipyard-issue-715-repairv3/sims/verilator/generated-src/chipyard.TestHarness.SmallBoomConfig/chipyard.TestHarness.SmallBoomConfig.plusArgs -include /opt/spechunter/chipyard-issue-715-repairv3/sims/verilator/generated-src/chipyard.TestHarness.SmallBoomConfig/verilator.h -include /opt/spechunter/chipyard-issue-715-repairv3/sims/verilator/generated-src/chipyard.TestHarness.SmallBoomConfig/chipyard.TestHarness.SmallBoomConfig/VTestHarness.h  -DVL_THREADED -std=c++17  -c -o VTestHarness___024root__DepSet_hcfd557fa__33__Slow.o VTestHarness___024root__DepSet_hcfd557fa__33__Slow.cpp
In file included from /opt/spechunter/chipyard-issue-715/.conda-env/share/verilator/include/verilated.h:35,
                 from /opt/spechunter/chipyard-issue-715/.conda-env/share/verilator/include/verilated_vcd_c.h:24,
                 from /opt/spechunter/chipyard-issue-715-repairv3/sims/verilator/generated-src/chipyard.TestHarness.SmallBoomConfig/verilator.h:4,
                 from <command-line>:
/opt/spechunter/chipyard-issue-715/.conda-env/share/verilator/include/verilatedos.h:291: warning: "__STDC_FORMAT_MACROS" redefined
  291 | #define __STDC_FORMAT_MACROS
      | 
<command-line>: note: this is the location of the previous definition
/opt/spechunter/chipyard-issue-715/.conda-env/bin/x86_64-conda-linux-gnu-c++  -I.  -MMD -I/opt/spechunter/chipyard-issue-715/.conda-env/share/verilator/include -I/opt/spechunter/chipyard-issue-715/.conda-env/share/verilator/include/vltstd -DVM_COVERAGE=0 -DVM_SC=0 -DVM_TRACE=0 -DVM_TRACE_FST=0 -DVM_TRACE_VCD=0 -faligned-new -fcf-protection=none -Wno-bool-operation -Wno-sign-compare -Wno-uninitialized -Wno-unused-but-set-variable -Wno-unused-parameter -Wno-unused-variable -Wno-shadow     -O3 -std=c++11 -I/opt/spechunter/chipyard-issue-715/.conda-env/riscv-tools/include -I/opt/spechunter/chipyard-issue-715-repairv3/tools/DRAMSim2 -I/opt/spechunter/chipyard-issue-715-repairv3/sims/verilator/generated-src/chipyard.TestHarness.SmallBoomConfig    -D__STDC_FORMAT_MACROS -DTEST_HARNESS=VTestHarness -DVERILATOR -include /opt/spechunter/chipyard-issue-715-repairv3/sims/verilator/generated-src/chipyard.TestHarness.SmallBoomConfig/chipyard.TestHarness.SmallBoomConfig.plusArgs -include /opt/spechunter/chipyard-issue-715-repairv3/sims/verilator/generated-src/chipyard.TestHarness.SmallBoomConfig/verilator.h -include /opt/spechunter/chipyard-issue-715-repairv3/sims/verilator/generated-src/chipyard.TestHarness.SmallBoomConfig/chipyard.TestHarness.SmallBoomConfig/VTestHarness.h  -DVL_THREADED -std=c++17  -c -o VTestHarness___024root__DepSet_hcfd557fa__34__Slow.o VTestHarness___024root__DepSet_hcfd557fa__34__Slow.cpp
In file included from /opt/spechunter/chipyard-issue-715/.conda-env/share/verilator/include/verilated.h:35,
                 from /opt/spechunter/chipyard-issue-715/.conda-env/share/verilator/include/verilated_vcd_c.h:24,
                 from /opt/spechunter/chipyard-issue-715-repairv3/sims/verilator/generated-src/chipyard.TestHarness.SmallBoomConfig/verilator.h:4,
                 from <command-line>:
/opt/spechunter/chipyard-issue-715/.conda-env/share/verilator/include/verilatedos.h:291: warning: "__STDC_FORMAT_MACROS" redefined
  291 | #define __STDC_FORMAT_MACROS
      | 
<command-line>: note: this is the location of the previous definition
/opt/spechunter/chipyard-issue-715/.conda-env/bin/x86_64-conda-linux-gnu-c++  -I.  -MMD -I/opt/spechunter/chipyard-issue-715/.conda-env/share/verilator/include -I/opt/spechunter/chipyard-issue-715/.conda-env/share/verilator/include/vltstd -DVM_COVERAGE=0 -DVM_SC=0 -DVM_TRACE=0 -DVM_TRACE_FST=0 -DVM_TRACE_VCD=0 -faligned-new -fcf-protection=none -Wno-bool-operation -Wno-sign-compare -Wno-uninitialized -Wno-unused-but-set-variable -Wno-unused-parameter -Wno-unused-variable -Wno-shadow     -O3 -std=c++11 -I/opt/spechunter/chipyard-issue-715/.conda-env/riscv-tools/include -I/opt/spechunter/chipyard-issue-715-repairv3/tools/DRAMSim2 -I/opt/spechunter/chipyard-issue-715-repairv3/sims/verilator/generated-src/chipyard.TestHarness.SmallBoomConfig    -D__STDC_FORMAT_MACROS -DTEST_HARNESS=VTestHarness -DVERILATOR -include /opt/spechunter/chipyard-issue-715-repairv3/sims/verilator/generated-src/chipyard.TestHarness.SmallBoomConfig/chipyard.TestHarness.SmallBoomConfig.plusArgs -include /opt/spechunter/chipyard-issue-715-repairv3/sims/verilator/generated-src/chipyard.TestHarness.SmallBoomConfig/verilator.h -include /opt/spechunter/chipyard-issue-715-repairv3/sims/verilator/generated-src/chipyard.TestHarness.SmallBoomConfig/chipyard.TestHarness.SmallBoomConfig/VTestHarness.h  -DVL_THREADED -std=c++17  -c -o VTestHarness___024root__DepSet_hcfd557fa__35__Slow.o VTestHarness___024root__DepSet_hcfd557fa__35__Slow.cpp
In file included from /opt/spechunter/chipyard-issue-715/.conda-env/share/verilator/include/verilated.h:35,
                 from /opt/spechunter/chipyard-issue-715/.conda-env/share/verilator/include/verilated_vcd_c.h:24,
                 from /opt/spechunter/chipyard-issue-715-repairv3/sims/verilator/generated-src/chipyard.TestHarness.SmallBoomConfig/verilator.h:4,
                 from <command-line>:
/opt/spechunter/chipyard-issue-715/.conda-env/share/verilator/include/verilatedos.h:291: warning: "__STDC_FORMAT_MACROS" redefined
  291 | #define __STDC_FORMAT_MACROS
      | 
<command-line>: note: this is the location of the previous definition
/opt/spechunter/chipyard-issue-715/.conda-env/bin/x86_64-conda-linux-gnu-c++  -I.  -MMD -I/opt/spechunter/chipyard-issue-715/.conda-env/share/verilator/include -I/opt/spechunter/chipyard-issue-715/.conda-env/share/verilator/include/vltstd -DVM_COVERAGE=0 -DVM_SC=0 -DVM_TRACE=0 -DVM_TRACE_FST=0 -DVM_TRACE_VCD=0 -faligned-new -fcf-protection=none -Wno-bool-operation -Wno-sign-compare -Wno-uninitialized -Wno-unused-but-set-variable -Wno-unused-parameter -Wno-unused-variable -Wno-shadow     -O3 -std=c++11 -I/opt/spechunter/chipyard-issue-715/.conda-env/riscv-tools/include -I/opt/spechunter/chipyard-issue-715-repairv3/tools/DRAMSim2 -I/opt/spechunter/chipyard-issue-715-repairv3/sims/verilator/generated-src/chipyard.TestHarness.SmallBoomConfig    -D__STDC_FORMAT_MACROS -DTEST_HARNESS=VTestHarness -DVERILATOR -include /opt/spechunter/chipyard-issue-715-repairv3/sims/verilator/generated-src/chipyard.TestHarness.SmallBoomConfig/chipyard.TestHarness.SmallBoomConfig.plusArgs -include /opt/spechunter/chipyard-issue-715-repairv3/sims/verilator/generated-src/chipyard.TestHarness.SmallBoomConfig/verilator.h -include /opt/spechunter/chipyard-issue-715-repairv3/sims/verilator/generated-src/chipyard.TestHarness.SmallBoomConfig/chipyard.TestHarness.SmallBoomConfig/VTestHarness.h  -DVL_THREADED -std=c++17  -c -o VTestHarness___024root__DepSet_hcfd557fa__36__Slow.o VTestHarness___024root__DepSet_hcfd557fa__36__Slow.cpp
In file included from /opt/spechunter/chipyard-issue-715/.conda-env/share/verilator/include/verilated.h:35,
                 from /opt/spechunter/chipyard-issue-715/.conda-env/share/verilator/include/verilated_vcd_c.h:24,
                 from /opt/spechunter/chipyard-issue-715-repairv3/sims/verilator/generated-src/chipyard.TestHarness.SmallBoomConfig/verilator.h:4,
                 from <command-line>:
/opt/spechunter/chipyard-issue-715/.conda-env/share/verilator/include/verilatedos.h:291: warning: "__STDC_FORMAT_MACROS" redefined
  291 | #define __STDC_FORMAT_MACROS
      | 
<command-line>: note: this is the location of the previous definition
/opt/spechunter/chipyard-issue-715/.conda-env/bin/x86_64-conda-linux-gnu-c++  -I.  -MMD -I/opt/spechunter/chipyard-issue-715/.conda-env/share/verilator/include -I/opt/spechunter/chipyard-issue-715/.conda-env/share/verilator/include/vltstd -DVM_COVERAGE=0 -DVM_SC=0 -DVM_TRACE=0 -DVM_TRACE_FST=0 -DVM_TRACE_VCD=0 -faligned-new -fcf-protection=none -Wno-bool-operation -Wno-sign-compare -Wno-uninitialized -Wno-unused-but-set-variable -Wno-unused-parameter -Wno-unused-variable -Wno-shadow     -O3 -std=c++11 -I/opt/spechunter/chipyard-issue-715/.conda-env/riscv-tools/include -I/opt/spechunter/chipyard-issue-715-repairv3/tools/DRAMSim2 -I/opt/spechunter/chipyard-issue-715-repairv3/sims/verilator/generated-src/chipyard.TestHarness.SmallBoomConfig    -D__STDC_FORMAT_MACROS -DTEST_HARNESS=VTestHarness -DVERILATOR -include /opt/spechunter/chipyard-issue-715-repairv3/sims/verilator/generated-src/chipyard.TestHarness.SmallBoomConfig/chipyard.TestHarness.SmallBoomConfig.plusArgs -include /opt/spechunter/chipyard-issue-715-repairv3/sims/verilator/generated-src/chipyard.TestHarness.SmallBoomConfig/verilator.h -include /opt/spechunter/chipyard-issue-715-repairv3/sims/verilator/generated-src/chipyard.TestHarness.SmallBoomConfig/chipyard.TestHarness.SmallBoomConfig/VTestHarness.h  -DVL_THREADED -std=c++17  -c -o VTestHarness___024root__DepSet_hcfd557fa__37__Slow.o VTestHarness___024root__DepSet_hcfd557fa__37__Slow.cpp
In file included from /opt/spechunter/chipyard-issue-715/.conda-env/share/verilator/include/verilated.h:35,
                 from /opt/spechunter/chipyard-issue-715/.conda-env/share/verilator/include/verilated_vcd_c.h:24,
                 from /opt/spechunter/chipyard-issue-715-repairv3/sims/verilator/generated-src/chipyard.TestHarness.SmallBoomConfig/verilator.h:4,
                 from <command-line>:
/opt/spechunter/chipyard-issue-715/.conda-env/share/verilator/include/verilatedos.h:291: warning: "__STDC_FORMAT_MACROS" redefined
  291 | #define __STDC_FORMAT_MACROS
      | 
<command-line>: note: this is the location of the previous definition
/opt/spechunter/chipyard-issue-715/.conda-env/bin/x86_64-conda-linux-gnu-c++  -I.  -MMD -I/opt/spechunter/chipyard-issue-715/.conda-env/share/verilator/include -I/opt/spechunter/chipyard-issue-715/.conda-env/share/verilator/include/vltstd -DVM_COVERAGE=0 -DVM_SC=0 -DVM_TRACE=0 -DVM_TRACE_FST=0 -DVM_TRACE_VCD=0 -faligned-new -fcf-protection=none -Wno-bool-operation -Wno-sign-compare -Wno-uninitialized -Wno-unused-but-set-variable -Wno-unused-parameter -Wno-unused-variable -Wno-shadow     -O3 -std=c++11 -I/opt/spechunter/chipyard-issue-715/.conda-env/riscv-tools/include -I/opt/spechunter/chipyard-issue-715-repairv3/tools/DRAMSim2 -I/opt/spechunter/chipyard-issue-715-repairv3/sims/verilator/generated-src/chipyard.TestHarness.SmallBoomConfig    -D__STDC_FORMAT_MACROS -DTEST_HARNESS=VTestHarness -DVERILATOR -include /opt/spechunter/chipyard-issue-715-repairv3/sims/verilator/generated-src/chipyard.TestHarness.SmallBoomConfig/chipyard.TestHarness.SmallBoomConfig.plusArgs -include /opt/spechunter/chipyard-issue-715-repairv3/sims/verilator/generated-src/chipyard.TestHarness.SmallBoomConfig/verilator.h -include /opt/spechunter/chipyard-issue-715-repairv3/sims/verilator/generated-src/chipyard.TestHarness.SmallBoomConfig/chipyard.TestHarness.SmallBoomConfig/VTestHarness.h  -DVL_THREADED -std=c++17  -c -o VTestHarness___024root__DepSet_hcfd557fa__38__Slow.o VTestHarness___024root__DepSet_hcfd557fa__38__Slow.cpp
In file included from /opt/spechunter/chipyard-issue-715/.conda-env/share/verilator/include/verilated.h:35,
                 from /opt/spechunter/chipyard-issue-715/.conda-env/share/verilator/include/verilated_vcd_c.h:24,
                 from /opt/spechunter/chipyard-issue-715-repairv3/sims/verilator/generated-src/chipyard.TestHarness.SmallBoomConfig/verilator.h:4,
                 from <command-line>:
/opt/spechunter/chipyard-issue-715/.conda-env/share/verilator/include/verilatedos.h:291: warning: "__STDC_FORMAT_MACROS" redefined
  291 | #define __STDC_FORMAT_MACROS
      | 
<command-line>: note: this is the location of the previous definition
/opt/spechunter/chipyard-issue-715/.conda-env/bin/x86_64-conda-linux-gnu-c++  -I.  -MMD -I/opt/spechunter/chipyard-issue-715/.conda-env/share/verilator/include -I/opt/spechunter/chipyard-issue-715/.conda-env/share/verilator/include/vltstd -DVM_COVERAGE=0 -DVM_SC=0 -DVM_TRACE=0 -DVM_TRACE_FST=0 -DVM_TRACE_VCD=0 -faligned-new -fcf-protection=none -Wno-bool-operation -Wno-sign-compare -Wno-uninitialized -Wno-unused-but-set-variable -Wno-unused-parameter -Wno-unused-variable -Wno-shadow     -O3 -std=c++11 -I/opt/spechunter/chipyard-issue-715/.conda-env/riscv-tools/include -I/opt/spechunter/chipyard-issue-715-repairv3/tools/DRAMSim2 -I/opt/spechunter/chipyard-issue-715-repairv3/sims/verilator/generated-src/chipyard.TestHarness.SmallBoomConfig    -D__STDC_FORMAT_MACROS -DTEST_HARNESS=VTestHarness -DVERILATOR -include /opt/spechunter/chipyard-issue-715-repairv3/sims/verilator/generated-src/chipyard.TestHarness.SmallBoomConfig/chipyard.TestHarness.SmallBoomConfig.plusArgs -include /opt/spechunter/chipyard-issue-715-repairv3/sims/verilator/generated-src/chipyard.TestHarness.SmallBoomConfig/verilator.h -include /opt/spechunter/chipyard-issue-715-repairv3/sims/verilator/generated-src/chipyard.TestHarness.SmallBoomConfig/chipyard.TestHarness.SmallBoomConfig/VTestHarness.h  -DVL_THREADED -std=c++17  -c -o VTestHarness___024root__DepSet_hcfd557fa__39__Slow.o VTestHarness___024root__DepSet_hcfd557fa__39__Slow.cpp
In file included from /opt/spechunter/chipyard-issue-715/.conda-env/share/verilator/include/verilated.h:35,
                 from /opt/spechunter/chipyard-issue-715/.conda-env/share/verilator/include/verilated_vcd_c.h:24,
                 from /opt/spechunter/chipyard-issue-715-repairv3/sims/verilator/generated-src/chipyard.TestHarness.SmallBoomConfig/verilator.h:4,
                 from <command-line>:
/opt/spechunter/chipyard-issue-715/.conda-env/share/verilator/include/verilatedos.h:291: warning: "__STDC_FORMAT_MACROS" redefined
  291 | #define __STDC_FORMAT_MACROS
      | 
<command-line>: note: this is the location of the previous definition
/opt/spechunter/chipyard-issue-715/.conda-env/bin/x86_64-conda-linux-gnu-c++  -I.  -MMD -I/opt/spechunter/chipyard-issue-715/.conda-env/share/verilator/include -I/opt/spechunter/chipyard-issue-715/.conda-env/share/verilator/include/vltstd -DVM_COVERAGE=0 -DVM_SC=0 -DVM_TRACE=0 -DVM_TRACE_FST=0 -DVM_TRACE_VCD=0 -faligned-new -fcf-protection=none -Wno-bool-operation -Wno-sign-compare -Wno-uninitialized -Wno-unused-but-set-variable -Wno-unused-parameter -Wno-unused-variable -Wno-shadow     -O3 -std=c++11 -I/opt/spechunter/chipyard-issue-715/.conda-env/riscv-tools/include -I/opt/spechunter/chipyard-issue-715-repairv3/tools/DRAMSim2 -I/opt/spechunter/chipyard-issue-715-repairv3/sims/verilator/generated-src/chipyard.TestHarness.SmallBoomConfig    -D__STDC_FORMAT_MACROS -DTEST_HARNESS=VTestHarness -DVERILATOR -include /opt/spechunter/chipyard-issue-715-repairv3/sims/verilator/generated-src/chipyard.TestHarness.SmallBoomConfig/chipyard.TestHarness.SmallBoomConfig.plusArgs -include /opt/spechunter/chipyard-issue-715-repairv3/sims/verilator/generated-src/chipyard.TestHarness.SmallBoomConfig/verilator.h -include /opt/spechunter/chipyard-issue-715-repairv3/sims/verilator/generated-src/chipyard.TestHarness.SmallBoomConfig/chipyard.TestHarness.SmallBoomConfig/VTestHarness.h  -DVL_THREADED -std=c++17  -c -o VTestHarness___024unit__Slow.o VTestHarness___024unit__Slow.cpp
In file included from /opt/spechunter/chipyard-issue-715/.conda-env/share/verilator/include/verilated.h:35,
                 from /opt/spechunter/chipyard-issue-715/.conda-env/share/verilator/include/verilated_vcd_c.h:24,
                 from /opt/spechunter/chipyard-issue-715-repairv3/sims/verilator/generated-src/chipyard.TestHarness.SmallBoomConfig/verilator.h:4,
                 from <command-line>:
/opt/spechunter/chipyard-issue-715/.conda-env/share/verilator/include/verilatedos.h:291: warning: "__STDC_FORMAT_MACROS" redefined
  291 | #define __STDC_FORMAT_MACROS
      | 
<command-line>: note: this is the location of the previous definition
/opt/spechunter/chipyard-issue-715/.conda-env/bin/x86_64-conda-linux-gnu-c++  -I.  -MMD -I/opt/spechunter/chipyard-issue-715/.conda-env/share/verilator/include -I/opt/spechunter/chipyard-issue-715/.conda-env/share/verilator/include/vltstd -DVM_COVERAGE=0 -DVM_SC=0 -DVM_TRACE=0 -DVM_TRACE_FST=0 -DVM_TRACE_VCD=0 -faligned-new -fcf-protection=none -Wno-bool-operation -Wno-sign-compare -Wno-uninitialized -Wno-unused-but-set-variable -Wno-unused-parameter -Wno-unused-variable -Wno-shadow     -O3 -std=c++11 -I/opt/spechunter/chipyard-issue-715/.conda-env/riscv-tools/include -I/opt/spechunter/chipyard-issue-715-repairv3/tools/DRAMSim2 -I/opt/spechunter/chipyard-issue-715-repairv3/sims/verilator/generated-src/chipyard.TestHarness.SmallBoomConfig    -D__STDC_FORMAT_MACROS -DTEST_HARNESS=VTestHarness -DVERILATOR -include /opt/spechunter/chipyard-issue-715-repairv3/sims/verilator/generated-src/chipyard.TestHarness.SmallBoomConfig/chipyard.TestHarness.SmallBoomConfig.plusArgs -include /opt/spechunter/chipyard-issue-715-repairv3/sims/verilator/generated-src/chipyard.TestHarness.SmallBoomConfig/verilator.h -include /opt/spechunter/chipyard-issue-715-repairv3/sims/verilator/generated-src/chipyard.TestHarness.SmallBoomConfig/chipyard.TestHarness.SmallBoomConfig/VTestHarness.h  -DVL_THREADED -std=c++17  -c -o VTestHarness___024unit__DepSet_h66f95809__0__Slow.o VTestHarness___024unit__DepSet_h66f95809__0__Slow.cpp
In file included from /opt/spechunter/chipyard-issue-715/.conda-env/share/verilator/include/verilated.h:35,
                 from /opt/spechunter/chipyard-issue-715/.conda-env/share/verilator/include/verilated_vcd_c.h:24,
                 from /opt/spechunter/chipyard-issue-715-repairv3/sims/verilator/generated-src/chipyard.TestHarness.SmallBoomConfig/verilator.h:4,
                 from <command-line>:
/opt/spechunter/chipyard-issue-715/.conda-env/share/verilator/include/verilatedos.h:291: warning: "__STDC_FORMAT_MACROS" redefined
  291 | #define __STDC_FORMAT_MACROS
      | 
<command-line>: note: this is the location of the previous definition
/opt/spechunter/chipyard-issue-715/.conda-env/bin/x86_64-conda-linux-gnu-c++  -I.  -MMD -I/opt/spechunter/chipyard-issue-715/.conda-env/share/verilator/include -I/opt/spechunter/chipyard-issue-715/.conda-env/share/verilator/include/vltstd -DVM_COVERAGE=0 -DVM_SC=0 -DVM_TRACE=0 -DVM_TRACE_FST=0 -DVM_TRACE_VCD=0 -faligned-new -fcf-protection=none -Wno-bool-operation -Wno-sign-compare -Wno-uninitialized -Wno-unused-but-set-variable -Wno-unused-parameter -Wno-unused-variable -Wno-shadow     -O3 -std=c++11 -I/opt/spechunter/chipyard-issue-715/.conda-env/riscv-tools/include -I/opt/spechunter/chipyard-issue-715-repairv3/tools/DRAMSim2 -I/opt/spechunter/chipyard-issue-715-repairv3/sims/verilator/generated-src/chipyard.TestHarness.SmallBoomConfig    -D__STDC_FORMAT_MACROS -DTEST_HARNESS=VTestHarness -DVERILATOR -include /opt/spechunter/chipyard-issue-715-repairv3/sims/verilator/generated-src/chipyard.TestHarness.SmallBoomConfig/chipyard.TestHarness.SmallBoomConfig.plusArgs -include /opt/spechunter/chipyard-issue-715-repairv3/sims/verilator/generated-src/chipyard.TestHarness.SmallBoomConfig/verilator.h -include /opt/spechunter/chipyard-issue-715-repairv3/sims/verilator/generated-src/chipyard.TestHarness.SmallBoomConfig/chipyard.TestHarness.SmallBoomConfig/VTestHarness.h  -DVL_THREADED -std=c++17  -c -o VTestHarness__Syms.o VTestHarness__Syms.cpp
In file included from /opt/spechunter/chipyard-issue-715/.conda-env/share/verilator/include/verilated.h:35,
                 from /opt/spechunter/chipyard-issue-715/.conda-env/share/verilator/include/verilated_vcd_c.h:24,
                 from /opt/spechunter/chipyard-issue-715-repairv3/sims/verilator/generated-src/chipyard.TestHarness.SmallBoomConfig/verilator.h:4,
                 from <command-line>:
/opt/spechunter/chipyard-issue-715/.conda-env/share/verilator/include/verilatedos.h:291: warning: "__STDC_FORMAT_MACROS" redefined
  291 | #define __STDC_FORMAT_MACROS
      | 
<command-line>: note: this is the location of the previous definition
/opt/spechunter/chipyard-issue-715/.conda-env/bin/x86_64-conda-linux-gnu-c++  -I.  -MMD -I/opt/spechunter/chipyard-issue-715/.conda-env/share/verilator/include -I/opt/spechunter/chipyard-issue-715/.conda-env/share/verilator/include/vltstd -DVM_COVERAGE=0 -DVM_SC=0 -DVM_TRACE=0 -DVM_TRACE_FST=0 -DVM_TRACE_VCD=0 -faligned-new -fcf-protection=none -Wno-bool-operation -Wno-sign-compare -Wno-uninitialized -Wno-unused-but-set-variable -Wno-unused-parameter -Wno-unused-variable -Wno-shadow     -O3 -std=c++11 -I/opt/spechunter/chipyard-issue-715/.conda-env/riscv-tools/include -I/opt/spechunter/chipyard-issue-715-repairv3/tools/DRAMSim2 -I/opt/spechunter/chipyard-issue-715-repairv3/sims/verilator/generated-src/chipyard.TestHarness.SmallBoomConfig    -D__STDC_FORMAT_MACROS -DTEST_HARNESS=VTestHarness -DVERILATOR -include /opt/spechunter/chipyard-issue-715-repairv3/sims/verilator/generated-src/chipyard.TestHarness.SmallBoomConfig/chipyard.TestHarness.SmallBoomConfig.plusArgs -include /opt/spechunter/chipyard-issue-715-repairv3/sims/verilator/generated-src/chipyard.TestHarness.SmallBoomConfig/verilator.h -include /opt/spechunter/chipyard-issue-715-repairv3/sims/verilator/generated-src/chipyard.TestHarness.SmallBoomConfig/chipyard.TestHarness.SmallBoomConfig/VTestHarness.h  -DVL_THREADED -std=c++17  -c -o VTestHarness__Syms__1.o VTestHarness__Syms__1.cpp
In file included from /opt/spechunter/chipyard-issue-715/.conda-env/share/verilator/include/verilated.h:35,
                 from /opt/spechunter/chipyard-issue-715/.conda-env/share/verilator/include/verilated_vcd_c.h:24,
                 from /opt/spechunter/chipyard-issue-715-repairv3/sims/verilator/generated-src/chipyard.TestHarness.SmallBoomConfig/verilator.h:4,
                 from <command-line>:
/opt/spechunter/chipyard-issue-715/.conda-env/share/verilator/include/verilatedos.h:291: warning: "__STDC_FORMAT_MACROS" redefined
  291 | #define __STDC_FORMAT_MACROS
      | 
<command-line>: note: this is the location of the previous definition
echo "" > VTestHarness__ALL.verilator_deplist.tmp
Archive /opt/spechunter/chipyard-issue-715/.conda-env/bin/x86_64-conda-linux-gnu-ar -rcs VTestHarness__ALL.a VTestHarness.o VTestHarness___024root__DepSet_h30a6511e__0.o VTestHarness___024root__DepSet_h30a6511e__1.o VTestHarness___024root__DepSet_h30a6511e__2.o VTestHarness___024root__DepSet_h30a6511e__3.o VTestHarness___024root__DepSet_h30a6511e__4.o VTestHarness___024root__DepSet_h30a6511e__5.o VTestHarness___024root__DepSet_h30a6511e__6.o VTestHarness___024root__DepSet_h30a6511e__7.o VTestHarness___024root__DepSet_h30a6511e__8.o VTestHarness___024root__DepSet_h30a6511e__9.o VTestHarness___024root__DepSet_h30a6511e__10.o VTestHarness___024root__DepSet_h30a6511e__11.o VTestHarness___024root__DepSet_h30a6511e__12.o VTestHarness___024root__DepSet_h30a6511e__13.o VTestHarness___024root__DepSet_h30a6511e__14.o VTestHarness___024root__DepSet_h30a6511e__15.o VTestHarness___024root__DepSet_h30a6511e__16.o VTestHarness___024root__DepSet_h30a6511e__17.o VTestHarness___024root__DepSet_h30a6511e__18.o VTestHarness___024root__DepSet_h30a6511e__19.o VTestHarness___024root__DepSet_h30a6511e__20.o VTestHarness___024root__DepSet_h30a6511e__21.o VTestHarness___024root__DepSet_h30a6511e__22.o VTestHarness___024root__DepSet_h30a6511e__23.o VTestHarness___024root__DepSet_h30a6511e__24.o VTestHarness___024root__DepSet_h30a6511e__25.o VTestHarness___024root__DepSet_h30a6511e__26.o VTestHarness___024root__DepSet_h30a6511e__27.o VTestHarness___024root__DepSet_h30a6511e__28.o VTestHarness___024root__DepSet_h30a6511e__29.o VTestHarness___024root__DepSet_h30a6511e__30.o VTestHarness___024root__DepSet_h30a6511e__31.o VTestHarness___024root__DepSet_h30a6511e__32.o VTestHarness___024root__DepSet_h30a6511e__33.o VTestHarness___024root__DepSet_h30a6511e__34.o VTestHarness___024root__DepSet_h30a6511e__35.o VTestHarness___024root__DepSet_h30a6511e__36.o VTestHarness___024root__DepSet_h30a6511e__37.o VTestHarness___024root__DepSet_h30a6511e__38.o VTestHarness___024root__DepSet_h30a6511e__39.o VTestHarness___024root__DepSet_h30a6511e__40.o VTestHarness___024root__DepSet_h30a6511e__41.o VTestHarness___024root__DepSet_h30a6511e__42.o VTestHarness___024root__DepSet_h30a6511e__43.o VTestHarness___024root__DepSet_h30a6511e__44.o VTestHarness___024root__DepSet_h30a6511e__45.o VTestHarness___024root__DepSet_h30a6511e__46.o VTestHarness___024root__DepSet_h30a6511e__47.o VTestHarness___024root__DepSet_h30a6511e__48.o VTestHarness___024root__DepSet_h30a6511e__49.o VTestHarness___024root__DepSet_h30a6511e__50.o VTestHarness___024root__DepSet_h30a6511e__51.o VTestHarness___024root__DepSet_h30a6511e__52.o VTestHarness___024root__DepSet_h30a6511e__53.o VTestHarness___024root__DepSet_h30a6511e__54.o VTestHarness___024root__DepSet_h30a6511e__55.o VTestHarness___024root__DepSet_h30a6511e__56.o VTestHarness___024root__DepSet_h30a6511e__57.o VTestHarness___024root__DepSet_h30a6511e__58.o VTestHarness___024root__DepSet_h30a6511e__59.o VTestHarness___024root__DepSet_h30a6511e__60.o VTestHarness___024root__DepSet_h30a6511e__61.o VTestHarness___024root__DepSet_h30a6511e__62.o VTestHarness___024root__DepSet_h30a6511e__63.o VTestHarness___024root__DepSet_h30a6511e__64.o VTestHarness___024root__DepSet_h30a6511e__65.o VTestHarness___024root__DepSet_hcfd557fa__0.o VTestHarness___024root__DepSet_hcfd557fa__1.o VTestHarness___024root__DepSet_hcfd557fa__2.o VTestHarness___024root__DepSet_hcfd557fa__3.o VTestHarness___024root__DepSet_hcfd557fa__4.o VTestHarness___024root__DepSet_hcfd557fa__5.o VTestHarness___024root__DepSet_hcfd557fa__6.o VTestHarness___024root__DepSet_hcfd557fa__7.o VTestHarness___024root__DepSet_hcfd557fa__8.o VTestHarness___024root__DepSet_hcfd557fa__9.o VTestHarness___024root__DepSet_hcfd557fa__10.o VTestHarness___024root__DepSet_hcfd557fa__11.o VTestHarness___024root__DepSet_hcfd557fa__12.o VTestHarness___024root__DepSet_hcfd557fa__13.o VTestHarness___024root__DepSet_hcfd557fa__14.o VTestHarness___024root__DepSet_hcfd557fa__15.o VTestHarness___024root__DepSet_hcfd557fa__16.o VTestHarness___024root__DepSet_hcfd557fa__17.o VTestHarness___024root__DepSet_hcfd557fa__18.o VTestHarness___024root__DepSet_hcfd557fa__19.o VTestHarness___024root__DepSet_hcfd557fa__20.o VTestHarness___024root__DepSet_hcfd557fa__21.o VTestHarness___024root__DepSet_hcfd557fa__22.o VTestHarness___024root__DepSet_hcfd557fa__23.o VTestHarness___024root__DepSet_hcfd557fa__24.o VTestHarness___024root__DepSet_hcfd557fa__25.o VTestHarness___024root__DepSet_hcfd557fa__26.o VTestHarness___024root__DepSet_hcfd557fa__27.o VTestHarness___024root__DepSet_hcfd557fa__28.o VTestHarness___024root__DepSet_hcfd557fa__29.o VTestHarness___024root__DepSet_hcfd557fa__30.o VTestHarness___024root__DepSet_hcfd557fa__31.o VTestHarness___024root__DepSet_hcfd557fa__32.o VTestHarness___024root__DepSet_hcfd557fa__33.o VTestHarness___024root__DepSet_hcfd557fa__34.o VTestHarness___024root__DepSet_hcfd557fa__35.o VTestHarness___024root__DepSet_hcfd557fa__36.o VTestHarness___024root__DepSet_hcfd557fa__37.o VTestHarness___024root__DepSet_hcfd557fa__38.o VTestHarness___024root__DepSet_hcfd557fa__39.o VTestHarness___024root__DepSet_hcfd557fa__40.o VTestHarness___024root__DepSet_hcfd557fa__41.o VTestHarness___024root__DepSet_hcfd557fa__42.o VTestHarness___024root__DepSet_hcfd557fa__43.o VTestHarness___024root__DepSet_hcfd557fa__44.o VTestHarness___024root__DepSet_hcfd557fa__45.o VTestHarness___024root__DepSet_hcfd557fa__46.o VTestHarness___024root__DepSet_hcfd557fa__47.o VTestHarness___024root__DepSet_hcfd557fa__48.o VTestHarness___024root__DepSet_hcfd557fa__49.o VTestHarness___024root__DepSet_hcfd557fa__50.o VTestHarness___024root__DepSet_hcfd557fa__51.o VTestHarness___024root__DepSet_hcfd557fa__52.o VTestHarness___024root__DepSet_hcfd557fa__53.o VTestHarness___024root__DepSet_hcfd557fa__54.o VTestHarness___024root__DepSet_hcfd557fa__55.o VTestHarness___024root__DepSet_hcfd557fa__56.o VTestHarness___024root__DepSet_hcfd557fa__57.o VTestHarness___024root__DepSet_hcfd557fa__58.o VTestHarness___024root__DepSet_hcfd557fa__59.o VTestHarness___024root__DepSet_hcfd557fa__60.o VTestHarness___024root__DepSet_hcfd557fa__61.o VTestHarness___024unit__DepSet_hc9fa512f__0.o VTestHarness__Dpi.o VTestHarness__ConstPool_0.o VTestHarness___024root__Slow.o VTestHarness___024root__DepSet_h30a6511e__0__Slow.o VTestHarness___024root__DepSet_hcfd557fa__0__Slow.o VTestHarness___024root__DepSet_hcfd557fa__1__Slow.o VTestHarness___024root__DepSet_hcfd557fa__2__Slow.o VTestHarness___024root__DepSet_hcfd557fa__3__Slow.o VTestHarness___024root__DepSet_hcfd557fa__4__Slow.o VTestHarness___024root__DepSet_hcfd557fa__5__Slow.o VTestHarness___024root__DepSet_hcfd557fa__6__Slow.o VTestHarness___024root__DepSet_hcfd557fa__7__Slow.o VTestHarness___024root__DepSet_hcfd557fa__8__Slow.o VTestHarness___024root__DepSet_hcfd557fa__9__Slow.o VTestHarness___024root__DepSet_hcfd557fa__10__Slow.o VTestHarness___024root__DepSet_hcfd557fa__11__Slow.o VTestHarness___024root__DepSet_hcfd557fa__12__Slow.o VTestHarness___024root__DepSet_hcfd557fa__13__Slow.o VTestHarness___024root__DepSet_hcfd557fa__14__Slow.o VTestHarness___024root__DepSet_hcfd557fa__15__Slow.o VTestHarness___024root__DepSet_hcfd557fa__16__Slow.o VTestHarness___024root__DepSet_hcfd557fa__17__Slow.o VTestHarness___024root__DepSet_hcfd557fa__18__Slow.o VTestHarness___024root__DepSet_hcfd557fa__19__Slow.o VTestHarness___024root__DepSet_hcfd557fa__20__Slow.o VTestHarness___024root__DepSet_hcfd557fa__21__Slow.o VTestHarness___024root__DepSet_hcfd557fa__22__Slow.o VTestHarness___024root__DepSet_hcfd557fa__23__Slow.o VTestHarness___024root__DepSet_hcfd557fa__24__Slow.o VTestHarness___024root__DepSet_hcfd557fa__25__Slow.o VTestHarness___024root__DepSet_hcfd557fa__26__Slow.o VTestHarness___024root__DepSet_hcfd557fa__27__Slow.o VTestHarness___024root__DepSet_hcfd557fa__28__Slow.o VTestHarness___024root__DepSet_hcfd557fa__29__Slow.o VTestHarness___024root__DepSet_hcfd557fa__30__Slow.o VTestHarness___024root__DepSet_hcfd557fa__31__Slow.o VTestHarness___024root__DepSet_hcfd557fa__32__Slow.o VTestHarness___024root__DepSet_hcfd557fa__33__Slow.o VTestHarness___024root__DepSet_hcfd557fa__34__Slow.o VTestHarness___024root__DepSet_hcfd557fa__35__Slow.o VTestHarness___024root__DepSet_hcfd557fa__36__Slow.o VTestHarness___024root__DepSet_hcfd557fa__37__Slow.o VTestHarness___024root__DepSet_hcfd557fa__38__Slow.o VTestHarness___024root__DepSet_hcfd557fa__39__Slow.o VTestHarness___024unit__Slow.o VTestHarness___024unit__DepSet_h66f95809__0__Slow.o VTestHarness__Syms.o VTestHarness__Syms__1.o
/opt/spechunter/chipyard-issue-715/.conda-env/bin/x86_64-conda-linux-gnu-c++    SimDRAM.o SimDTM.o SimJTAG.o SimSerial.o SimUART.o emulator.o mm.o mm_dramsim2.o remote_bitbang.o testchip_tsi.o uart.o verilated.o verilated_dpi.o verilated_vpi.o verilated_threads.o VTestHarness__ALL.a   -L/opt/spechunter/chipyard-issue-715/.conda-env/riscv-tools/lib -Wl,-rpath,/opt/spechunter/chipyard-issue-715/.conda-env/riscv-tools/lib -L/opt/spechunter/chipyard-issue-715-repairv3/sims/verilator -L/opt/spechunter/chipyard-issue-715-repairv3/tools/DRAMSim2 -lfesvr -ldramsim  -pthread -lpthread -latomic   -o /opt/spechunter/chipyard-issue-715-repairv3/sims/verilator/simulator-chipyard-SmallBoomConfig
rm VTestHarness__ALL.verilator_deplist.tmp
make[1]: Leaving directory '/opt/spechunter/chipyard-issue-715-repairv3/sims/verilator/generated-src/chipyard.TestHarness.SmallBoomConfig/chipyard.TestHarness.SmallBoomConfig'
make: Leaving directory '/opt/spechunter/chipyard-issue-715-repairv3/sims/verilator'
{
  "schema_version": 1,
  "experiment": "boom-historical-issue-715-build",
  "variant": "historical-issue-715-fault-dependent-kill",
  "chipyard_revision": "004297b6a8c01be1b2110c4cf4f9393ae1ff8805",
  "boom_revision": "fac2c370c9deae97ca52aca6b34857e9ac0f6e9d",
  "config": "SmallBoomConfig",
  "lsu_source_sha256": "94a2d6b44e702824a78534424a0f4e59f5c5a14762b065ca0684845e7f010320",
  "simulator_sha256": "542fd4528f30dd71d95998089ece9f68e03b0732553a2b343c3b6627ba2c6b68",
  "elapsed_seconds": 629,
  "completed_at": "2026-09-18T03:44:49.051544+00:00"
}
