make: Entering directory '/opt/spechunter/chipyard-issue-715-repaired/sims/verilator'
Running with RISCV=/opt/spechunter/chipyard-issue-715/.conda-env/riscv-tools
rm -rf /opt/spechunter/chipyard-issue-715-repaired/sims/verilator/generated-src/chipyard.TestHarness.SmallBoomConfig/chipyard.TestHarness.SmallBoomConfig.debug
mkdir -p /opt/spechunter/chipyard-issue-715-repaired/sims/verilator/generated-src/chipyard.TestHarness.SmallBoomConfig/chipyard.TestHarness.SmallBoomConfig.debug
verilator --cc --exe -CFLAGS " -O3 -std=c++11 -I/opt/spechunter/chipyard-issue-715/.conda-env/riscv-tools/include -I/opt/spechunter/chipyard-issue-715-repaired/tools/DRAMSim2 -I/opt/spechunter/chipyard-issue-715-repaired/sims/verilator/generated-src/chipyard.TestHarness.SmallBoomConfig    -D__STDC_FORMAT_MACROS -DTEST_HARNESS=VTestHarness -DVERILATOR -include /opt/spechunter/chipyard-issue-715-repaired/sims/verilator/generated-src/chipyard.TestHarness.SmallBoomConfig/chipyard.TestHarness.SmallBoomConfig.plusArgs -include /opt/spechunter/chipyard-issue-715-repaired/sims/verilator/generated-src/chipyard.TestHarness.SmallBoomConfig/verilator.h" -LDFLAGS " -L/opt/spechunter/chipyard-issue-715/.conda-env/riscv-tools/lib -Wl,-rpath,/opt/spechunter/chipyard-issue-715/.conda-env/riscv-tools/lib -L/opt/spechunter/chipyard-issue-715-repaired/sims/verilator -L/opt/spechunter/chipyard-issue-715-repaired/tools/DRAMSim2 -lfesvr -ldramsim "   --threads 1 --threads-dpi all -O3 --x-assign fast --x-initial fast --output-split 10000 --output-split-cfuncs 100 --assert -Wno-fatal --timescale 1ns/1ps --max-num-width 1048576 +define+PRINTF_COND=\$c\(\"verbose\",\"\&\&\"\,\"done_reset\"\) +define+STOP_COND=\$c\(\"done_reset\"\) --top-module TestHarness --vpi -f /opt/spechunter/chipyard-issue-715-repaired/sims/verilator/generated-src/chipyard.TestHarness.SmallBoomConfig/sim_files.common.f /opt/spechunter/chipyard-issue-715-repaired/sims/verilator/generated-src/chipyard.TestHarness.SmallBoomConfig/chipyard.TestHarness.SmallBoomConfig.top.v /opt/spechunter/chipyard-issue-715-repaired/sims/verilator/generated-src/chipyard.TestHarness.SmallBoomConfig/chipyard.TestHarness.SmallBoomConfig.harness.v /opt/spechunter/chipyard-issue-715-repaired/sims/verilator/generated-src/chipyard.TestHarness.SmallBoomConfig/chipyard.TestHarness.SmallBoomConfig.top.mems.v /opt/spechunter/chipyard-issue-715-repaired/sims/verilator/generated-src/chipyard.TestHarness.SmallBoomConfig/chipyard.TestHarness.SmallBoomConfig.harness.mems.v  -o /opt/spechunter/chipyard-issue-715-repaired/sims/verilator/simulator-chipyard-SmallBoomConfig-debug  --trace -Mdir /opt/spechunter/chipyard-issue-715-repaired/sims/verilator/generated-src/chipyard.TestHarness.SmallBoomConfig/chipyard.TestHarness.SmallBoomConfig.debug -CFLAGS "-include /opt/spechunter/chipyard-issue-715-repaired/sims/verilator/generated-src/chipyard.TestHarness.SmallBoomConfig/chipyard.TestHarness.SmallBoomConfig.debug/VTestHarness.h"
%Warning-LATCH: /opt/spechunter/chipyard-issue-715-repaired/sims/verilator/generated-src/chipyard.TestHarness.SmallBoomConfig/EICG_wrapper.v:12:3: Latch inferred for signal 'TestHarness.chiptop.gated_clock_debug_clock_gate.en_latched' (not all control paths of combinational always assign a value)
                                                                                                                                                 : ... Suggest use of always_latch for intentional latches
   12 |   always @(*) begin
      |   ^~~~~~
                ... For warning description see https://verilator.org/warn/LATCH?v=4.226
                ... Use "/* verilator lint_off LATCH */" and lint_on around source to disable this message.
touch /opt/spechunter/chipyard-issue-715-repaired/sims/verilator/generated-src/chipyard.TestHarness.SmallBoomConfig/chipyard.TestHarness.SmallBoomConfig.debug/VTestHarness.mk
make VM_PARALLEL_BUILDS=1 -C /opt/spechunter/chipyard-issue-715-repaired/sims/verilator/generated-src/chipyard.TestHarness.SmallBoomConfig/chipyard.TestHarness.SmallBoomConfig.debug -f VTestHarness.mk
make[1]: Entering directory '/opt/spechunter/chipyard-issue-715-repaired/sims/verilator/generated-src/chipyard.TestHarness.SmallBoomConfig/chipyard.TestHarness.SmallBoomConfig.debug'
VTestHarness.mk:13: warning: NUL character seen; rest of line ignored
/opt/spechunter/chipyard-issue-715/.conda-env/bin/x86_64-conda-linux-gnu-c++  -I.  -MMD -I/opt/spechunter/chipyard-issue-715/.conda-env/share/verilator/include -I/opt/spechunter/chipyard-issue-715/.conda-env/share/verilator/include/vltstd -DVM_COVERAGE=0 -DVM_SC=0 -DVM_TRACE=1 -DVM_TRACE_FST=0 -DVM_TRACE_VCD=1 -faligned-new -fcf-protection=none -Wno-bool-operation -Wno-sign-compare -Wno-uninitialized -Wno-unused-but-set-variable -Wno-unused-parameter -Wno-unused-variable -Wno-shadow     -O3 -std=c++11 -I/opt/spechunter/chipyard-issue-715/.conda-env/riscv-tools/include -I/opt/spechunter/chipyard-issue-715-repaired/tools/DRAMSim2 -I/opt/spechunter/chipyard-issue-715-repaired/sims/verilator/generated-src/chipyard.TestHarness.SmallBoomConfig    -D__STDC_FORMAT_MACROS -DTEST_HARNESS=VTestHarness -DVERILATOR -include /opt/spechunter/chipyard-issue-715-repaired/sims/verilator/generated-src/chipyard.TestHarness.SmallBoomConfig/chipyard.TestHarness.SmallBoomConfig.plusArgs -include /opt/spechunter/chipyard-issue-715-repaired/sims/verilator/generated-src/chipyard.TestHarness.SmallBoomConfig/verilator.h -include /opt/spechunter/chipyard-issue-715-repaired/sims/verilator/generated-src/chipyard.TestHarness.SmallBoomConfig/chipyard.TestHarness.SmallBoomConfig.debug/VTestHarness.h  -DVL_THREADED -std=c++17 -Os -c -o SimDRAM.o /opt/spechunter/chipyard-issue-715-repaired/sims/verilator/generated-src/chipyard.TestHarness.SmallBoomConfig/SimDRAM.cc
/opt/spechunter/chipyard-issue-715/.conda-env/bin/x86_64-conda-linux-gnu-c++  -I.  -MMD -I/opt/spechunter/chipyard-issue-715/.conda-env/share/verilator/include -I/opt/spechunter/chipyard-issue-715/.conda-env/share/verilator/include/vltstd -DVM_COVERAGE=0 -DVM_SC=0 -DVM_TRACE=1 -DVM_TRACE_FST=0 -DVM_TRACE_VCD=1 -faligned-new -fcf-protection=none -Wno-bool-operation -Wno-sign-compare -Wno-uninitialized -Wno-unused-but-set-variable -Wno-unused-parameter -Wno-unused-variable -Wno-shadow     -O3 -std=c++11 -I/opt/spechunter/chipyard-issue-715/.conda-env/riscv-tools/include -I/opt/spechunter/chipyard-issue-715-repaired/tools/DRAMSim2 -I/opt/spechunter/chipyard-issue-715-repaired/sims/verilator/generated-src/chipyard.TestHarness.SmallBoomConfig    -D__STDC_FORMAT_MACROS -DTEST_HARNESS=VTestHarness -DVERILATOR -include /opt/spechunter/chipyard-issue-715-repaired/sims/verilator/generated-src/chipyard.TestHarness.SmallBoomConfig/chipyard.TestHarness.SmallBoomConfig.plusArgs -include /opt/spechunter/chipyard-issue-715-repaired/sims/verilator/generated-src/chipyard.TestHarness.SmallBoomConfig/verilator.h -include /opt/spechunter/chipyard-issue-715-repaired/sims/verilator/generated-src/chipyard.TestHarness.SmallBoomConfig/chipyard.TestHarness.SmallBoomConfig.debug/VTestHarness.h  -DVL_THREADED -std=c++17 -Os -c -o SimDTM.o /opt/spechunter/chipyard-issue-715-repaired/sims/verilator/generated-src/chipyard.TestHarness.SmallBoomConfig/SimDTM.cc
/opt/spechunter/chipyard-issue-715/.conda-env/bin/x86_64-conda-linux-gnu-c++  -I.  -MMD -I/opt/spechunter/chipyard-issue-715/.conda-env/share/verilator/include -I/opt/spechunter/chipyard-issue-715/.conda-env/share/verilator/include/vltstd -DVM_COVERAGE=0 -DVM_SC=0 -DVM_TRACE=1 -DVM_TRACE_FST=0 -DVM_TRACE_VCD=1 -faligned-new -fcf-protection=none -Wno-bool-operation -Wno-sign-compare -Wno-uninitialized -Wno-unused-but-set-variable -Wno-unused-parameter -Wno-unused-variable -Wno-shadow     -O3 -std=c++11 -I/opt/spechunter/chipyard-issue-715/.conda-env/riscv-tools/include -I/opt/spechunter/chipyard-issue-715-repaired/tools/DRAMSim2 -I/opt/spechunter/chipyard-issue-715-repaired/sims/verilator/generated-src/chipyard.TestHarness.SmallBoomConfig    -D__STDC_FORMAT_MACROS -DTEST_HARNESS=VTestHarness -DVERILATOR -include /opt/spechunter/chipyard-issue-715-repaired/sims/verilator/generated-src/chipyard.TestHarness.SmallBoomConfig/chipyard.TestHarness.SmallBoomConfig.plusArgs -include /opt/spechunter/chipyard-issue-715-repaired/sims/verilator/generated-src/chipyard.TestHarness.SmallBoomConfig/verilator.h -include /opt/spechunter/chipyard-issue-715-repaired/sims/verilator/generated-src/chipyard.TestHarness.SmallBoomConfig/chipyard.TestHarness.SmallBoomConfig.debug/VTestHarness.h  -DVL_THREADED -std=c++17 -Os -c -o SimJTAG.o /opt/spechunter/chipyard-issue-715-repaired/sims/verilator/generated-src/chipyard.TestHarness.SmallBoomConfig/SimJTAG.cc
/opt/spechunter/chipyard-issue-715/.conda-env/bin/x86_64-conda-linux-gnu-c++  -I.  -MMD -I/opt/spechunter/chipyard-issue-715/.conda-env/share/verilator/include -I/opt/spechunter/chipyard-issue-715/.conda-env/share/verilator/include/vltstd -DVM_COVERAGE=0 -DVM_SC=0 -DVM_TRACE=1 -DVM_TRACE_FST=0 -DVM_TRACE_VCD=1 -faligned-new -fcf-protection=none -Wno-bool-operation -Wno-sign-compare -Wno-uninitialized -Wno-unused-but-set-variable -Wno-unused-parameter -Wno-unused-variable -Wno-shadow     -O3 -std=c++11 -I/opt/spechunter/chipyard-issue-715/.conda-env/riscv-tools/include -I/opt/spechunter/chipyard-issue-715-repaired/tools/DRAMSim2 -I/opt/spechunter/chipyard-issue-715-repaired/sims/verilator/generated-src/chipyard.TestHarness.SmallBoomConfig    -D__STDC_FORMAT_MACROS -DTEST_HARNESS=VTestHarness -DVERILATOR -include /opt/spechunter/chipyard-issue-715-repaired/sims/verilator/generated-src/chipyard.TestHarness.SmallBoomConfig/chipyard.TestHarness.SmallBoomConfig.plusArgs -include /opt/spechunter/chipyard-issue-715-repaired/sims/verilator/generated-src/chipyard.TestHarness.SmallBoomConfig/verilator.h -include /opt/spechunter/chipyard-issue-715-repaired/sims/verilator/generated-src/chipyard.TestHarness.SmallBoomConfig/chipyard.TestHarness.SmallBoomConfig.debug/VTestHarness.h  -DVL_THREADED -std=c++17 -Os -c -o SimSerial.o /opt/spechunter/chipyard-issue-715-repaired/sims/verilator/generated-src/chipyard.TestHarness.SmallBoomConfig/SimSerial.cc
/opt/spechunter/chipyard-issue-715/.conda-env/bin/x86_64-conda-linux-gnu-c++  -I.  -MMD -I/opt/spechunter/chipyard-issue-715/.conda-env/share/verilator/include -I/opt/spechunter/chipyard-issue-715/.conda-env/share/verilator/include/vltstd -DVM_COVERAGE=0 -DVM_SC=0 -DVM_TRACE=1 -DVM_TRACE_FST=0 -DVM_TRACE_VCD=1 -faligned-new -fcf-protection=none -Wno-bool-operation -Wno-sign-compare -Wno-uninitialized -Wno-unused-but-set-variable -Wno-unused-parameter -Wno-unused-variable -Wno-shadow     -O3 -std=c++11 -I/opt/spechunter/chipyard-issue-715/.conda-env/riscv-tools/include -I/opt/spechunter/chipyard-issue-715-repaired/tools/DRAMSim2 -I/opt/spechunter/chipyard-issue-715-repaired/sims/verilator/generated-src/chipyard.TestHarness.SmallBoomConfig    -D__STDC_FORMAT_MACROS -DTEST_HARNESS=VTestHarness -DVERILATOR -include /opt/spechunter/chipyard-issue-715-repaired/sims/verilator/generated-src/chipyard.TestHarness.SmallBoomConfig/chipyard.TestHarness.SmallBoomConfig.plusArgs -include /opt/spechunter/chipyard-issue-715-repaired/sims/verilator/generated-src/chipyard.TestHarness.SmallBoomConfig/verilator.h -include /opt/spechunter/chipyard-issue-715-repaired/sims/verilator/generated-src/chipyard.TestHarness.SmallBoomConfig/chipyard.TestHarness.SmallBoomConfig.debug/VTestHarness.h  -DVL_THREADED -std=c++17 -Os -c -o SimUART.o /opt/spechunter/chipyard-issue-715-repaired/sims/verilator/generated-src/chipyard.TestHarness.SmallBoomConfig/SimUART.cc
/opt/spechunter/chipyard-issue-715/.conda-env/bin/x86_64-conda-linux-gnu-c++  -I.  -MMD -I/opt/spechunter/chipyard-issue-715/.conda-env/share/verilator/include -I/opt/spechunter/chipyard-issue-715/.conda-env/share/verilator/include/vltstd -DVM_COVERAGE=0 -DVM_SC=0 -DVM_TRACE=1 -DVM_TRACE_FST=0 -DVM_TRACE_VCD=1 -faligned-new -fcf-protection=none -Wno-bool-operation -Wno-sign-compare -Wno-uninitialized -Wno-unused-but-set-variable -Wno-unused-parameter -Wno-unused-variable -Wno-shadow     -O3 -std=c++11 -I/opt/spechunter/chipyard-issue-715/.conda-env/riscv-tools/include -I/opt/spechunter/chipyard-issue-715-repaired/tools/DRAMSim2 -I/opt/spechunter/chipyard-issue-715-repaired/sims/verilator/generated-src/chipyard.TestHarness.SmallBoomConfig    -D__STDC_FORMAT_MACROS -DTEST_HARNESS=VTestHarness -DVERILATOR -include /opt/spechunter/chipyard-issue-715-repaired/sims/verilator/generated-src/chipyard.TestHarness.SmallBoomConfig/chipyard.TestHarness.SmallBoomConfig.plusArgs -include /opt/spechunter/chipyard-issue-715-repaired/sims/verilator/generated-src/chipyard.TestHarness.SmallBoomConfig/verilator.h -include /opt/spechunter/chipyard-issue-715-repaired/sims/verilator/generated-src/chipyard.TestHarness.SmallBoomConfig/chipyard.TestHarness.SmallBoomConfig.debug/VTestHarness.h  -DVL_THREADED -std=c++17 -Os -c -o emulator.o /opt/spechunter/chipyard-issue-715-repaired/sims/verilator/generated-src/chipyard.TestHarness.SmallBoomConfig/emulator.cc
/opt/spechunter/chipyard-issue-715/.conda-env/bin/x86_64-conda-linux-gnu-c++  -I.  -MMD -I/opt/spechunter/chipyard-issue-715/.conda-env/share/verilator/include -I/opt/spechunter/chipyard-issue-715/.conda-env/share/verilator/include/vltstd -DVM_COVERAGE=0 -DVM_SC=0 -DVM_TRACE=1 -DVM_TRACE_FST=0 -DVM_TRACE_VCD=1 -faligned-new -fcf-protection=none -Wno-bool-operation -Wno-sign-compare -Wno-uninitialized -Wno-unused-but-set-variable -Wno-unused-parameter -Wno-unused-variable -Wno-shadow     -O3 -std=c++11 -I/opt/spechunter/chipyard-issue-715/.conda-env/riscv-tools/include -I/opt/spechunter/chipyard-issue-715-repaired/tools/DRAMSim2 -I/opt/spechunter/chipyard-issue-715-repaired/sims/verilator/generated-src/chipyard.TestHarness.SmallBoomConfig    -D__STDC_FORMAT_MACROS -DTEST_HARNESS=VTestHarness -DVERILATOR -include /opt/spechunter/chipyard-issue-715-repaired/sims/verilator/generated-src/chipyard.TestHarness.SmallBoomConfig/chipyard.TestHarness.SmallBoomConfig.plusArgs -include /opt/spechunter/chipyard-issue-715-repaired/sims/verilator/generated-src/chipyard.TestHarness.SmallBoomConfig/verilator.h -include /opt/spechunter/chipyard-issue-715-repaired/sims/verilator/generated-src/chipyard.TestHarness.SmallBoomConfig/chipyard.TestHarness.SmallBoomConfig.debug/VTestHarness.h  -DVL_THREADED -std=c++17 -Os -c -o mm.o /opt/spechunter/chipyard-issue-715-repaired/sims/verilator/generated-src/chipyard.TestHarness.SmallBoomConfig/mm.cc
/opt/spechunter/chipyard-issue-715/.conda-env/bin/x86_64-conda-linux-gnu-c++  -I.  -MMD -I/opt/spechunter/chipyard-issue-715/.conda-env/share/verilator/include -I/opt/spechunter/chipyard-issue-715/.conda-env/share/verilator/include/vltstd -DVM_COVERAGE=0 -DVM_SC=0 -DVM_TRACE=1 -DVM_TRACE_FST=0 -DVM_TRACE_VCD=1 -faligned-new -fcf-protection=none -Wno-bool-operation -Wno-sign-compare -Wno-uninitialized -Wno-unused-but-set-variable -Wno-unused-parameter -Wno-unused-variable -Wno-shadow     -O3 -std=c++11 -I/opt/spechunter/chipyard-issue-715/.conda-env/riscv-tools/include -I/opt/spechunter/chipyard-issue-715-repaired/tools/DRAMSim2 -I/opt/spechunter/chipyard-issue-715-repaired/sims/verilator/generated-src/chipyard.TestHarness.SmallBoomConfig    -D__STDC_FORMAT_MACROS -DTEST_HARNESS=VTestHarness -DVERILATOR -include /opt/spechunter/chipyard-issue-715-repaired/sims/verilator/generated-src/chipyard.TestHarness.SmallBoomConfig/chipyard.TestHarness.SmallBoomConfig.plusArgs -include /opt/spechunter/chipyard-issue-715-repaired/sims/verilator/generated-src/chipyard.TestHarness.SmallBoomConfig/verilator.h -include /opt/spechunter/chipyard-issue-715-repaired/sims/verilator/generated-src/chipyard.TestHarness.SmallBoomConfig/chipyard.TestHarness.SmallBoomConfig.debug/VTestHarness.h  -DVL_THREADED -std=c++17 -Os -c -o mm_dramsim2.o /opt/spechunter/chipyard-issue-715-repaired/sims/verilator/generated-src/chipyard.TestHarness.SmallBoomConfig/mm_dramsim2.cc
In file included from /opt/spechunter/chipyard-issue-715/.conda-env/share/verilator/include/verilated.h:35,
                 from /opt/spechunter/chipyard-issue-715/.conda-env/share/verilator/include/verilated_vcd_c.h:24,
                 from /opt/spechunter/chipyard-issue-715-repaired/sims/verilator/generated-src/chipyard.TestHarness.SmallBoomConfig/verilator.h:4,
                 from <command-line>:
/opt/spechunter/chipyard-issue-715/.conda-env/share/verilator/include/verilatedos.h:291: warning: "__STDC_FORMAT_MACROS" redefined
  291 | #define __STDC_FORMAT_MACROS
      | 
In file included from /opt/spechunter/chipyard-issue-715/.conda-env/share/verilator/include/verilated.h:35,
                 from /opt/spechunter/chipyard-issue-715/.conda-env/share/verilator/include/verilated_vcd_c.h:24,
                 from /opt/spechunter/chipyard-issue-715-repaired/sims/verilator/generated-src/chipyard.TestHarness.SmallBoomConfig/verilator.h:4,
                 from <command-line>:
/opt/spechunter/chipyard-issue-715/.conda-env/share/verilator/include/verilatedos.h:291: warning: "__STDC_FORMAT_MACROS" redefined
  291 | #define __STDC_FORMAT_MACROS
      | 
<command-line>: note: this is the location of the previous definition
<command-line>: note: this is the location of the previous definition
In file included from /opt/spechunter/chipyard-issue-715/.conda-env/share/verilator/include/verilated.h:35,
                 from /opt/spechunter/chipyard-issue-715/.conda-env/share/verilator/include/verilated_vcd_c.h:24,
                 from /opt/spechunter/chipyard-issue-715-repaired/sims/verilator/generated-src/chipyard.TestHarness.SmallBoomConfig/verilator.h:4,
                 from <command-line>:
/opt/spechunter/chipyard-issue-715/.conda-env/share/verilator/include/verilatedos.h:291: warning: "__STDC_FORMAT_MACROS" redefined
  291 | #define __STDC_FORMAT_MACROS
      | 
<command-line>: note: this is the location of the previous definition
In file included from /opt/spechunter/chipyard-issue-715/.conda-env/share/verilator/include/verilated.h:35,
                 from /opt/spechunter/chipyard-issue-715/.conda-env/share/verilator/include/verilated_vcd_c.h:24,
                 from /opt/spechunter/chipyard-issue-715-repaired/sims/verilator/generated-src/chipyard.TestHarness.SmallBoomConfig/verilator.h:4,
                 from <command-line>:
/opt/spechunter/chipyard-issue-715/.conda-env/share/verilator/include/verilatedos.h:291: warning: "__STDC_FORMAT_MACROS" redefined
  291 | #define __STDC_FORMAT_MACROS
      | 
<command-line>: note: this is the location of the previous definition
In file included from /opt/spechunter/chipyard-issue-715/.conda-env/share/verilator/include/verilated.h:35,
                 from /opt/spechunter/chipyard-issue-715/.conda-env/share/verilator/include/verilated_vcd_c.h:24,
                 from /opt/spechunter/chipyard-issue-715-repaired/sims/verilator/generated-src/chipyard.TestHarness.SmallBoomConfig/verilator.h:4,
                 from <command-line>:
/opt/spechunter/chipyard-issue-715/.conda-env/share/verilator/include/verilatedos.h:291: warning: "__STDC_FORMAT_MACROS" redefined
  291 | #define __STDC_FORMAT_MACROS
      | 
<command-line>: note: this is the location of the previous definition
In file included from /opt/spechunter/chipyard-issue-715/.conda-env/share/verilator/include/verilated.h:35,
                 from /opt/spechunter/chipyard-issue-715/.conda-env/share/verilator/include/verilated_vcd_c.h:24,
                 from /opt/spechunter/chipyard-issue-715-repaired/sims/verilator/generated-src/chipyard.TestHarness.SmallBoomConfig/verilator.h:4,
                 from <command-line>:
/opt/spechunter/chipyard-issue-715/.conda-env/share/verilator/include/verilatedos.h:291: warning: "__STDC_FORMAT_MACROS" redefined
  291 | #define __STDC_FORMAT_MACROS
      | 
<command-line>: note: this is the location of the previous definition
In file included from /opt/spechunter/chipyard-issue-715/.conda-env/share/verilator/include/verilated.h:35,
                 from /opt/spechunter/chipyard-issue-715/.conda-env/share/verilator/include/verilated_vcd_c.h:24,
                 from /opt/spechunter/chipyard-issue-715-repaired/sims/verilator/generated-src/chipyard.TestHarness.SmallBoomConfig/verilator.h:4,
                 from <command-line>:
/opt/spechunter/chipyard-issue-715/.conda-env/share/verilator/include/verilatedos.h:291: warning: "__STDC_FORMAT_MACROS" redefined
  291 | #define __STDC_FORMAT_MACROS
      | 
<command-line>: note: this is the location of the previous definition
In file included from /opt/spechunter/chipyard-issue-715/.conda-env/share/verilator/include/verilated.h:35,
                 from /opt/spechunter/chipyard-issue-715/.conda-env/share/verilator/include/verilated_vcd_c.h:24,
                 from /opt/spechunter/chipyard-issue-715-repaired/sims/verilator/generated-src/chipyard.TestHarness.SmallBoomConfig/verilator.h:4,
                 from <command-line>:
/opt/spechunter/chipyard-issue-715/.conda-env/share/verilator/include/verilatedos.h:291: warning: "__STDC_FORMAT_MACROS" redefined
  291 | #define __STDC_FORMAT_MACROS
      | 
<command-line>: note: this is the location of the previous definition
/opt/spechunter/chipyard-issue-715/.conda-env/bin/x86_64-conda-linux-gnu-c++  -I.  -MMD -I/opt/spechunter/chipyard-issue-715/.conda-env/share/verilator/include -I/opt/spechunter/chipyard-issue-715/.conda-env/share/verilator/include/vltstd -DVM_COVERAGE=0 -DVM_SC=0 -DVM_TRACE=1 -DVM_TRACE_FST=0 -DVM_TRACE_VCD=1 -faligned-new -fcf-protection=none -Wno-bool-operation -Wno-sign-compare -Wno-uninitialized -Wno-unused-but-set-variable -Wno-unused-parameter -Wno-unused-variable -Wno-shadow     -O3 -std=c++11 -I/opt/spechunter/chipyard-issue-715/.conda-env/riscv-tools/include -I/opt/spechunter/chipyard-issue-715-repaired/tools/DRAMSim2 -I/opt/spechunter/chipyard-issue-715-repaired/sims/verilator/generated-src/chipyard.TestHarness.SmallBoomConfig    -D__STDC_FORMAT_MACROS -DTEST_HARNESS=VTestHarness -DVERILATOR -include /opt/spechunter/chipyard-issue-715-repaired/sims/verilator/generated-src/chipyard.TestHarness.SmallBoomConfig/chipyard.TestHarness.SmallBoomConfig.plusArgs -include /opt/spechunter/chipyard-issue-715-repaired/sims/verilator/generated-src/chipyard.TestHarness.SmallBoomConfig/verilator.h -include /opt/spechunter/chipyard-issue-715-repaired/sims/verilator/generated-src/chipyard.TestHarness.SmallBoomConfig/chipyard.TestHarness.SmallBoomConfig.debug/VTestHarness.h  -DVL_THREADED -std=c++17 -Os -c -o remote_bitbang.o /opt/spechunter/chipyard-issue-715-repaired/sims/verilator/generated-src/chipyard.TestHarness.SmallBoomConfig/remote_bitbang.cc
/opt/spechunter/chipyard-issue-715/.conda-env/bin/x86_64-conda-linux-gnu-c++  -I.  -MMD -I/opt/spechunter/chipyard-issue-715/.conda-env/share/verilator/include -I/opt/spechunter/chipyard-issue-715/.conda-env/share/verilator/include/vltstd -DVM_COVERAGE=0 -DVM_SC=0 -DVM_TRACE=1 -DVM_TRACE_FST=0 -DVM_TRACE_VCD=1 -faligned-new -fcf-protection=none -Wno-bool-operation -Wno-sign-compare -Wno-uninitialized -Wno-unused-but-set-variable -Wno-unused-parameter -Wno-unused-variable -Wno-shadow     -O3 -std=c++11 -I/opt/spechunter/chipyard-issue-715/.conda-env/riscv-tools/include -I/opt/spechunter/chipyard-issue-715-repaired/tools/DRAMSim2 -I/opt/spechunter/chipyard-issue-715-repaired/sims/verilator/generated-src/chipyard.TestHarness.SmallBoomConfig    -D__STDC_FORMAT_MACROS -DTEST_HARNESS=VTestHarness -DVERILATOR -include /opt/spechunter/chipyard-issue-715-repaired/sims/verilator/generated-src/chipyard.TestHarness.SmallBoomConfig/chipyard.TestHarness.SmallBoomConfig.plusArgs -include /opt/spechunter/chipyard-issue-715-repaired/sims/verilator/generated-src/chipyard.TestHarness.SmallBoomConfig/verilator.h -include /opt/spechunter/chipyard-issue-715-repaired/sims/verilator/generated-src/chipyard.TestHarness.SmallBoomConfig/chipyard.TestHarness.SmallBoomConfig.debug/VTestHarness.h  -DVL_THREADED -std=c++17 -Os -c -o testchip_tsi.o /opt/spechunter/chipyard-issue-715-repaired/sims/verilator/generated-src/chipyard.TestHarness.SmallBoomConfig/testchip_tsi.cc
In file included from /opt/spechunter/chipyard-issue-715/.conda-env/share/verilator/include/verilated.h:35,
                 from /opt/spechunter/chipyard-issue-715/.conda-env/share/verilator/include/verilated_vcd_c.h:24,
                 from /opt/spechunter/chipyard-issue-715-repaired/sims/verilator/generated-src/chipyard.TestHarness.SmallBoomConfig/verilator.h:4,
                 from <command-line>:
/opt/spechunter/chipyard-issue-715/.conda-env/share/verilator/include/verilatedos.h:291: warning: "__STDC_FORMAT_MACROS" redefined
  291 | #define __STDC_FORMAT_MACROS
      | 
<command-line>: note: this is the location of the previous definition
In file included from /opt/spechunter/chipyard-issue-715/.conda-env/share/verilator/include/verilated.h:35,
                 from /opt/spechunter/chipyard-issue-715/.conda-env/share/verilator/include/verilated_vcd_c.h:24,
                 from /opt/spechunter/chipyard-issue-715-repaired/sims/verilator/generated-src/chipyard.TestHarness.SmallBoomConfig/verilator.h:4,
                 from <command-line>:
/opt/spechunter/chipyard-issue-715/.conda-env/share/verilator/include/verilatedos.h:291: warning: "__STDC_FORMAT_MACROS" redefined
  291 | #define __STDC_FORMAT_MACROS
      | 
<command-line>: note: this is the location of the previous definition
/opt/spechunter/chipyard-issue-715/.conda-env/bin/x86_64-conda-linux-gnu-c++  -I.  -MMD -I/opt/spechunter/chipyard-issue-715/.conda-env/share/verilator/include -I/opt/spechunter/chipyard-issue-715/.conda-env/share/verilator/include/vltstd -DVM_COVERAGE=0 -DVM_SC=0 -DVM_TRACE=1 -DVM_TRACE_FST=0 -DVM_TRACE_VCD=1 -faligned-new -fcf-protection=none -Wno-bool-operation -Wno-sign-compare -Wno-uninitialized -Wno-unused-but-set-variable -Wno-unused-parameter -Wno-unused-variable -Wno-shadow     -O3 -std=c++11 -I/opt/spechunter/chipyard-issue-715/.conda-env/riscv-tools/include -I/opt/spechunter/chipyard-issue-715-repaired/tools/DRAMSim2 -I/opt/spechunter/chipyard-issue-715-repaired/sims/verilator/generated-src/chipyard.TestHarness.SmallBoomConfig    -D__STDC_FORMAT_MACROS -DTEST_HARNESS=VTestHarness -DVERILATOR -include /opt/spechunter/chipyard-issue-715-repaired/sims/verilator/generated-src/chipyard.TestHarness.SmallBoomConfig/chipyard.TestHarness.SmallBoomConfig.plusArgs -include /opt/spechunter/chipyard-issue-715-repaired/sims/verilator/generated-src/chipyard.TestHarness.SmallBoomConfig/verilator.h -include /opt/spechunter/chipyard-issue-715-repaired/sims/verilator/generated-src/chipyard.TestHarness.SmallBoomConfig/chipyard.TestHarness.SmallBoomConfig.debug/VTestHarness.h  -DVL_THREADED -std=c++17 -Os -c -o uart.o /opt/spechunter/chipyard-issue-715-repaired/sims/verilator/generated-src/chipyard.TestHarness.SmallBoomConfig/uart.cc
In file included from /opt/spechunter/chipyard-issue-715/.conda-env/share/verilator/include/verilated.h:35,
                 from /opt/spechunter/chipyard-issue-715/.conda-env/share/verilator/include/verilated_vcd_c.h:24,
                 from /opt/spechunter/chipyard-issue-715-repaired/sims/verilator/generated-src/chipyard.TestHarness.SmallBoomConfig/verilator.h:4,
                 from <command-line>:
/opt/spechunter/chipyard-issue-715/.conda-env/share/verilator/include/verilatedos.h:291: warning: "__STDC_FORMAT_MACROS" redefined
  291 | #define __STDC_FORMAT_MACROS
      | 
<command-line>: note: this is the location of the previous definition
/opt/spechunter/chipyard-issue-715/.conda-env/bin/x86_64-conda-linux-gnu-c++  -I.  -MMD -I/opt/spechunter/chipyard-issue-715/.conda-env/share/verilator/include -I/opt/spechunter/chipyard-issue-715/.conda-env/share/verilator/include/vltstd -DVM_COVERAGE=0 -DVM_SC=0 -DVM_TRACE=1 -DVM_TRACE_FST=0 -DVM_TRACE_VCD=1 -faligned-new -fcf-protection=none -Wno-bool-operation -Wno-sign-compare -Wno-uninitialized -Wno-unused-but-set-variable -Wno-unused-parameter -Wno-unused-variable -Wno-shadow     -O3 -std=c++11 -I/opt/spechunter/chipyard-issue-715/.conda-env/riscv-tools/include -I/opt/spechunter/chipyard-issue-715-repaired/tools/DRAMSim2 -I/opt/spechunter/chipyard-issue-715-repaired/sims/verilator/generated-src/chipyard.TestHarness.SmallBoomConfig    -D__STDC_FORMAT_MACROS -DTEST_HARNESS=VTestHarness -DVERILATOR -include /opt/spechunter/chipyard-issue-715-repaired/sims/verilator/generated-src/chipyard.TestHarness.SmallBoomConfig/chipyard.TestHarness.SmallBoomConfig.plusArgs -include /opt/spechunter/chipyard-issue-715-repaired/sims/verilator/generated-src/chipyard.TestHarness.SmallBoomConfig/verilator.h -include /opt/spechunter/chipyard-issue-715-repaired/sims/verilator/generated-src/chipyard.TestHarness.SmallBoomConfig/chipyard.TestHarness.SmallBoomConfig.debug/VTestHarness.h  -DVL_THREADED -std=c++17 -Os -c -o verilated.o /opt/spechunter/chipyard-issue-715/.conda-env/share/verilator/include/verilated.cpp
In file included from /opt/spechunter/chipyard-issue-715/.conda-env/share/verilator/include/verilated.h:35,
                 from /opt/spechunter/chipyard-issue-715/.conda-env/share/verilator/include/verilated_vcd_c.h:24,
                 from /opt/spechunter/chipyard-issue-715-repaired/sims/verilator/generated-src/chipyard.TestHarness.SmallBoomConfig/verilator.h:4,
                 from <command-line>:
/opt/spechunter/chipyard-issue-715/.conda-env/share/verilator/include/verilatedos.h:291: warning: "__STDC_FORMAT_MACROS" redefined
  291 | #define __STDC_FORMAT_MACROS
      | 
<command-line>: note: this is the location of the previous definition
/opt/spechunter/chipyard-issue-715-repaired/sims/verilator/generated-src/chipyard.TestHarness.SmallBoomConfig/uart.cc:7: warning: "_XOPEN_SOURCE" redefined
    7 | #define _XOPEN_SOURCE
      | 
In file included from /opt/spechunter/chipyard-issue-715/.conda-env/x86_64-conda-linux-gnu/include/c++/12.1.0/x86_64-conda-linux-gnu/bits/os_defines.h:39,
                 from /opt/spechunter/chipyard-issue-715/.conda-env/x86_64-conda-linux-gnu/include/c++/12.1.0/x86_64-conda-linux-gnu/bits/c++config.h:655,
                 from /opt/spechunter/chipyard-issue-715/.conda-env/x86_64-conda-linux-gnu/include/c++/12.1.0/cstdint:38,
                 from /opt/spechunter/chipyard-issue-715/.conda-env/share/verilator/include/verilatedos.h:294:
/opt/spechunter/chipyard-issue-715/.conda-env/x86_64-conda-linux-gnu/sysroot/usr/include/features.h:170: note: this is the location of the previous definition
  170 | # define _XOPEN_SOURCE  700
      | 
/opt/spechunter/chipyard-issue-715/.conda-env/bin/x86_64-conda-linux-gnu-c++  -I.  -MMD -I/opt/spechunter/chipyard-issue-715/.conda-env/share/verilator/include -I/opt/spechunter/chipyard-issue-715/.conda-env/share/verilator/include/vltstd -DVM_COVERAGE=0 -DVM_SC=0 -DVM_TRACE=1 -DVM_TRACE_FST=0 -DVM_TRACE_VCD=1 -faligned-new -fcf-protection=none -Wno-bool-operation -Wno-sign-compare -Wno-uninitialized -Wno-unused-but-set-variable -Wno-unused-parameter -Wno-unused-variable -Wno-shadow     -O3 -std=c++11 -I/opt/spechunter/chipyard-issue-715/.conda-env/riscv-tools/include -I/opt/spechunter/chipyard-issue-715-repaired/tools/DRAMSim2 -I/opt/spechunter/chipyard-issue-715-repaired/sims/verilator/generated-src/chipyard.TestHarness.SmallBoomConfig    -D__STDC_FORMAT_MACROS -DTEST_HARNESS=VTestHarness -DVERILATOR -include /opt/spechunter/chipyard-issue-715-repaired/sims/verilator/generated-src/chipyard.TestHarness.SmallBoomConfig/chipyard.TestHarness.SmallBoomConfig.plusArgs -include /opt/spechunter/chipyard-issue-715-repaired/sims/verilator/generated-src/chipyard.TestHarness.SmallBoomConfig/verilator.h -include /opt/spechunter/chipyard-issue-715-repaired/sims/verilator/generated-src/chipyard.TestHarness.SmallBoomConfig/chipyard.TestHarness.SmallBoomConfig.debug/VTestHarness.h  -DVL_THREADED -std=c++17 -Os -c -o verilated_dpi.o /opt/spechunter/chipyard-issue-715/.conda-env/share/verilator/include/verilated_dpi.cpp
In file included from /opt/spechunter/chipyard-issue-715/.conda-env/share/verilator/include/verilated.h:35,
                 from /opt/spechunter/chipyard-issue-715/.conda-env/share/verilator/include/verilated_vcd_c.h:24,
                 from /opt/spechunter/chipyard-issue-715-repaired/sims/verilator/generated-src/chipyard.TestHarness.SmallBoomConfig/verilator.h:4,
                 from <command-line>:
/opt/spechunter/chipyard-issue-715/.conda-env/share/verilator/include/verilatedos.h:291: warning: "__STDC_FORMAT_MACROS" redefined
  291 | #define __STDC_FORMAT_MACROS
      | 
<command-line>: note: this is the location of the previous definition
/opt/spechunter/chipyard-issue-715/.conda-env/bin/x86_64-conda-linux-gnu-c++  -I.  -MMD -I/opt/spechunter/chipyard-issue-715/.conda-env/share/verilator/include -I/opt/spechunter/chipyard-issue-715/.conda-env/share/verilator/include/vltstd -DVM_COVERAGE=0 -DVM_SC=0 -DVM_TRACE=1 -DVM_TRACE_FST=0 -DVM_TRACE_VCD=1 -faligned-new -fcf-protection=none -Wno-bool-operation -Wno-sign-compare -Wno-uninitialized -Wno-unused-but-set-variable -Wno-unused-parameter -Wno-unused-variable -Wno-shadow     -O3 -std=c++11 -I/opt/spechunter/chipyard-issue-715/.conda-env/riscv-tools/include -I/opt/spechunter/chipyard-issue-715-repaired/tools/DRAMSim2 -I/opt/spechunter/chipyard-issue-715-repaired/sims/verilator/generated-src/chipyard.TestHarness.SmallBoomConfig    -D__STDC_FORMAT_MACROS -DTEST_HARNESS=VTestHarness -DVERILATOR -include /opt/spechunter/chipyard-issue-715-repaired/sims/verilator/generated-src/chipyard.TestHarness.SmallBoomConfig/chipyard.TestHarness.SmallBoomConfig.plusArgs -include /opt/spechunter/chipyard-issue-715-repaired/sims/verilator/generated-src/chipyard.TestHarness.SmallBoomConfig/verilator.h -include /opt/spechunter/chipyard-issue-715-repaired/sims/verilator/generated-src/chipyard.TestHarness.SmallBoomConfig/chipyard.TestHarness.SmallBoomConfig.debug/VTestHarness.h  -DVL_THREADED -std=c++17 -Os -c -o verilated_vpi.o /opt/spechunter/chipyard-issue-715/.conda-env/share/verilator/include/verilated_vpi.cpp
In file included from /opt/spechunter/chipyard-issue-715/.conda-env/share/verilator/include/verilated.h:35,
                 from /opt/spechunter/chipyard-issue-715/.conda-env/share/verilator/include/verilated_vcd_c.h:24,
                 from /opt/spechunter/chipyard-issue-715-repaired/sims/verilator/generated-src/chipyard.TestHarness.SmallBoomConfig/verilator.h:4,
                 from <command-line>:
/opt/spechunter/chipyard-issue-715/.conda-env/share/verilator/include/verilatedos.h:291: warning: "__STDC_FORMAT_MACROS" redefined
  291 | #define __STDC_FORMAT_MACROS
      | 
<command-line>: note: this is the location of the previous definition
/opt/spechunter/chipyard-issue-715/.conda-env/bin/x86_64-conda-linux-gnu-c++  -I.  -MMD -I/opt/spechunter/chipyard-issue-715/.conda-env/share/verilator/include -I/opt/spechunter/chipyard-issue-715/.conda-env/share/verilator/include/vltstd -DVM_COVERAGE=0 -DVM_SC=0 -DVM_TRACE=1 -DVM_TRACE_FST=0 -DVM_TRACE_VCD=1 -faligned-new -fcf-protection=none -Wno-bool-operation -Wno-sign-compare -Wno-uninitialized -Wno-unused-but-set-variable -Wno-unused-parameter -Wno-unused-variable -Wno-shadow     -O3 -std=c++11 -I/opt/spechunter/chipyard-issue-715/.conda-env/riscv-tools/include -I/opt/spechunter/chipyard-issue-715-repaired/tools/DRAMSim2 -I/opt/spechunter/chipyard-issue-715-repaired/sims/verilator/generated-src/chipyard.TestHarness.SmallBoomConfig    -D__STDC_FORMAT_MACROS -DTEST_HARNESS=VTestHarness -DVERILATOR -include /opt/spechunter/chipyard-issue-715-repaired/sims/verilator/generated-src/chipyard.TestHarness.SmallBoomConfig/chipyard.TestHarness.SmallBoomConfig.plusArgs -include /opt/spechunter/chipyard-issue-715-repaired/sims/verilator/generated-src/chipyard.TestHarness.SmallBoomConfig/verilator.h -include /opt/spechunter/chipyard-issue-715-repaired/sims/verilator/generated-src/chipyard.TestHarness.SmallBoomConfig/chipyard.TestHarness.SmallBoomConfig.debug/VTestHarness.h  -DVL_THREADED -std=c++17 -Os -c -o verilated_vcd_c.o /opt/spechunter/chipyard-issue-715/.conda-env/share/verilator/include/verilated_vcd_c.cpp
In file included from /opt/spechunter/chipyard-issue-715/.conda-env/share/verilator/include/verilated.h:35,
                 from /opt/spechunter/chipyard-issue-715/.conda-env/share/verilator/include/verilated_vcd_c.h:24,
                 from /opt/spechunter/chipyard-issue-715-repaired/sims/verilator/generated-src/chipyard.TestHarness.SmallBoomConfig/verilator.h:4,
                 from <command-line>:
/opt/spechunter/chipyard-issue-715/.conda-env/share/verilator/include/verilatedos.h:291: warning: "__STDC_FORMAT_MACROS" redefined
  291 | #define __STDC_FORMAT_MACROS
      | 
<command-line>: note: this is the location of the previous definition
/opt/spechunter/chipyard-issue-715/.conda-env/bin/x86_64-conda-linux-gnu-c++  -I.  -MMD -I/opt/spechunter/chipyard-issue-715/.conda-env/share/verilator/include -I/opt/spechunter/chipyard-issue-715/.conda-env/share/verilator/include/vltstd -DVM_COVERAGE=0 -DVM_SC=0 -DVM_TRACE=1 -DVM_TRACE_FST=0 -DVM_TRACE_VCD=1 -faligned-new -fcf-protection=none -Wno-bool-operation -Wno-sign-compare -Wno-uninitialized -Wno-unused-but-set-variable -Wno-unused-parameter -Wno-unused-variable -Wno-shadow     -O3 -std=c++11 -I/opt/spechunter/chipyard-issue-715/.conda-env/riscv-tools/include -I/opt/spechunter/chipyard-issue-715-repaired/tools/DRAMSim2 -I/opt/spechunter/chipyard-issue-715-repaired/sims/verilator/generated-src/chipyard.TestHarness.SmallBoomConfig    -D__STDC_FORMAT_MACROS -DTEST_HARNESS=VTestHarness -DVERILATOR -include /opt/spechunter/chipyard-issue-715-repaired/sims/verilator/generated-src/chipyard.TestHarness.SmallBoomConfig/chipyard.TestHarness.SmallBoomConfig.plusArgs -include /opt/spechunter/chipyard-issue-715-repaired/sims/verilator/generated-src/chipyard.TestHarness.SmallBoomConfig/verilator.h -include /opt/spechunter/chipyard-issue-715-repaired/sims/verilator/generated-src/chipyard.TestHarness.SmallBoomConfig/chipyard.TestHarness.SmallBoomConfig.debug/VTestHarness.h  -DVL_THREADED -std=c++17 -Os -c -o verilated_threads.o /opt/spechunter/chipyard-issue-715/.conda-env/share/verilator/include/verilated_threads.cpp
In file included from /opt/spechunter/chipyard-issue-715/.conda-env/share/verilator/include/verilated.h:35,
                 from /opt/spechunter/chipyard-issue-715/.conda-env/share/verilator/include/verilated_vcd_c.h:24,
                 from /opt/spechunter/chipyard-issue-715-repaired/sims/verilator/generated-src/chipyard.TestHarness.SmallBoomConfig/verilator.h:4,
                 from <command-line>:
/opt/spechunter/chipyard-issue-715/.conda-env/share/verilator/include/verilatedos.h:291: warning: "__STDC_FORMAT_MACROS" redefined
  291 | #define __STDC_FORMAT_MACROS
      | 
<command-line>: note: this is the location of the previous definition
/opt/spechunter/chipyard-issue-715/.conda-env/bin/x86_64-conda-linux-gnu-c++  -I.  -MMD -I/opt/spechunter/chipyard-issue-715/.conda-env/share/verilator/include -I/opt/spechunter/chipyard-issue-715/.conda-env/share/verilator/include/vltstd -DVM_COVERAGE=0 -DVM_SC=0 -DVM_TRACE=1 -DVM_TRACE_FST=0 -DVM_TRACE_VCD=1 -faligned-new -fcf-protection=none -Wno-bool-operation -Wno-sign-compare -Wno-uninitialized -Wno-unused-but-set-variable -Wno-unused-parameter -Wno-unused-variable -Wno-shadow     -O3 -std=c++11 -I/opt/spechunter/chipyard-issue-715/.conda-env/riscv-tools/include -I/opt/spechunter/chipyard-issue-715-repaired/tools/DRAMSim2 -I/opt/spechunter/chipyard-issue-715-repaired/sims/verilator/generated-src/chipyard.TestHarness.SmallBoomConfig    -D__STDC_FORMAT_MACROS -DTEST_HARNESS=VTestHarness -DVERILATOR -include /opt/spechunter/chipyard-issue-715-repaired/sims/verilator/generated-src/chipyard.TestHarness.SmallBoomConfig/chipyard.TestHarness.SmallBoomConfig.plusArgs -include /opt/spechunter/chipyard-issue-715-repaired/sims/verilator/generated-src/chipyard.TestHarness.SmallBoomConfig/verilator.h -include /opt/spechunter/chipyard-issue-715-repaired/sims/verilator/generated-src/chipyard.TestHarness.SmallBoomConfig/chipyard.TestHarness.SmallBoomConfig.debug/VTestHarness.h  -DVL_THREADED -std=c++17 -Os -c -o VTestHarness.o VTestHarness.cpp
In file included from /opt/spechunter/chipyard-issue-715/.conda-env/share/verilator/include/verilated.h:35,
                 from /opt/spechunter/chipyard-issue-715/.conda-env/share/verilator/include/verilated_vcd_c.h:24,
                 from /opt/spechunter/chipyard-issue-715-repaired/sims/verilator/generated-src/chipyard.TestHarness.SmallBoomConfig/verilator.h:4,
                 from <command-line>:
/opt/spechunter/chipyard-issue-715/.conda-env/share/verilator/include/verilatedos.h:291: warning: "__STDC_FORMAT_MACROS" redefined
  291 | #define __STDC_FORMAT_MACROS
      | 
<command-line>: note: this is the location of the previous definition
/opt/spechunter/chipyard-issue-715/.conda-env/bin/x86_64-conda-linux-gnu-c++  -I.  -MMD -I/opt/spechunter/chipyard-issue-715/.conda-env/share/verilator/include -I/opt/spechunter/chipyard-issue-715/.conda-env/share/verilator/include/vltstd -DVM_COVERAGE=0 -DVM_SC=0 -DVM_TRACE=1 -DVM_TRACE_FST=0 -DVM_TRACE_VCD=1 -faligned-new -fcf-protection=none -Wno-bool-operation -Wno-sign-compare -Wno-uninitialized -Wno-unused-but-set-variable -Wno-unused-parameter -Wno-unused-variable -Wno-shadow     -O3 -std=c++11 -I/opt/spechunter/chipyard-issue-715/.conda-env/riscv-tools/include -I/opt/spechunter/chipyard-issue-715-repaired/tools/DRAMSim2 -I/opt/spechunter/chipyard-issue-715-repaired/sims/verilator/generated-src/chipyard.TestHarness.SmallBoomConfig    -D__STDC_FORMAT_MACROS -DTEST_HARNESS=VTestHarness -DVERILATOR -include /opt/spechunter/chipyard-issue-715-repaired/sims/verilator/generated-src/chipyard.TestHarness.SmallBoomConfig/chipyard.TestHarness.SmallBoomConfig.plusArgs -include /opt/spechunter/chipyard-issue-715-repaired/sims/verilator/generated-src/chipyard.TestHarness.SmallBoomConfig/verilator.h -include /opt/spechunter/chipyard-issue-715-repaired/sims/verilator/generated-src/chipyard.TestHarness.SmallBoomConfig/chipyard.TestHarness.SmallBoomConfig.debug/VTestHarness.h  -DVL_THREADED -std=c++17 -Os -c -o VTestHarness___024root__DepSet_h30a6511e__0.o VTestHarness___024root__DepSet_h30a6511e__0.cpp
In file included from /opt/spechunter/chipyard-issue-715/.conda-env/share/verilator/include/verilated.h:35,
                 from /opt/spechunter/chipyard-issue-715/.conda-env/share/verilator/include/verilated_vcd_c.h:24,
                 from /opt/spechunter/chipyard-issue-715-repaired/sims/verilator/generated-src/chipyard.TestHarness.SmallBoomConfig/verilator.h:4,
                 from <command-line>:
/opt/spechunter/chipyard-issue-715/.conda-env/share/verilator/include/verilatedos.h:291: warning: "__STDC_FORMAT_MACROS" redefined
  291 | #define __STDC_FORMAT_MACROS
      | 
<command-line>: note: this is the location of the previous definition
/opt/spechunter/chipyard-issue-715/.conda-env/bin/x86_64-conda-linux-gnu-c++  -I.  -MMD -I/opt/spechunter/chipyard-issue-715/.conda-env/share/verilator/include -I/opt/spechunter/chipyard-issue-715/.conda-env/share/verilator/include/vltstd -DVM_COVERAGE=0 -DVM_SC=0 -DVM_TRACE=1 -DVM_TRACE_FST=0 -DVM_TRACE_VCD=1 -faligned-new -fcf-protection=none -Wno-bool-operation -Wno-sign-compare -Wno-uninitialized -Wno-unused-but-set-variable -Wno-unused-parameter -Wno-unused-variable -Wno-shadow     -O3 -std=c++11 -I/opt/spechunter/chipyard-issue-715/.conda-env/riscv-tools/include -I/opt/spechunter/chipyard-issue-715-repaired/tools/DRAMSim2 -I/opt/spechunter/chipyard-issue-715-repaired/sims/verilator/generated-src/chipyard.TestHarness.SmallBoomConfig    -D__STDC_FORMAT_MACROS -DTEST_HARNESS=VTestHarness -DVERILATOR -include /opt/spechunter/chipyard-issue-715-repaired/sims/verilator/generated-src/chipyard.TestHarness.SmallBoomConfig/chipyard.TestHarness.SmallBoomConfig.plusArgs -include /opt/spechunter/chipyard-issue-715-repaired/sims/verilator/generated-src/chipyard.TestHarness.SmallBoomConfig/verilator.h -include /opt/spechunter/chipyard-issue-715-repaired/sims/verilator/generated-src/chipyard.TestHarness.SmallBoomConfig/chipyard.TestHarness.SmallBoomConfig.debug/VTestHarness.h  -DVL_THREADED -std=c++17 -Os -c -o VTestHarness___024root__DepSet_h30a6511e__1.o VTestHarness___024root__DepSet_h30a6511e__1.cpp
In file included from /opt/spechunter/chipyard-issue-715/.conda-env/share/verilator/include/verilated.h:35,
                 from /opt/spechunter/chipyard-issue-715/.conda-env/share/verilator/include/verilated_vcd_c.h:24,
                 from /opt/spechunter/chipyard-issue-715-repaired/sims/verilator/generated-src/chipyard.TestHarness.SmallBoomConfig/verilator.h:4,
                 from <command-line>:
/opt/spechunter/chipyard-issue-715/.conda-env/share/verilator/include/verilatedos.h:291: warning: "__STDC_FORMAT_MACROS" redefined
  291 | #define __STDC_FORMAT_MACROS
      | 
<command-line>: note: this is the location of the previous definition
/opt/spechunter/chipyard-issue-715/.conda-env/bin/x86_64-conda-linux-gnu-c++  -I.  -MMD -I/opt/spechunter/chipyard-issue-715/.conda-env/share/verilator/include -I/opt/spechunter/chipyard-issue-715/.conda-env/share/verilator/include/vltstd -DVM_COVERAGE=0 -DVM_SC=0 -DVM_TRACE=1 -DVM_TRACE_FST=0 -DVM_TRACE_VCD=1 -faligned-new -fcf-protection=none -Wno-bool-operation -Wno-sign-compare -Wno-uninitialized -Wno-unused-but-set-variable -Wno-unused-parameter -Wno-unused-variable -Wno-shadow     -O3 -std=c++11 -I/opt/spechunter/chipyard-issue-715/.conda-env/riscv-tools/include -I/opt/spechunter/chipyard-issue-715-repaired/tools/DRAMSim2 -I/opt/spechunter/chipyard-issue-715-repaired/sims/verilator/generated-src/chipyard.TestHarness.SmallBoomConfig    -D__STDC_FORMAT_MACROS -DTEST_HARNESS=VTestHarness -DVERILATOR -include /opt/spechunter/chipyard-issue-715-repaired/sims/verilator/generated-src/chipyard.TestHarness.SmallBoomConfig/chipyard.TestHarness.SmallBoomConfig.plusArgs -include /opt/spechunter/chipyard-issue-715-repaired/sims/verilator/generated-src/chipyard.TestHarness.SmallBoomConfig/verilator.h -include /opt/spechunter/chipyard-issue-715-repaired/sims/verilator/generated-src/chipyard.TestHarness.SmallBoomConfig/chipyard.TestHarness.SmallBoomConfig.debug/VTestHarness.h  -DVL_THREADED -std=c++17 -Os -c -o VTestHarness___024root__DepSet_h30a6511e__2.o VTestHarness___024root__DepSet_h30a6511e__2.cpp
In file included from /opt/spechunter/chipyard-issue-715/.conda-env/share/verilator/include/verilated.h:35,
                 from /opt/spechunter/chipyard-issue-715/.conda-env/share/verilator/include/verilated_vcd_c.h:24,
                 from /opt/spechunter/chipyard-issue-715-repaired/sims/verilator/generated-src/chipyard.TestHarness.SmallBoomConfig/verilator.h:4,
                 from <command-line>:
/opt/spechunter/chipyard-issue-715/.conda-env/share/verilator/include/verilatedos.h:291: warning: "__STDC_FORMAT_MACROS" redefined
  291 | #define __STDC_FORMAT_MACROS
      | 
<command-line>: note: this is the location of the previous definition
/opt/spechunter/chipyard-issue-715/.conda-env/bin/x86_64-conda-linux-gnu-c++  -I.  -MMD -I/opt/spechunter/chipyard-issue-715/.conda-env/share/verilator/include -I/opt/spechunter/chipyard-issue-715/.conda-env/share/verilator/include/vltstd -DVM_COVERAGE=0 -DVM_SC=0 -DVM_TRACE=1 -DVM_TRACE_FST=0 -DVM_TRACE_VCD=1 -faligned-new -fcf-protection=none -Wno-bool-operation -Wno-sign-compare -Wno-uninitialized -Wno-unused-but-set-variable -Wno-unused-parameter -Wno-unused-variable -Wno-shadow     -O3 -std=c++11 -I/opt/spechunter/chipyard-issue-715/.conda-env/riscv-tools/include -I/opt/spechunter/chipyard-issue-715-repaired/tools/DRAMSim2 -I/opt/spechunter/chipyard-issue-715-repaired/sims/verilator/generated-src/chipyard.TestHarness.SmallBoomConfig    -D__STDC_FORMAT_MACROS -DTEST_HARNESS=VTestHarness -DVERILATOR -include /opt/spechunter/chipyard-issue-715-repaired/sims/verilator/generated-src/chipyard.TestHarness.SmallBoomConfig/chipyard.TestHarness.SmallBoomConfig.plusArgs -include /opt/spechunter/chipyard-issue-715-repaired/sims/verilator/generated-src/chipyard.TestHarness.SmallBoomConfig/verilator.h -include /opt/spechunter/chipyard-issue-715-repaired/sims/verilator/generated-src/chipyard.TestHarness.SmallBoomConfig/chipyard.TestHarness.SmallBoomConfig.debug/VTestHarness.h  -DVL_THREADED -std=c++17 -Os -c -o VTestHarness___024root__DepSet_h30a6511e__3.o VTestHarness___024root__DepSet_h30a6511e__3.cpp
In file included from /opt/spechunter/chipyard-issue-715/.conda-env/share/verilator/include/verilated.h:35,
                 from /opt/spechunter/chipyard-issue-715/.conda-env/share/verilator/include/verilated_vcd_c.h:24,
                 from /opt/spechunter/chipyard-issue-715-repaired/sims/verilator/generated-src/chipyard.TestHarness.SmallBoomConfig/verilator.h:4,
                 from <command-line>:
/opt/spechunter/chipyard-issue-715/.conda-env/share/verilator/include/verilatedos.h:291: warning: "__STDC_FORMAT_MACROS" redefined
  291 | #define __STDC_FORMAT_MACROS
      | 
<command-line>: note: this is the location of the previous definition
/opt/spechunter/chipyard-issue-715/.conda-env/bin/x86_64-conda-linux-gnu-c++  -I.  -MMD -I/opt/spechunter/chipyard-issue-715/.conda-env/share/verilator/include -I/opt/spechunter/chipyard-issue-715/.conda-env/share/verilator/include/vltstd -DVM_COVERAGE=0 -DVM_SC=0 -DVM_TRACE=1 -DVM_TRACE_FST=0 -DVM_TRACE_VCD=1 -faligned-new -fcf-protection=none -Wno-bool-operation -Wno-sign-compare -Wno-uninitialized -Wno-unused-but-set-variable -Wno-unused-parameter -Wno-unused-variable -Wno-shadow     -O3 -std=c++11 -I/opt/spechunter/chipyard-issue-715/.conda-env/riscv-tools/include -I/opt/spechunter/chipyard-issue-715-repaired/tools/DRAMSim2 -I/opt/spechunter/chipyard-issue-715-repaired/sims/verilator/generated-src/chipyard.TestHarness.SmallBoomConfig    -D__STDC_FORMAT_MACROS -DTEST_HARNESS=VTestHarness -DVERILATOR -include /opt/spechunter/chipyard-issue-715-repaired/sims/verilator/generated-src/chipyard.TestHarness.SmallBoomConfig/chipyard.TestHarness.SmallBoomConfig.plusArgs -include /opt/spechunter/chipyard-issue-715-repaired/sims/verilator/generated-src/chipyard.TestHarness.SmallBoomConfig/verilator.h -include /opt/spechunter/chipyard-issue-715-repaired/sims/verilator/generated-src/chipyard.TestHarness.SmallBoomConfig/chipyard.TestHarness.SmallBoomConfig.debug/VTestHarness.h  -DVL_THREADED -std=c++17 -Os -c -o VTestHarness___024root__DepSet_h30a6511e__4.o VTestHarness___024root__DepSet_h30a6511e__4.cpp
In file included from /opt/spechunter/chipyard-issue-715/.conda-env/share/verilator/include/verilated.h:35,
                 from /opt/spechunter/chipyard-issue-715/.conda-env/share/verilator/include/verilated_vcd_c.h:24,
                 from /opt/spechunter/chipyard-issue-715-repaired/sims/verilator/generated-src/chipyard.TestHarness.SmallBoomConfig/verilator.h:4,
                 from <command-line>:
/opt/spechunter/chipyard-issue-715/.conda-env/share/verilator/include/verilatedos.h:291: warning: "__STDC_FORMAT_MACROS" redefined
  291 | #define __STDC_FORMAT_MACROS
      | 
<command-line>: note: this is the location of the previous definition
/opt/spechunter/chipyard-issue-715/.conda-env/bin/x86_64-conda-linux-gnu-c++  -I.  -MMD -I/opt/spechunter/chipyard-issue-715/.conda-env/share/verilator/include -I/opt/spechunter/chipyard-issue-715/.conda-env/share/verilator/include/vltstd -DVM_COVERAGE=0 -DVM_SC=0 -DVM_TRACE=1 -DVM_TRACE_FST=0 -DVM_TRACE_VCD=1 -faligned-new -fcf-protection=none -Wno-bool-operation -Wno-sign-compare -Wno-uninitialized -Wno-unused-but-set-variable -Wno-unused-parameter -Wno-unused-variable -Wno-shadow     -O3 -std=c++11 -I/opt/spechunter/chipyard-issue-715/.conda-env/riscv-tools/include -I/opt/spechunter/chipyard-issue-715-repaired/tools/DRAMSim2 -I/opt/spechunter/chipyard-issue-715-repaired/sims/verilator/generated-src/chipyard.TestHarness.SmallBoomConfig    -D__STDC_FORMAT_MACROS -DTEST_HARNESS=VTestHarness -DVERILATOR -include /opt/spechunter/chipyard-issue-715-repaired/sims/verilator/generated-src/chipyard.TestHarness.SmallBoomConfig/chipyard.TestHarness.SmallBoomConfig.plusArgs -include /opt/spechunter/chipyard-issue-715-repaired/sims/verilator/generated-src/chipyard.TestHarness.SmallBoomConfig/verilator.h -include /opt/spechunter/chipyard-issue-715-repaired/sims/verilator/generated-src/chipyard.TestHarness.SmallBoomConfig/chipyard.TestHarness.SmallBoomConfig.debug/VTestHarness.h  -DVL_THREADED -std=c++17 -Os -c -o VTestHarness___024root__DepSet_h30a6511e__5.o VTestHarness___024root__DepSet_h30a6511e__5.cpp
In file included from /opt/spechunter/chipyard-issue-715/.conda-env/share/verilator/include/verilated.h:35,
                 from /opt/spechunter/chipyard-issue-715/.conda-env/share/verilator/include/verilated_vcd_c.h:24,
                 from /opt/spechunter/chipyard-issue-715-repaired/sims/verilator/generated-src/chipyard.TestHarness.SmallBoomConfig/verilator.h:4,
                 from <command-line>:
/opt/spechunter/chipyard-issue-715/.conda-env/share/verilator/include/verilatedos.h:291: warning: "__STDC_FORMAT_MACROS" redefined
  291 | #define __STDC_FORMAT_MACROS
      | 
<command-line>: note: this is the location of the previous definition
/opt/spechunter/chipyard-issue-715/.conda-env/bin/x86_64-conda-linux-gnu-c++  -I.  -MMD -I/opt/spechunter/chipyard-issue-715/.conda-env/share/verilator/include -I/opt/spechunter/chipyard-issue-715/.conda-env/share/verilator/include/vltstd -DVM_COVERAGE=0 -DVM_SC=0 -DVM_TRACE=1 -DVM_TRACE_FST=0 -DVM_TRACE_VCD=1 -faligned-new -fcf-protection=none -Wno-bool-operation -Wno-sign-compare -Wno-uninitialized -Wno-unused-but-set-variable -Wno-unused-parameter -Wno-unused-variable -Wno-shadow     -O3 -std=c++11 -I/opt/spechunter/chipyard-issue-715/.conda-env/riscv-tools/include -I/opt/spechunter/chipyard-issue-715-repaired/tools/DRAMSim2 -I/opt/spechunter/chipyard-issue-715-repaired/sims/verilator/generated-src/chipyard.TestHarness.SmallBoomConfig    -D__STDC_FORMAT_MACROS -DTEST_HARNESS=VTestHarness -DVERILATOR -include /opt/spechunter/chipyard-issue-715-repaired/sims/verilator/generated-src/chipyard.TestHarness.SmallBoomConfig/chipyard.TestHarness.SmallBoomConfig.plusArgs -include /opt/spechunter/chipyard-issue-715-repaired/sims/verilator/generated-src/chipyard.TestHarness.SmallBoomConfig/verilator.h -include /opt/spechunter/chipyard-issue-715-repaired/sims/verilator/generated-src/chipyard.TestHarness.SmallBoomConfig/chipyard.TestHarness.SmallBoomConfig.debug/VTestHarness.h  -DVL_THREADED -std=c++17 -Os -c -o VTestHarness___024root__DepSet_h30a6511e__6.o VTestHarness___024root__DepSet_h30a6511e__6.cpp
In file included from /opt/spechunter/chipyard-issue-715/.conda-env/share/verilator/include/verilated.h:35,
                 from /opt/spechunter/chipyard-issue-715/.conda-env/share/verilator/include/verilated_vcd_c.h:24,
                 from /opt/spechunter/chipyard-issue-715-repaired/sims/verilator/generated-src/chipyard.TestHarness.SmallBoomConfig/verilator.h:4,
                 from <command-line>:
/opt/spechunter/chipyard-issue-715/.conda-env/share/verilator/include/verilatedos.h:291: warning: "__STDC_FORMAT_MACROS" redefined
  291 | #define __STDC_FORMAT_MACROS
      | 
<command-line>: note: this is the location of the previous definition
/opt/spechunter/chipyard-issue-715/.conda-env/bin/x86_64-conda-linux-gnu-c++  -I.  -MMD -I/opt/spechunter/chipyard-issue-715/.conda-env/share/verilator/include -I/opt/spechunter/chipyard-issue-715/.conda-env/share/verilator/include/vltstd -DVM_COVERAGE=0 -DVM_SC=0 -DVM_TRACE=1 -DVM_TRACE_FST=0 -DVM_TRACE_VCD=1 -faligned-new -fcf-protection=none -Wno-bool-operation -Wno-sign-compare -Wno-uninitialized -Wno-unused-but-set-variable -Wno-unused-parameter -Wno-unused-variable -Wno-shadow     -O3 -std=c++11 -I/opt/spechunter/chipyard-issue-715/.conda-env/riscv-tools/include -I/opt/spechunter/chipyard-issue-715-repaired/tools/DRAMSim2 -I/opt/spechunter/chipyard-issue-715-repaired/sims/verilator/generated-src/chipyard.TestHarness.SmallBoomConfig    -D__STDC_FORMAT_MACROS -DTEST_HARNESS=VTestHarness -DVERILATOR -include /opt/spechunter/chipyard-issue-715-repaired/sims/verilator/generated-src/chipyard.TestHarness.SmallBoomConfig/chipyard.TestHarness.SmallBoomConfig.plusArgs -include /opt/spechunter/chipyard-issue-715-repaired/sims/verilator/generated-src/chipyard.TestHarness.SmallBoomConfig/verilator.h -include /opt/spechunter/chipyard-issue-715-repaired/sims/verilator/generated-src/chipyard.TestHarness.SmallBoomConfig/chipyard.TestHarness.SmallBoomConfig.debug/VTestHarness.h  -DVL_THREADED -std=c++17 -Os -c -o VTestHarness___024root__DepSet_h30a6511e__7.o VTestHarness___024root__DepSet_h30a6511e__7.cpp
In file included from /opt/spechunter/chipyard-issue-715/.conda-env/share/verilator/include/verilated.h:35,
                 from /opt/spechunter/chipyard-issue-715/.conda-env/share/verilator/include/verilated_vcd_c.h:24,
                 from /opt/spechunter/chipyard-issue-715-repaired/sims/verilator/generated-src/chipyard.TestHarness.SmallBoomConfig/verilator.h:4,
                 from <command-line>:
/opt/spechunter/chipyard-issue-715/.conda-env/share/verilator/include/verilatedos.h:291: warning: "__STDC_FORMAT_MACROS" redefined
  291 | #define __STDC_FORMAT_MACROS
      | 
<command-line>: note: this is the location of the previous definition
/opt/spechunter/chipyard-issue-715/.conda-env/bin/x86_64-conda-linux-gnu-c++  -I.  -MMD -I/opt/spechunter/chipyard-issue-715/.conda-env/share/verilator/include -I/opt/spechunter/chipyard-issue-715/.conda-env/share/verilator/include/vltstd -DVM_COVERAGE=0 -DVM_SC=0 -DVM_TRACE=1 -DVM_TRACE_FST=0 -DVM_TRACE_VCD=1 -faligned-new -fcf-protection=none -Wno-bool-operation -Wno-sign-compare -Wno-uninitialized -Wno-unused-but-set-variable -Wno-unused-parameter -Wno-unused-variable -Wno-shadow     -O3 -std=c++11 -I/opt/spechunter/chipyard-issue-715/.conda-env/riscv-tools/include -I/opt/spechunter/chipyard-issue-715-repaired/tools/DRAMSim2 -I/opt/spechunter/chipyard-issue-715-repaired/sims/verilator/generated-src/chipyard.TestHarness.SmallBoomConfig    -D__STDC_FORMAT_MACROS -DTEST_HARNESS=VTestHarness -DVERILATOR -include /opt/spechunter/chipyard-issue-715-repaired/sims/verilator/generated-src/chipyard.TestHarness.SmallBoomConfig/chipyard.TestHarness.SmallBoomConfig.plusArgs -include /opt/spechunter/chipyard-issue-715-repaired/sims/verilator/generated-src/chipyard.TestHarness.SmallBoomConfig/verilator.h -include /opt/spechunter/chipyard-issue-715-repaired/sims/verilator/generated-src/chipyard.TestHarness.SmallBoomConfig/chipyard.TestHarness.SmallBoomConfig.debug/VTestHarness.h  -DVL_THREADED -std=c++17 -Os -c -o VTestHarness___024root__DepSet_h30a6511e__8.o VTestHarness___024root__DepSet_h30a6511e__8.cpp
In file included from /opt/spechunter/chipyard-issue-715/.conda-env/share/verilator/include/verilated.h:35,
                 from /opt/spechunter/chipyard-issue-715/.conda-env/share/verilator/include/verilated_vcd_c.h:24,
                 from /opt/spechunter/chipyard-issue-715-repaired/sims/verilator/generated-src/chipyard.TestHarness.SmallBoomConfig/verilator.h:4,
                 from <command-line>:
/opt/spechunter/chipyard-issue-715/.conda-env/share/verilator/include/verilatedos.h:291: warning: "__STDC_FORMAT_MACROS" redefined
  291 | #define __STDC_FORMAT_MACROS
      | 
<command-line>: note: this is the location of the previous definition
/opt/spechunter/chipyard-issue-715/.conda-env/bin/x86_64-conda-linux-gnu-c++  -I.  -MMD -I/opt/spechunter/chipyard-issue-715/.conda-env/share/verilator/include -I/opt/spechunter/chipyard-issue-715/.conda-env/share/verilator/include/vltstd -DVM_COVERAGE=0 -DVM_SC=0 -DVM_TRACE=1 -DVM_TRACE_FST=0 -DVM_TRACE_VCD=1 -faligned-new -fcf-protection=none -Wno-bool-operation -Wno-sign-compare -Wno-uninitialized -Wno-unused-but-set-variable -Wno-unused-parameter -Wno-unused-variable -Wno-shadow     -O3 -std=c++11 -I/opt/spechunter/chipyard-issue-715/.conda-env/riscv-tools/include -I/opt/spechunter/chipyard-issue-715-repaired/tools/DRAMSim2 -I/opt/spechunter/chipyard-issue-715-repaired/sims/verilator/generated-src/chipyard.TestHarness.SmallBoomConfig    -D__STDC_FORMAT_MACROS -DTEST_HARNESS=VTestHarness -DVERILATOR -include /opt/spechunter/chipyard-issue-715-repaired/sims/verilator/generated-src/chipyard.TestHarness.SmallBoomConfig/chipyard.TestHarness.SmallBoomConfig.plusArgs -include /opt/spechunter/chipyard-issue-715-repaired/sims/verilator/generated-src/chipyard.TestHarness.SmallBoomConfig/verilator.h -include /opt/spechunter/chipyard-issue-715-repaired/sims/verilator/generated-src/chipyard.TestHarness.SmallBoomConfig/chipyard.TestHarness.SmallBoomConfig.debug/VTestHarness.h  -DVL_THREADED -std=c++17 -Os -c -o VTestHarness___024root__DepSet_h30a6511e__9.o VTestHarness___024root__DepSet_h30a6511e__9.cpp
In file included from /opt/spechunter/chipyard-issue-715/.conda-env/share/verilator/include/verilated.h:35,
                 from /opt/spechunter/chipyard-issue-715/.conda-env/share/verilator/include/verilated_vcd_c.h:24,
                 from /opt/spechunter/chipyard-issue-715-repaired/sims/verilator/generated-src/chipyard.TestHarness.SmallBoomConfig/verilator.h:4,
                 from <command-line>:
/opt/spechunter/chipyard-issue-715/.conda-env/share/verilator/include/verilatedos.h:291: warning: "__STDC_FORMAT_MACROS" redefined
  291 | #define __STDC_FORMAT_MACROS
      | 
<command-line>: note: this is the location of the previous definition
/opt/spechunter/chipyard-issue-715/.conda-env/bin/x86_64-conda-linux-gnu-c++  -I.  -MMD -I/opt/spechunter/chipyard-issue-715/.conda-env/share/verilator/include -I/opt/spechunter/chipyard-issue-715/.conda-env/share/verilator/include/vltstd -DVM_COVERAGE=0 -DVM_SC=0 -DVM_TRACE=1 -DVM_TRACE_FST=0 -DVM_TRACE_VCD=1 -faligned-new -fcf-protection=none -Wno-bool-operation -Wno-sign-compare -Wno-uninitialized -Wno-unused-but-set-variable -Wno-unused-parameter -Wno-unused-variable -Wno-shadow     -O3 -std=c++11 -I/opt/spechunter/chipyard-issue-715/.conda-env/riscv-tools/include -I/opt/spechunter/chipyard-issue-715-repaired/tools/DRAMSim2 -I/opt/spechunter/chipyard-issue-715-repaired/sims/verilator/generated-src/chipyard.TestHarness.SmallBoomConfig    -D__STDC_FORMAT_MACROS -DTEST_HARNESS=VTestHarness -DVERILATOR -include /opt/spechunter/chipyard-issue-715-repaired/sims/verilator/generated-src/chipyard.TestHarness.SmallBoomConfig/chipyard.TestHarness.SmallBoomConfig.plusArgs -include /opt/spechunter/chipyard-issue-715-repaired/sims/verilator/generated-src/chipyard.TestHarness.SmallBoomConfig/verilator.h -include /opt/spechunter/chipyard-issue-715-repaired/sims/verilator/generated-src/chipyard.TestHarness.SmallBoomConfig/chipyard.TestHarness.SmallBoomConfig.debug/VTestHarness.h  -DVL_THREADED -std=c++17 -Os -c -o VTestHarness___024root__DepSet_h30a6511e__10.o VTestHarness___024root__DepSet_h30a6511e__10.cpp
In file included from /opt/spechunter/chipyard-issue-715/.conda-env/share/verilator/include/verilated.h:35,
                 from /opt/spechunter/chipyard-issue-715/.conda-env/share/verilator/include/verilated_vcd_c.h:24,
                 from /opt/spechunter/chipyard-issue-715-repaired/sims/verilator/generated-src/chipyard.TestHarness.SmallBoomConfig/verilator.h:4,
                 from <command-line>:
/opt/spechunter/chipyard-issue-715/.conda-env/share/verilator/include/verilatedos.h:291: warning: "__STDC_FORMAT_MACROS" redefined
  291 | #define __STDC_FORMAT_MACROS
      | 
<command-line>: note: this is the location of the previous definition
/opt/spechunter/chipyard-issue-715/.conda-env/bin/x86_64-conda-linux-gnu-c++  -I.  -MMD -I/opt/spechunter/chipyard-issue-715/.conda-env/share/verilator/include -I/opt/spechunter/chipyard-issue-715/.conda-env/share/verilator/include/vltstd -DVM_COVERAGE=0 -DVM_SC=0 -DVM_TRACE=1 -DVM_TRACE_FST=0 -DVM_TRACE_VCD=1 -faligned-new -fcf-protection=none -Wno-bool-operation -Wno-sign-compare -Wno-uninitialized -Wno-unused-but-set-variable -Wno-unused-parameter -Wno-unused-variable -Wno-shadow     -O3 -std=c++11 -I/opt/spechunter/chipyard-issue-715/.conda-env/riscv-tools/include -I/opt/spechunter/chipyard-issue-715-repaired/tools/DRAMSim2 -I/opt/spechunter/chipyard-issue-715-repaired/sims/verilator/generated-src/chipyard.TestHarness.SmallBoomConfig    -D__STDC_FORMAT_MACROS -DTEST_HARNESS=VTestHarness -DVERILATOR -include /opt/spechunter/chipyard-issue-715-repaired/sims/verilator/generated-src/chipyard.TestHarness.SmallBoomConfig/chipyard.TestHarness.SmallBoomConfig.plusArgs -include /opt/spechunter/chipyard-issue-715-repaired/sims/verilator/generated-src/chipyard.TestHarness.SmallBoomConfig/verilator.h -include /opt/spechunter/chipyard-issue-715-repaired/sims/verilator/generated-src/chipyard.TestHarness.SmallBoomConfig/chipyard.TestHarness.SmallBoomConfig.debug/VTestHarness.h  -DVL_THREADED -std=c++17 -Os -c -o VTestHarness___024root__DepSet_h30a6511e__11.o VTestHarness___024root__DepSet_h30a6511e__11.cpp
In file included from /opt/spechunter/chipyard-issue-715/.conda-env/share/verilator/include/verilated.h:35,
                 from /opt/spechunter/chipyard-issue-715/.conda-env/share/verilator/include/verilated_vcd_c.h:24,
                 from /opt/spechunter/chipyard-issue-715-repaired/sims/verilator/generated-src/chipyard.TestHarness.SmallBoomConfig/verilator.h:4,
                 from <command-line>:
/opt/spechunter/chipyard-issue-715/.conda-env/share/verilator/include/verilatedos.h:291: warning: "__STDC_FORMAT_MACROS" redefined
  291 | #define __STDC_FORMAT_MACROS
      | 
<command-line>: note: this is the location of the previous definition
/opt/spechunter/chipyard-issue-715/.conda-env/bin/x86_64-conda-linux-gnu-c++  -I.  -MMD -I/opt/spechunter/chipyard-issue-715/.conda-env/share/verilator/include -I/opt/spechunter/chipyard-issue-715/.conda-env/share/verilator/include/vltstd -DVM_COVERAGE=0 -DVM_SC=0 -DVM_TRACE=1 -DVM_TRACE_FST=0 -DVM_TRACE_VCD=1 -faligned-new -fcf-protection=none -Wno-bool-operation -Wno-sign-compare -Wno-uninitialized -Wno-unused-but-set-variable -Wno-unused-parameter -Wno-unused-variable -Wno-shadow     -O3 -std=c++11 -I/opt/spechunter/chipyard-issue-715/.conda-env/riscv-tools/include -I/opt/spechunter/chipyard-issue-715-repaired/tools/DRAMSim2 -I/opt/spechunter/chipyard-issue-715-repaired/sims/verilator/generated-src/chipyard.TestHarness.SmallBoomConfig    -D__STDC_FORMAT_MACROS -DTEST_HARNESS=VTestHarness -DVERILATOR -include /opt/spechunter/chipyard-issue-715-repaired/sims/verilator/generated-src/chipyard.TestHarness.SmallBoomConfig/chipyard.TestHarness.SmallBoomConfig.plusArgs -include /opt/spechunter/chipyard-issue-715-repaired/sims/verilator/generated-src/chipyard.TestHarness.SmallBoomConfig/verilator.h -include /opt/spechunter/chipyard-issue-715-repaired/sims/verilator/generated-src/chipyard.TestHarness.SmallBoomConfig/chipyard.TestHarness.SmallBoomConfig.debug/VTestHarness.h  -DVL_THREADED -std=c++17 -Os -c -o VTestHarness___024root__DepSet_h30a6511e__12.o VTestHarness___024root__DepSet_h30a6511e__12.cpp
In file included from /opt/spechunter/chipyard-issue-715/.conda-env/share/verilator/include/verilated.h:35,
                 from /opt/spechunter/chipyard-issue-715/.conda-env/share/verilator/include/verilated_vcd_c.h:24,
                 from /opt/spechunter/chipyard-issue-715-repaired/sims/verilator/generated-src/chipyard.TestHarness.SmallBoomConfig/verilator.h:4,
                 from <command-line>:
/opt/spechunter/chipyard-issue-715/.conda-env/share/verilator/include/verilatedos.h:291: warning: "__STDC_FORMAT_MACROS" redefined
  291 | #define __STDC_FORMAT_MACROS
      | 
<command-line>: note: this is the location of the previous definition
/opt/spechunter/chipyard-issue-715/.conda-env/bin/x86_64-conda-linux-gnu-c++  -I.  -MMD -I/opt/spechunter/chipyard-issue-715/.conda-env/share/verilator/include -I/opt/spechunter/chipyard-issue-715/.conda-env/share/verilator/include/vltstd -DVM_COVERAGE=0 -DVM_SC=0 -DVM_TRACE=1 -DVM_TRACE_FST=0 -DVM_TRACE_VCD=1 -faligned-new -fcf-protection=none -Wno-bool-operation -Wno-sign-compare -Wno-uninitialized -Wno-unused-but-set-variable -Wno-unused-parameter -Wno-unused-variable -Wno-shadow     -O3 -std=c++11 -I/opt/spechunter/chipyard-issue-715/.conda-env/riscv-tools/include -I/opt/spechunter/chipyard-issue-715-repaired/tools/DRAMSim2 -I/opt/spechunter/chipyard-issue-715-repaired/sims/verilator/generated-src/chipyard.TestHarness.SmallBoomConfig    -D__STDC_FORMAT_MACROS -DTEST_HARNESS=VTestHarness -DVERILATOR -include /opt/spechunter/chipyard-issue-715-repaired/sims/verilator/generated-src/chipyard.TestHarness.SmallBoomConfig/chipyard.TestHarness.SmallBoomConfig.plusArgs -include /opt/spechunter/chipyard-issue-715-repaired/sims/verilator/generated-src/chipyard.TestHarness.SmallBoomConfig/verilator.h -include /opt/spechunter/chipyard-issue-715-repaired/sims/verilator/generated-src/chipyard.TestHarness.SmallBoomConfig/chipyard.TestHarness.SmallBoomConfig.debug/VTestHarness.h  -DVL_THREADED -std=c++17 -Os -c -o VTestHarness___024root__DepSet_h30a6511e__13.o VTestHarness___024root__DepSet_h30a6511e__13.cpp
In file included from /opt/spechunter/chipyard-issue-715/.conda-env/share/verilator/include/verilated.h:35,
                 from /opt/spechunter/chipyard-issue-715/.conda-env/share/verilator/include/verilated_vcd_c.h:24,
                 from /opt/spechunter/chipyard-issue-715-repaired/sims/verilator/generated-src/chipyard.TestHarness.SmallBoomConfig/verilator.h:4,
                 from <command-line>:
/opt/spechunter/chipyard-issue-715/.conda-env/share/verilator/include/verilatedos.h:291: warning: "__STDC_FORMAT_MACROS" redefined
  291 | #define __STDC_FORMAT_MACROS
      | 
<command-line>: note: this is the location of the previous definition
/opt/spechunter/chipyard-issue-715/.conda-env/bin/x86_64-conda-linux-gnu-c++  -I.  -MMD -I/opt/spechunter/chipyard-issue-715/.conda-env/share/verilator/include -I/opt/spechunter/chipyard-issue-715/.conda-env/share/verilator/include/vltstd -DVM_COVERAGE=0 -DVM_SC=0 -DVM_TRACE=1 -DVM_TRACE_FST=0 -DVM_TRACE_VCD=1 -faligned-new -fcf-protection=none -Wno-bool-operation -Wno-sign-compare -Wno-uninitialized -Wno-unused-but-set-variable -Wno-unused-parameter -Wno-unused-variable -Wno-shadow     -O3 -std=c++11 -I/opt/spechunter/chipyard-issue-715/.conda-env/riscv-tools/include -I/opt/spechunter/chipyard-issue-715-repaired/tools/DRAMSim2 -I/opt/spechunter/chipyard-issue-715-repaired/sims/verilator/generated-src/chipyard.TestHarness.SmallBoomConfig    -D__STDC_FORMAT_MACROS -DTEST_HARNESS=VTestHarness -DVERILATOR -include /opt/spechunter/chipyard-issue-715-repaired/sims/verilator/generated-src/chipyard.TestHarness.SmallBoomConfig/chipyard.TestHarness.SmallBoomConfig.plusArgs -include /opt/spechunter/chipyard-issue-715-repaired/sims/verilator/generated-src/chipyard.TestHarness.SmallBoomConfig/verilator.h -include /opt/spechunter/chipyard-issue-715-repaired/sims/verilator/generated-src/chipyard.TestHarness.SmallBoomConfig/chipyard.TestHarness.SmallBoomConfig.debug/VTestHarness.h  -DVL_THREADED -std=c++17 -Os -c -o VTestHarness___024root__DepSet_h30a6511e__14.o VTestHarness___024root__DepSet_h30a6511e__14.cpp
In file included from /opt/spechunter/chipyard-issue-715/.conda-env/share/verilator/include/verilated.h:35,
                 from /opt/spechunter/chipyard-issue-715/.conda-env/share/verilator/include/verilated_vcd_c.h:24,
                 from /opt/spechunter/chipyard-issue-715-repaired/sims/verilator/generated-src/chipyard.TestHarness.SmallBoomConfig/verilator.h:4,
                 from <command-line>:
/opt/spechunter/chipyard-issue-715/.conda-env/share/verilator/include/verilatedos.h:291: warning: "__STDC_FORMAT_MACROS" redefined
  291 | #define __STDC_FORMAT_MACROS
      | 
<command-line>: note: this is the location of the previous definition
/opt/spechunter/chipyard-issue-715/.conda-env/bin/x86_64-conda-linux-gnu-c++  -I.  -MMD -I/opt/spechunter/chipyard-issue-715/.conda-env/share/verilator/include -I/opt/spechunter/chipyard-issue-715/.conda-env/share/verilator/include/vltstd -DVM_COVERAGE=0 -DVM_SC=0 -DVM_TRACE=1 -DVM_TRACE_FST=0 -DVM_TRACE_VCD=1 -faligned-new -fcf-protection=none -Wno-bool-operation -Wno-sign-compare -Wno-uninitialized -Wno-unused-but-set-variable -Wno-unused-parameter -Wno-unused-variable -Wno-shadow     -O3 -std=c++11 -I/opt/spechunter/chipyard-issue-715/.conda-env/riscv-tools/include -I/opt/spechunter/chipyard-issue-715-repaired/tools/DRAMSim2 -I/opt/spechunter/chipyard-issue-715-repaired/sims/verilator/generated-src/chipyard.TestHarness.SmallBoomConfig    -D__STDC_FORMAT_MACROS -DTEST_HARNESS=VTestHarness -DVERILATOR -include /opt/spechunter/chipyard-issue-715-repaired/sims/verilator/generated-src/chipyard.TestHarness.SmallBoomConfig/chipyard.TestHarness.SmallBoomConfig.plusArgs -include /opt/spechunter/chipyard-issue-715-repaired/sims/verilator/generated-src/chipyard.TestHarness.SmallBoomConfig/verilator.h -include /opt/spechunter/chipyard-issue-715-repaired/sims/verilator/generated-src/chipyard.TestHarness.SmallBoomConfig/chipyard.TestHarness.SmallBoomConfig.debug/VTestHarness.h  -DVL_THREADED -std=c++17 -Os -c -o VTestHarness___024root__DepSet_h30a6511e__15.o VTestHarness___024root__DepSet_h30a6511e__15.cpp
In file included from /opt/spechunter/chipyard-issue-715/.conda-env/share/verilator/include/verilated.h:35,
                 from /opt/spechunter/chipyard-issue-715/.conda-env/share/verilator/include/verilated_vcd_c.h:24,
                 from /opt/spechunter/chipyard-issue-715-repaired/sims/verilator/generated-src/chipyard.TestHarness.SmallBoomConfig/verilator.h:4,
                 from <command-line>:
/opt/spechunter/chipyard-issue-715/.conda-env/share/verilator/include/verilatedos.h:291: warning: "__STDC_FORMAT_MACROS" redefined
  291 | #define __STDC_FORMAT_MACROS
      | 
<command-line>: note: this is the location of the previous definition
/opt/spechunter/chipyard-issue-715/.conda-env/bin/x86_64-conda-linux-gnu-c++  -I.  -MMD -I/opt/spechunter/chipyard-issue-715/.conda-env/share/verilator/include -I/opt/spechunter/chipyard-issue-715/.conda-env/share/verilator/include/vltstd -DVM_COVERAGE=0 -DVM_SC=0 -DVM_TRACE=1 -DVM_TRACE_FST=0 -DVM_TRACE_VCD=1 -faligned-new -fcf-protection=none -Wno-bool-operation -Wno-sign-compare -Wno-uninitialized -Wno-unused-but-set-variable -Wno-unused-parameter -Wno-unused-variable -Wno-shadow     -O3 -std=c++11 -I/opt/spechunter/chipyard-issue-715/.conda-env/riscv-tools/include -I/opt/spechunter/chipyard-issue-715-repaired/tools/DRAMSim2 -I/opt/spechunter/chipyard-issue-715-repaired/sims/verilator/generated-src/chipyard.TestHarness.SmallBoomConfig    -D__STDC_FORMAT_MACROS -DTEST_HARNESS=VTestHarness -DVERILATOR -include /opt/spechunter/chipyard-issue-715-repaired/sims/verilator/generated-src/chipyard.TestHarness.SmallBoomConfig/chipyard.TestHarness.SmallBoomConfig.plusArgs -include /opt/spechunter/chipyard-issue-715-repaired/sims/verilator/generated-src/chipyard.TestHarness.SmallBoomConfig/verilator.h -include /opt/spechunter/chipyard-issue-715-repaired/sims/verilator/generated-src/chipyard.TestHarness.SmallBoomConfig/chipyard.TestHarness.SmallBoomConfig.debug/VTestHarness.h  -DVL_THREADED -std=c++17 -Os -c -o VTestHarness___024root__DepSet_h30a6511e__16.o VTestHarness___024root__DepSet_h30a6511e__16.cpp
In file included from /opt/spechunter/chipyard-issue-715/.conda-env/share/verilator/include/verilated.h:35,
                 from /opt/spechunter/chipyard-issue-715/.conda-env/share/verilator/include/verilated_vcd_c.h:24,
                 from /opt/spechunter/chipyard-issue-715-repaired/sims/verilator/generated-src/chipyard.TestHarness.SmallBoomConfig/verilator.h:4,
                 from <command-line>:
/opt/spechunter/chipyard-issue-715/.conda-env/share/verilator/include/verilatedos.h:291: warning: "__STDC_FORMAT_MACROS" redefined
  291 | #define __STDC_FORMAT_MACROS
      | 
<command-line>: note: this is the location of the previous definition
/opt/spechunter/chipyard-issue-715/.conda-env/bin/x86_64-conda-linux-gnu-c++  -I.  -MMD -I/opt/spechunter/chipyard-issue-715/.conda-env/share/verilator/include -I/opt/spechunter/chipyard-issue-715/.conda-env/share/verilator/include/vltstd -DVM_COVERAGE=0 -DVM_SC=0 -DVM_TRACE=1 -DVM_TRACE_FST=0 -DVM_TRACE_VCD=1 -faligned-new -fcf-protection=none -Wno-bool-operation -Wno-sign-compare -Wno-uninitialized -Wno-unused-but-set-variable -Wno-unused-parameter -Wno-unused-variable -Wno-shadow     -O3 -std=c++11 -I/opt/spechunter/chipyard-issue-715/.conda-env/riscv-tools/include -I/opt/spechunter/chipyard-issue-715-repaired/tools/DRAMSim2 -I/opt/spechunter/chipyard-issue-715-repaired/sims/verilator/generated-src/chipyard.TestHarness.SmallBoomConfig    -D__STDC_FORMAT_MACROS -DTEST_HARNESS=VTestHarness -DVERILATOR -include /opt/spechunter/chipyard-issue-715-repaired/sims/verilator/generated-src/chipyard.TestHarness.SmallBoomConfig/chipyard.TestHarness.SmallBoomConfig.plusArgs -include /opt/spechunter/chipyard-issue-715-repaired/sims/verilator/generated-src/chipyard.TestHarness.SmallBoomConfig/verilator.h -include /opt/spechunter/chipyard-issue-715-repaired/sims/verilator/generated-src/chipyard.TestHarness.SmallBoomConfig/chipyard.TestHarness.SmallBoomConfig.debug/VTestHarness.h  -DVL_THREADED -std=c++17 -Os -c -o VTestHarness___024root__DepSet_h30a6511e__17.o VTestHarness___024root__DepSet_h30a6511e__17.cpp
In file included from /opt/spechunter/chipyard-issue-715/.conda-env/share/verilator/include/verilated.h:35,
                 from /opt/spechunter/chipyard-issue-715/.conda-env/share/verilator/include/verilated_vcd_c.h:24,
                 from /opt/spechunter/chipyard-issue-715-repaired/sims/verilator/generated-src/chipyard.TestHarness.SmallBoomConfig/verilator.h:4,
                 from <command-line>:
/opt/spechunter/chipyard-issue-715/.conda-env/share/verilator/include/verilatedos.h:291: warning: "__STDC_FORMAT_MACROS" redefined
  291 | #define __STDC_FORMAT_MACROS
      | 
<command-line>: note: this is the location of the previous definition
/opt/spechunter/chipyard-issue-715/.conda-env/bin/x86_64-conda-linux-gnu-c++  -I.  -MMD -I/opt/spechunter/chipyard-issue-715/.conda-env/share/verilator/include -I/opt/spechunter/chipyard-issue-715/.conda-env/share/verilator/include/vltstd -DVM_COVERAGE=0 -DVM_SC=0 -DVM_TRACE=1 -DVM_TRACE_FST=0 -DVM_TRACE_VCD=1 -faligned-new -fcf-protection=none -Wno-bool-operation -Wno-sign-compare -Wno-uninitialized -Wno-unused-but-set-variable -Wno-unused-parameter -Wno-unused-variable -Wno-shadow     -O3 -std=c++11 -I/opt/spechunter/chipyard-issue-715/.conda-env/riscv-tools/include -I/opt/spechunter/chipyard-issue-715-repaired/tools/DRAMSim2 -I/opt/spechunter/chipyard-issue-715-repaired/sims/verilator/generated-src/chipyard.TestHarness.SmallBoomConfig    -D__STDC_FORMAT_MACROS -DTEST_HARNESS=VTestHarness -DVERILATOR -include /opt/spechunter/chipyard-issue-715-repaired/sims/verilator/generated-src/chipyard.TestHarness.SmallBoomConfig/chipyard.TestHarness.SmallBoomConfig.plusArgs -include /opt/spechunter/chipyard-issue-715-repaired/sims/verilator/generated-src/chipyard.TestHarness.SmallBoomConfig/verilator.h -include /opt/spechunter/chipyard-issue-715-repaired/sims/verilator/generated-src/chipyard.TestHarness.SmallBoomConfig/chipyard.TestHarness.SmallBoomConfig.debug/VTestHarness.h  -DVL_THREADED -std=c++17 -Os -c -o VTestHarness___024root__DepSet_h30a6511e__18.o VTestHarness___024root__DepSet_h30a6511e__18.cpp
In file included from /opt/spechunter/chipyard-issue-715/.conda-env/share/verilator/include/verilated.h:35,
                 from /opt/spechunter/chipyard-issue-715/.conda-env/share/verilator/include/verilated_vcd_c.h:24,
                 from /opt/spechunter/chipyard-issue-715-repaired/sims/verilator/generated-src/chipyard.TestHarness.SmallBoomConfig/verilator.h:4,
                 from <command-line>:
/opt/spechunter/chipyard-issue-715/.conda-env/share/verilator/include/verilatedos.h:291: warning: "__STDC_FORMAT_MACROS" redefined
  291 | #define __STDC_FORMAT_MACROS
      | 
<command-line>: note: this is the location of the previous definition
/opt/spechunter/chipyard-issue-715/.conda-env/bin/x86_64-conda-linux-gnu-c++  -I.  -MMD -I/opt/spechunter/chipyard-issue-715/.conda-env/share/verilator/include -I/opt/spechunter/chipyard-issue-715/.conda-env/share/verilator/include/vltstd -DVM_COVERAGE=0 -DVM_SC=0 -DVM_TRACE=1 -DVM_TRACE_FST=0 -DVM_TRACE_VCD=1 -faligned-new -fcf-protection=none -Wno-bool-operation -Wno-sign-compare -Wno-uninitialized -Wno-unused-but-set-variable -Wno-unused-parameter -Wno-unused-variable -Wno-shadow     -O3 -std=c++11 -I/opt/spechunter/chipyard-issue-715/.conda-env/riscv-tools/include -I/opt/spechunter/chipyard-issue-715-repaired/tools/DRAMSim2 -I/opt/spechunter/chipyard-issue-715-repaired/sims/verilator/generated-src/chipyard.TestHarness.SmallBoomConfig    -D__STDC_FORMAT_MACROS -DTEST_HARNESS=VTestHarness -DVERILATOR -include /opt/spechunter/chipyard-issue-715-repaired/sims/verilator/generated-src/chipyard.TestHarness.SmallBoomConfig/chipyard.TestHarness.SmallBoomConfig.plusArgs -include /opt/spechunter/chipyard-issue-715-repaired/sims/verilator/generated-src/chipyard.TestHarness.SmallBoomConfig/verilator.h -include /opt/spechunter/chipyard-issue-715-repaired/sims/verilator/generated-src/chipyard.TestHarness.SmallBoomConfig/chipyard.TestHarness.SmallBoomConfig.debug/VTestHarness.h  -DVL_THREADED -std=c++17 -Os -c -o VTestHarness___024root__DepSet_h30a6511e__19.o VTestHarness___024root__DepSet_h30a6511e__19.cpp
In file included from /opt/spechunter/chipyard-issue-715/.conda-env/share/verilator/include/verilated.h:35,
                 from /opt/spechunter/chipyard-issue-715/.conda-env/share/verilator/include/verilated_vcd_c.h:24,
                 from /opt/spechunter/chipyard-issue-715-repaired/sims/verilator/generated-src/chipyard.TestHarness.SmallBoomConfig/verilator.h:4,
                 from <command-line>:
/opt/spechunter/chipyard-issue-715/.conda-env/share/verilator/include/verilatedos.h:291: warning: "__STDC_FORMAT_MACROS" redefined
  291 | #define __STDC_FORMAT_MACROS
      | 
<command-line>: note: this is the location of the previous definition
/opt/spechunter/chipyard-issue-715/.conda-env/bin/x86_64-conda-linux-gnu-c++  -I.  -MMD -I/opt/spechunter/chipyard-issue-715/.conda-env/share/verilator/include -I/opt/spechunter/chipyard-issue-715/.conda-env/share/verilator/include/vltstd -DVM_COVERAGE=0 -DVM_SC=0 -DVM_TRACE=1 -DVM_TRACE_FST=0 -DVM_TRACE_VCD=1 -faligned-new -fcf-protection=none -Wno-bool-operation -Wno-sign-compare -Wno-uninitialized -Wno-unused-but-set-variable -Wno-unused-parameter -Wno-unused-variable -Wno-shadow     -O3 -std=c++11 -I/opt/spechunter/chipyard-issue-715/.conda-env/riscv-tools/include -I/opt/spechunter/chipyard-issue-715-repaired/tools/DRAMSim2 -I/opt/spechunter/chipyard-issue-715-repaired/sims/verilator/generated-src/chipyard.TestHarness.SmallBoomConfig    -D__STDC_FORMAT_MACROS -DTEST_HARNESS=VTestHarness -DVERILATOR -include /opt/spechunter/chipyard-issue-715-repaired/sims/verilator/generated-src/chipyard.TestHarness.SmallBoomConfig/chipyard.TestHarness.SmallBoomConfig.plusArgs -include /opt/spechunter/chipyard-issue-715-repaired/sims/verilator/generated-src/chipyard.TestHarness.SmallBoomConfig/verilator.h -include /opt/spechunter/chipyard-issue-715-repaired/sims/verilator/generated-src/chipyard.TestHarness.SmallBoomConfig/chipyard.TestHarness.SmallBoomConfig.debug/VTestHarness.h  -DVL_THREADED -std=c++17 -Os -c -o VTestHarness___024root__DepSet_h30a6511e__20.o VTestHarness___024root__DepSet_h30a6511e__20.cpp
In file included from /opt/spechunter/chipyard-issue-715/.conda-env/share/verilator/include/verilated.h:35,
                 from /opt/spechunter/chipyard-issue-715/.conda-env/share/verilator/include/verilated_vcd_c.h:24,
                 from /opt/spechunter/chipyard-issue-715-repaired/sims/verilator/generated-src/chipyard.TestHarness.SmallBoomConfig/verilator.h:4,
                 from <command-line>:
/opt/spechunter/chipyard-issue-715/.conda-env/share/verilator/include/verilatedos.h:291: warning: "__STDC_FORMAT_MACROS" redefined
  291 | #define __STDC_FORMAT_MACROS
      | 
<command-line>: note: this is the location of the previous definition
/opt/spechunter/chipyard-issue-715/.conda-env/bin/x86_64-conda-linux-gnu-c++  -I.  -MMD -I/opt/spechunter/chipyard-issue-715/.conda-env/share/verilator/include -I/opt/spechunter/chipyard-issue-715/.conda-env/share/verilator/include/vltstd -DVM_COVERAGE=0 -DVM_SC=0 -DVM_TRACE=1 -DVM_TRACE_FST=0 -DVM_TRACE_VCD=1 -faligned-new -fcf-protection=none -Wno-bool-operation -Wno-sign-compare -Wno-uninitialized -Wno-unused-but-set-variable -Wno-unused-parameter -Wno-unused-variable -Wno-shadow     -O3 -std=c++11 -I/opt/spechunter/chipyard-issue-715/.conda-env/riscv-tools/include -I/opt/spechunter/chipyard-issue-715-repaired/tools/DRAMSim2 -I/opt/spechunter/chipyard-issue-715-repaired/sims/verilator/generated-src/chipyard.TestHarness.SmallBoomConfig    -D__STDC_FORMAT_MACROS -DTEST_HARNESS=VTestHarness -DVERILATOR -include /opt/spechunter/chipyard-issue-715-repaired/sims/verilator/generated-src/chipyard.TestHarness.SmallBoomConfig/chipyard.TestHarness.SmallBoomConfig.plusArgs -include /opt/spechunter/chipyard-issue-715-repaired/sims/verilator/generated-src/chipyard.TestHarness.SmallBoomConfig/verilator.h -include /opt/spechunter/chipyard-issue-715-repaired/sims/verilator/generated-src/chipyard.TestHarness.SmallBoomConfig/chipyard.TestHarness.SmallBoomConfig.debug/VTestHarness.h  -DVL_THREADED -std=c++17 -Os -c -o VTestHarness___024root__DepSet_h30a6511e__21.o VTestHarness___024root__DepSet_h30a6511e__21.cpp
In file included from /opt/spechunter/chipyard-issue-715/.conda-env/share/verilator/include/verilated.h:35,
                 from /opt/spechunter/chipyard-issue-715/.conda-env/share/verilator/include/verilated_vcd_c.h:24,
                 from /opt/spechunter/chipyard-issue-715-repaired/sims/verilator/generated-src/chipyard.TestHarness.SmallBoomConfig/verilator.h:4,
                 from <command-line>:
/opt/spechunter/chipyard-issue-715/.conda-env/share/verilator/include/verilatedos.h:291: warning: "__STDC_FORMAT_MACROS" redefined
  291 | #define __STDC_FORMAT_MACROS
      | 
<command-line>: note: this is the location of the previous definition
/opt/spechunter/chipyard-issue-715/.conda-env/bin/x86_64-conda-linux-gnu-c++  -I.  -MMD -I/opt/spechunter/chipyard-issue-715/.conda-env/share/verilator/include -I/opt/spechunter/chipyard-issue-715/.conda-env/share/verilator/include/vltstd -DVM_COVERAGE=0 -DVM_SC=0 -DVM_TRACE=1 -DVM_TRACE_FST=0 -DVM_TRACE_VCD=1 -faligned-new -fcf-protection=none -Wno-bool-operation -Wno-sign-compare -Wno-uninitialized -Wno-unused-but-set-variable -Wno-unused-parameter -Wno-unused-variable -Wno-shadow     -O3 -std=c++11 -I/opt/spechunter/chipyard-issue-715/.conda-env/riscv-tools/include -I/opt/spechunter/chipyard-issue-715-repaired/tools/DRAMSim2 -I/opt/spechunter/chipyard-issue-715-repaired/sims/verilator/generated-src/chipyard.TestHarness.SmallBoomConfig    -D__STDC_FORMAT_MACROS -DTEST_HARNESS=VTestHarness -DVERILATOR -include /opt/spechunter/chipyard-issue-715-repaired/sims/verilator/generated-src/chipyard.TestHarness.SmallBoomConfig/chipyard.TestHarness.SmallBoomConfig.plusArgs -include /opt/spechunter/chipyard-issue-715-repaired/sims/verilator/generated-src/chipyard.TestHarness.SmallBoomConfig/verilator.h -include /opt/spechunter/chipyard-issue-715-repaired/sims/verilator/generated-src/chipyard.TestHarness.SmallBoomConfig/chipyard.TestHarness.SmallBoomConfig.debug/VTestHarness.h  -DVL_THREADED -std=c++17 -Os -c -o VTestHarness___024root__DepSet_h30a6511e__22.o VTestHarness___024root__DepSet_h30a6511e__22.cpp
In file included from /opt/spechunter/chipyard-issue-715/.conda-env/share/verilator/include/verilated.h:35,
                 from /opt/spechunter/chipyard-issue-715/.conda-env/share/verilator/include/verilated_vcd_c.h:24,
                 from /opt/spechunter/chipyard-issue-715-repaired/sims/verilator/generated-src/chipyard.TestHarness.SmallBoomConfig/verilator.h:4,
                 from <command-line>:
/opt/spechunter/chipyard-issue-715/.conda-env/share/verilator/include/verilatedos.h:291: warning: "__STDC_FORMAT_MACROS" redefined
  291 | #define __STDC_FORMAT_MACROS
      | 
<command-line>: note: this is the location of the previous definition
/opt/spechunter/chipyard-issue-715/.conda-env/bin/x86_64-conda-linux-gnu-c++  -I.  -MMD -I/opt/spechunter/chipyard-issue-715/.conda-env/share/verilator/include -I/opt/spechunter/chipyard-issue-715/.conda-env/share/verilator/include/vltstd -DVM_COVERAGE=0 -DVM_SC=0 -DVM_TRACE=1 -DVM_TRACE_FST=0 -DVM_TRACE_VCD=1 -faligned-new -fcf-protection=none -Wno-bool-operation -Wno-sign-compare -Wno-uninitialized -Wno-unused-but-set-variable -Wno-unused-parameter -Wno-unused-variable -Wno-shadow     -O3 -std=c++11 -I/opt/spechunter/chipyard-issue-715/.conda-env/riscv-tools/include -I/opt/spechunter/chipyard-issue-715-repaired/tools/DRAMSim2 -I/opt/spechunter/chipyard-issue-715-repaired/sims/verilator/generated-src/chipyard.TestHarness.SmallBoomConfig    -D__STDC_FORMAT_MACROS -DTEST_HARNESS=VTestHarness -DVERILATOR -include /opt/spechunter/chipyard-issue-715-repaired/sims/verilator/generated-src/chipyard.TestHarness.SmallBoomConfig/chipyard.TestHarness.SmallBoomConfig.plusArgs -include /opt/spechunter/chipyard-issue-715-repaired/sims/verilator/generated-src/chipyard.TestHarness.SmallBoomConfig/verilator.h -include /opt/spechunter/chipyard-issue-715-repaired/sims/verilator/generated-src/chipyard.TestHarness.SmallBoomConfig/chipyard.TestHarness.SmallBoomConfig.debug/VTestHarness.h  -DVL_THREADED -std=c++17 -Os -c -o VTestHarness___024root__DepSet_h30a6511e__23.o VTestHarness___024root__DepSet_h30a6511e__23.cpp
In file included from /opt/spechunter/chipyard-issue-715/.conda-env/share/verilator/include/verilated.h:35,
                 from /opt/spechunter/chipyard-issue-715/.conda-env/share/verilator/include/verilated_vcd_c.h:24,
                 from /opt/spechunter/chipyard-issue-715-repaired/sims/verilator/generated-src/chipyard.TestHarness.SmallBoomConfig/verilator.h:4,
                 from <command-line>:
/opt/spechunter/chipyard-issue-715/.conda-env/share/verilator/include/verilatedos.h:291: warning: "__STDC_FORMAT_MACROS" redefined
  291 | #define __STDC_FORMAT_MACROS
      | 
<command-line>: note: this is the location of the previous definition
/opt/spechunter/chipyard-issue-715/.conda-env/bin/x86_64-conda-linux-gnu-c++  -I.  -MMD -I/opt/spechunter/chipyard-issue-715/.conda-env/share/verilator/include -I/opt/spechunter/chipyard-issue-715/.conda-env/share/verilator/include/vltstd -DVM_COVERAGE=0 -DVM_SC=0 -DVM_TRACE=1 -DVM_TRACE_FST=0 -DVM_TRACE_VCD=1 -faligned-new -fcf-protection=none -Wno-bool-operation -Wno-sign-compare -Wno-uninitialized -Wno-unused-but-set-variable -Wno-unused-parameter -Wno-unused-variable -Wno-shadow     -O3 -std=c++11 -I/opt/spechunter/chipyard-issue-715/.conda-env/riscv-tools/include -I/opt/spechunter/chipyard-issue-715-repaired/tools/DRAMSim2 -I/opt/spechunter/chipyard-issue-715-repaired/sims/verilator/generated-src/chipyard.TestHarness.SmallBoomConfig    -D__STDC_FORMAT_MACROS -DTEST_HARNESS=VTestHarness -DVERILATOR -include /opt/spechunter/chipyard-issue-715-repaired/sims/verilator/generated-src/chipyard.TestHarness.SmallBoomConfig/chipyard.TestHarness.SmallBoomConfig.plusArgs -include /opt/spechunter/chipyard-issue-715-repaired/sims/verilator/generated-src/chipyard.TestHarness.SmallBoomConfig/verilator.h -include /opt/spechunter/chipyard-issue-715-repaired/sims/verilator/generated-src/chipyard.TestHarness.SmallBoomConfig/chipyard.TestHarness.SmallBoomConfig.debug/VTestHarness.h  -DVL_THREADED -std=c++17 -Os -c -o VTestHarness___024root__DepSet_h30a6511e__24.o VTestHarness___024root__DepSet_h30a6511e__24.cpp
In file included from /opt/spechunter/chipyard-issue-715/.conda-env/share/verilator/include/verilated.h:35,
                 from /opt/spechunter/chipyard-issue-715/.conda-env/share/verilator/include/verilated_vcd_c.h:24,
                 from /opt/spechunter/chipyard-issue-715-repaired/sims/verilator/generated-src/chipyard.TestHarness.SmallBoomConfig/verilator.h:4,
                 from <command-line>:
/opt/spechunter/chipyard-issue-715/.conda-env/share/verilator/include/verilatedos.h:291: warning: "__STDC_FORMAT_MACROS" redefined
  291 | #define __STDC_FORMAT_MACROS
      | 
<command-line>: note: this is the location of the previous definition
/opt/spechunter/chipyard-issue-715/.conda-env/bin/x86_64-conda-linux-gnu-c++  -I.  -MMD -I/opt/spechunter/chipyard-issue-715/.conda-env/share/verilator/include -I/opt/spechunter/chipyard-issue-715/.conda-env/share/verilator/include/vltstd -DVM_COVERAGE=0 -DVM_SC=0 -DVM_TRACE=1 -DVM_TRACE_FST=0 -DVM_TRACE_VCD=1 -faligned-new -fcf-protection=none -Wno-bool-operation -Wno-sign-compare -Wno-uninitialized -Wno-unused-but-set-variable -Wno-unused-parameter -Wno-unused-variable -Wno-shadow     -O3 -std=c++11 -I/opt/spechunter/chipyard-issue-715/.conda-env/riscv-tools/include -I/opt/spechunter/chipyard-issue-715-repaired/tools/DRAMSim2 -I/opt/spechunter/chipyard-issue-715-repaired/sims/verilator/generated-src/chipyard.TestHarness.SmallBoomConfig    -D__STDC_FORMAT_MACROS -DTEST_HARNESS=VTestHarness -DVERILATOR -include /opt/spechunter/chipyard-issue-715-repaired/sims/verilator/generated-src/chipyard.TestHarness.SmallBoomConfig/chipyard.TestHarness.SmallBoomConfig.plusArgs -include /opt/spechunter/chipyard-issue-715-repaired/sims/verilator/generated-src/chipyard.TestHarness.SmallBoomConfig/verilator.h -include /opt/spechunter/chipyard-issue-715-repaired/sims/verilator/generated-src/chipyard.TestHarness.SmallBoomConfig/chipyard.TestHarness.SmallBoomConfig.debug/VTestHarness.h  -DVL_THREADED -std=c++17 -Os -c -o VTestHarness___024root__DepSet_h30a6511e__25.o VTestHarness___024root__DepSet_h30a6511e__25.cpp
In file included from /opt/spechunter/chipyard-issue-715/.conda-env/share/verilator/include/verilated.h:35,
                 from /opt/spechunter/chipyard-issue-715/.conda-env/share/verilator/include/verilated_vcd_c.h:24,
                 from /opt/spechunter/chipyard-issue-715-repaired/sims/verilator/generated-src/chipyard.TestHarness.SmallBoomConfig/verilator.h:4,
                 from <command-line>:
/opt/spechunter/chipyard-issue-715/.conda-env/share/verilator/include/verilatedos.h:291: warning: "__STDC_FORMAT_MACROS" redefined
  291 | #define __STDC_FORMAT_MACROS
      | 
<command-line>: note: this is the location of the previous definition
/opt/spechunter/chipyard-issue-715/.conda-env/bin/x86_64-conda-linux-gnu-c++  -I.  -MMD -I/opt/spechunter/chipyard-issue-715/.conda-env/share/verilator/include -I/opt/spechunter/chipyard-issue-715/.conda-env/share/verilator/include/vltstd -DVM_COVERAGE=0 -DVM_SC=0 -DVM_TRACE=1 -DVM_TRACE_FST=0 -DVM_TRACE_VCD=1 -faligned-new -fcf-protection=none -Wno-bool-operation -Wno-sign-compare -Wno-uninitialized -Wno-unused-but-set-variable -Wno-unused-parameter -Wno-unused-variable -Wno-shadow     -O3 -std=c++11 -I/opt/spechunter/chipyard-issue-715/.conda-env/riscv-tools/include -I/opt/spechunter/chipyard-issue-715-repaired/tools/DRAMSim2 -I/opt/spechunter/chipyard-issue-715-repaired/sims/verilator/generated-src/chipyard.TestHarness.SmallBoomConfig    -D__STDC_FORMAT_MACROS -DTEST_HARNESS=VTestHarness -DVERILATOR -include /opt/spechunter/chipyard-issue-715-repaired/sims/verilator/generated-src/chipyard.TestHarness.SmallBoomConfig/chipyard.TestHarness.SmallBoomConfig.plusArgs -include /opt/spechunter/chipyard-issue-715-repaired/sims/verilator/generated-src/chipyard.TestHarness.SmallBoomConfig/verilator.h -include /opt/spechunter/chipyard-issue-715-repaired/sims/verilator/generated-src/chipyard.TestHarness.SmallBoomConfig/chipyard.TestHarness.SmallBoomConfig.debug/VTestHarness.h  -DVL_THREADED -std=c++17 -Os -c -o VTestHarness___024root__DepSet_h30a6511e__26.o VTestHarness___024root__DepSet_h30a6511e__26.cpp
In file included from /opt/spechunter/chipyard-issue-715/.conda-env/share/verilator/include/verilated.h:35,
                 from /opt/spechunter/chipyard-issue-715/.conda-env/share/verilator/include/verilated_vcd_c.h:24,
                 from /opt/spechunter/chipyard-issue-715-repaired/sims/verilator/generated-src/chipyard.TestHarness.SmallBoomConfig/verilator.h:4,
                 from <command-line>:
/opt/spechunter/chipyard-issue-715/.conda-env/share/verilator/include/verilatedos.h:291: warning: "__STDC_FORMAT_MACROS" redefined
  291 | #define __STDC_FORMAT_MACROS
      | 
<command-line>: note: this is the location of the previous definition
/opt/spechunter/chipyard-issue-715/.conda-env/bin/x86_64-conda-linux-gnu-c++  -I.  -MMD -I/opt/spechunter/chipyard-issue-715/.conda-env/share/verilator/include -I/opt/spechunter/chipyard-issue-715/.conda-env/share/verilator/include/vltstd -DVM_COVERAGE=0 -DVM_SC=0 -DVM_TRACE=1 -DVM_TRACE_FST=0 -DVM_TRACE_VCD=1 -faligned-new -fcf-protection=none -Wno-bool-operation -Wno-sign-compare -Wno-uninitialized -Wno-unused-but-set-variable -Wno-unused-parameter -Wno-unused-variable -Wno-shadow     -O3 -std=c++11 -I/opt/spechunter/chipyard-issue-715/.conda-env/riscv-tools/include -I/opt/spechunter/chipyard-issue-715-repaired/tools/DRAMSim2 -I/opt/spechunter/chipyard-issue-715-repaired/sims/verilator/generated-src/chipyard.TestHarness.SmallBoomConfig    -D__STDC_FORMAT_MACROS -DTEST_HARNESS=VTestHarness -DVERILATOR -include /opt/spechunter/chipyard-issue-715-repaired/sims/verilator/generated-src/chipyard.TestHarness.SmallBoomConfig/chipyard.TestHarness.SmallBoomConfig.plusArgs -include /opt/spechunter/chipyard-issue-715-repaired/sims/verilator/generated-src/chipyard.TestHarness.SmallBoomConfig/verilator.h -include /opt/spechunter/chipyard-issue-715-repaired/sims/verilator/generated-src/chipyard.TestHarness.SmallBoomConfig/chipyard.TestHarness.SmallBoomConfig.debug/VTestHarness.h  -DVL_THREADED -std=c++17 -Os -c -o VTestHarness___024root__DepSet_h30a6511e__27.o VTestHarness___024root__DepSet_h30a6511e__27.cpp
In file included from /opt/spechunter/chipyard-issue-715/.conda-env/share/verilator/include/verilated.h:35,
                 from /opt/spechunter/chipyard-issue-715/.conda-env/share/verilator/include/verilated_vcd_c.h:24,
                 from /opt/spechunter/chipyard-issue-715-repaired/sims/verilator/generated-src/chipyard.TestHarness.SmallBoomConfig/verilator.h:4,
                 from <command-line>:
/opt/spechunter/chipyard-issue-715/.conda-env/share/verilator/include/verilatedos.h:291: warning: "__STDC_FORMAT_MACROS" redefined
  291 | #define __STDC_FORMAT_MACROS
      | 
<command-line>: note: this is the location of the previous definition
/opt/spechunter/chipyard-issue-715/.conda-env/bin/x86_64-conda-linux-gnu-c++  -I.  -MMD -I/opt/spechunter/chipyard-issue-715/.conda-env/share/verilator/include -I/opt/spechunter/chipyard-issue-715/.conda-env/share/verilator/include/vltstd -DVM_COVERAGE=0 -DVM_SC=0 -DVM_TRACE=1 -DVM_TRACE_FST=0 -DVM_TRACE_VCD=1 -faligned-new -fcf-protection=none -Wno-bool-operation -Wno-sign-compare -Wno-uninitialized -Wno-unused-but-set-variable -Wno-unused-parameter -Wno-unused-variable -Wno-shadow     -O3 -std=c++11 -I/opt/spechunter/chipyard-issue-715/.conda-env/riscv-tools/include -I/opt/spechunter/chipyard-issue-715-repaired/tools/DRAMSim2 -I/opt/spechunter/chipyard-issue-715-repaired/sims/verilator/generated-src/chipyard.TestHarness.SmallBoomConfig    -D__STDC_FORMAT_MACROS -DTEST_HARNESS=VTestHarness -DVERILATOR -include /opt/spechunter/chipyard-issue-715-repaired/sims/verilator/generated-src/chipyard.TestHarness.SmallBoomConfig/chipyard.TestHarness.SmallBoomConfig.plusArgs -include /opt/spechunter/chipyard-issue-715-repaired/sims/verilator/generated-src/chipyard.TestHarness.SmallBoomConfig/verilator.h -include /opt/spechunter/chipyard-issue-715-repaired/sims/verilator/generated-src/chipyard.TestHarness.SmallBoomConfig/chipyard.TestHarness.SmallBoomConfig.debug/VTestHarness.h  -DVL_THREADED -std=c++17 -Os -c -o VTestHarness___024root__DepSet_h30a6511e__28.o VTestHarness___024root__DepSet_h30a6511e__28.cpp
In file included from /opt/spechunter/chipyard-issue-715/.conda-env/share/verilator/include/verilated.h:35,
                 from /opt/spechunter/chipyard-issue-715/.conda-env/share/verilator/include/verilated_vcd_c.h:24,
                 from /opt/spechunter/chipyard-issue-715-repaired/sims/verilator/generated-src/chipyard.TestHarness.SmallBoomConfig/verilator.h:4,
                 from <command-line>:
/opt/spechunter/chipyard-issue-715/.conda-env/share/verilator/include/verilatedos.h:291: warning: "__STDC_FORMAT_MACROS" redefined
  291 | #define __STDC_FORMAT_MACROS
      | 
<command-line>: note: this is the location of the previous definition
/opt/spechunter/chipyard-issue-715/.conda-env/bin/x86_64-conda-linux-gnu-c++  -I.  -MMD -I/opt/spechunter/chipyard-issue-715/.conda-env/share/verilator/include -I/opt/spechunter/chipyard-issue-715/.conda-env/share/verilator/include/vltstd -DVM_COVERAGE=0 -DVM_SC=0 -DVM_TRACE=1 -DVM_TRACE_FST=0 -DVM_TRACE_VCD=1 -faligned-new -fcf-protection=none -Wno-bool-operation -Wno-sign-compare -Wno-uninitialized -Wno-unused-but-set-variable -Wno-unused-parameter -Wno-unused-variable -Wno-shadow     -O3 -std=c++11 -I/opt/spechunter/chipyard-issue-715/.conda-env/riscv-tools/include -I/opt/spechunter/chipyard-issue-715-repaired/tools/DRAMSim2 -I/opt/spechunter/chipyard-issue-715-repaired/sims/verilator/generated-src/chipyard.TestHarness.SmallBoomConfig    -D__STDC_FORMAT_MACROS -DTEST_HARNESS=VTestHarness -DVERILATOR -include /opt/spechunter/chipyard-issue-715-repaired/sims/verilator/generated-src/chipyard.TestHarness.SmallBoomConfig/chipyard.TestHarness.SmallBoomConfig.plusArgs -include /opt/spechunter/chipyard-issue-715-repaired/sims/verilator/generated-src/chipyard.TestHarness.SmallBoomConfig/verilator.h -include /opt/spechunter/chipyard-issue-715-repaired/sims/verilator/generated-src/chipyard.TestHarness.SmallBoomConfig/chipyard.TestHarness.SmallBoomConfig.debug/VTestHarness.h  -DVL_THREADED -std=c++17 -Os -c -o VTestHarness___024root__DepSet_h30a6511e__29.o VTestHarness___024root__DepSet_h30a6511e__29.cpp
In file included from /opt/spechunter/chipyard-issue-715/.conda-env/share/verilator/include/verilated.h:35,
                 from /opt/spechunter/chipyard-issue-715/.conda-env/share/verilator/include/verilated_vcd_c.h:24,
                 from /opt/spechunter/chipyard-issue-715-repaired/sims/verilator/generated-src/chipyard.TestHarness.SmallBoomConfig/verilator.h:4,
                 from <command-line>:
/opt/spechunter/chipyard-issue-715/.conda-env/share/verilator/include/verilatedos.h:291: warning: "__STDC_FORMAT_MACROS" redefined
  291 | #define __STDC_FORMAT_MACROS
      | 
<command-line>: note: this is the location of the previous definition
/opt/spechunter/chipyard-issue-715/.conda-env/bin/x86_64-conda-linux-gnu-c++  -I.  -MMD -I/opt/spechunter/chipyard-issue-715/.conda-env/share/verilator/include -I/opt/spechunter/chipyard-issue-715/.conda-env/share/verilator/include/vltstd -DVM_COVERAGE=0 -DVM_SC=0 -DVM_TRACE=1 -DVM_TRACE_FST=0 -DVM_TRACE_VCD=1 -faligned-new -fcf-protection=none -Wno-bool-operation -Wno-sign-compare -Wno-uninitialized -Wno-unused-but-set-variable -Wno-unused-parameter -Wno-unused-variable -Wno-shadow     -O3 -std=c++11 -I/opt/spechunter/chipyard-issue-715/.conda-env/riscv-tools/include -I/opt/spechunter/chipyard-issue-715-repaired/tools/DRAMSim2 -I/opt/spechunter/chipyard-issue-715-repaired/sims/verilator/generated-src/chipyard.TestHarness.SmallBoomConfig    -D__STDC_FORMAT_MACROS -DTEST_HARNESS=VTestHarness -DVERILATOR -include /opt/spechunter/chipyard-issue-715-repaired/sims/verilator/generated-src/chipyard.TestHarness.SmallBoomConfig/chipyard.TestHarness.SmallBoomConfig.plusArgs -include /opt/spechunter/chipyard-issue-715-repaired/sims/verilator/generated-src/chipyard.TestHarness.SmallBoomConfig/verilator.h -include /opt/spechunter/chipyard-issue-715-repaired/sims/verilator/generated-src/chipyard.TestHarness.SmallBoomConfig/chipyard.TestHarness.SmallBoomConfig.debug/VTestHarness.h  -DVL_THREADED -std=c++17 -Os -c -o VTestHarness___024root__DepSet_h30a6511e__30.o VTestHarness___024root__DepSet_h30a6511e__30.cpp
In file included from /opt/spechunter/chipyard-issue-715/.conda-env/share/verilator/include/verilated.h:35,
                 from /opt/spechunter/chipyard-issue-715/.conda-env/share/verilator/include/verilated_vcd_c.h:24,
                 from /opt/spechunter/chipyard-issue-715-repaired/sims/verilator/generated-src/chipyard.TestHarness.SmallBoomConfig/verilator.h:4,
                 from <command-line>:
/opt/spechunter/chipyard-issue-715/.conda-env/share/verilator/include/verilatedos.h:291: warning: "__STDC_FORMAT_MACROS" redefined
  291 | #define __STDC_FORMAT_MACROS
      | 
<command-line>: note: this is the location of the previous definition
/opt/spechunter/chipyard-issue-715/.conda-env/bin/x86_64-conda-linux-gnu-c++  -I.  -MMD -I/opt/spechunter/chipyard-issue-715/.conda-env/share/verilator/include -I/opt/spechunter/chipyard-issue-715/.conda-env/share/verilator/include/vltstd -DVM_COVERAGE=0 -DVM_SC=0 -DVM_TRACE=1 -DVM_TRACE_FST=0 -DVM_TRACE_VCD=1 -faligned-new -fcf-protection=none -Wno-bool-operation -Wno-sign-compare -Wno-uninitialized -Wno-unused-but-set-variable -Wno-unused-parameter -Wno-unused-variable -Wno-shadow     -O3 -std=c++11 -I/opt/spechunter/chipyard-issue-715/.conda-env/riscv-tools/include -I/opt/spechunter/chipyard-issue-715-repaired/tools/DRAMSim2 -I/opt/spechunter/chipyard-issue-715-repaired/sims/verilator/generated-src/chipyard.TestHarness.SmallBoomConfig    -D__STDC_FORMAT_MACROS -DTEST_HARNESS=VTestHarness -DVERILATOR -include /opt/spechunter/chipyard-issue-715-repaired/sims/verilator/generated-src/chipyard.TestHarness.SmallBoomConfig/chipyard.TestHarness.SmallBoomConfig.plusArgs -include /opt/spechunter/chipyard-issue-715-repaired/sims/verilator/generated-src/chipyard.TestHarness.SmallBoomConfig/verilator.h -include /opt/spechunter/chipyard-issue-715-repaired/sims/verilator/generated-src/chipyard.TestHarness.SmallBoomConfig/chipyard.TestHarness.SmallBoomConfig.debug/VTestHarness.h  -DVL_THREADED -std=c++17 -Os -c -o VTestHarness___024root__DepSet_h30a6511e__31.o VTestHarness___024root__DepSet_h30a6511e__31.cpp
In file included from /opt/spechunter/chipyard-issue-715/.conda-env/share/verilator/include/verilated.h:35,
                 from /opt/spechunter/chipyard-issue-715/.conda-env/share/verilator/include/verilated_vcd_c.h:24,
                 from /opt/spechunter/chipyard-issue-715-repaired/sims/verilator/generated-src/chipyard.TestHarness.SmallBoomConfig/verilator.h:4,
                 from <command-line>:
/opt/spechunter/chipyard-issue-715/.conda-env/share/verilator/include/verilatedos.h:291: warning: "__STDC_FORMAT_MACROS" redefined
  291 | #define __STDC_FORMAT_MACROS
      | 
<command-line>: note: this is the location of the previous definition
/opt/spechunter/chipyard-issue-715/.conda-env/bin/x86_64-conda-linux-gnu-c++  -I.  -MMD -I/opt/spechunter/chipyard-issue-715/.conda-env/share/verilator/include -I/opt/spechunter/chipyard-issue-715/.conda-env/share/verilator/include/vltstd -DVM_COVERAGE=0 -DVM_SC=0 -DVM_TRACE=1 -DVM_TRACE_FST=0 -DVM_TRACE_VCD=1 -faligned-new -fcf-protection=none -Wno-bool-operation -Wno-sign-compare -Wno-uninitialized -Wno-unused-but-set-variable -Wno-unused-parameter -Wno-unused-variable -Wno-shadow     -O3 -std=c++11 -I/opt/spechunter/chipyard-issue-715/.conda-env/riscv-tools/include -I/opt/spechunter/chipyard-issue-715-repaired/tools/DRAMSim2 -I/opt/spechunter/chipyard-issue-715-repaired/sims/verilator/generated-src/chipyard.TestHarness.SmallBoomConfig    -D__STDC_FORMAT_MACROS -DTEST_HARNESS=VTestHarness -DVERILATOR -include /opt/spechunter/chipyard-issue-715-repaired/sims/verilator/generated-src/chipyard.TestHarness.SmallBoomConfig/chipyard.TestHarness.SmallBoomConfig.plusArgs -include /opt/spechunter/chipyard-issue-715-repaired/sims/verilator/generated-src/chipyard.TestHarness.SmallBoomConfig/verilator.h -include /opt/spechunter/chipyard-issue-715-repaired/sims/verilator/generated-src/chipyard.TestHarness.SmallBoomConfig/chipyard.TestHarness.SmallBoomConfig.debug/VTestHarness.h  -DVL_THREADED -std=c++17 -Os -c -o VTestHarness___024root__DepSet_h30a6511e__32.o VTestHarness___024root__DepSet_h30a6511e__32.cpp
/opt/spechunter/chipyard-issue-715/.conda-env/bin/x86_64-conda-linux-gnu-c++  -I.  -MMD -I/opt/spechunter/chipyard-issue-715/.conda-env/share/verilator/include -I/opt/spechunter/chipyard-issue-715/.conda-env/share/verilator/include/vltstd -DVM_COVERAGE=0 -DVM_SC=0 -DVM_TRACE=1 -DVM_TRACE_FST=0 -DVM_TRACE_VCD=1 -faligned-new -fcf-protection=none -Wno-bool-operation -Wno-sign-compare -Wno-uninitialized -Wno-unused-but-set-variable -Wno-unused-parameter -Wno-unused-variable -Wno-shadow     -O3 -std=c++11 -I/opt/spechunter/chipyard-issue-715/.conda-env/riscv-tools/include -I/opt/spechunter/chipyard-issue-715-repaired/tools/DRAMSim2 -I/opt/spechunter/chipyard-issue-715-repaired/sims/verilator/generated-src/chipyard.TestHarness.SmallBoomConfig    -D__STDC_FORMAT_MACROS -DTEST_HARNESS=VTestHarness -DVERILATOR -include /opt/spechunter/chipyard-issue-715-repaired/sims/verilator/generated-src/chipyard.TestHarness.SmallBoomConfig/chipyard.TestHarness.SmallBoomConfig.plusArgs -include /opt/spechunter/chipyard-issue-715-repaired/sims/verilator/generated-src/chipyard.TestHarness.SmallBoomConfig/verilator.h -include /opt/spechunter/chipyard-issue-715-repaired/sims/verilator/generated-src/chipyard.TestHarness.SmallBoomConfig/chipyard.TestHarness.SmallBoomConfig.debug/VTestHarness.h  -DVL_THREADED -std=c++17 -Os -c -o VTestHarness___024root__DepSet_h30a6511e__33.o VTestHarness___024root__DepSet_h30a6511e__33.cpp
In file included from /opt/spechunter/chipyard-issue-715/.conda-env/share/verilator/include/verilated.h:35,
                 from /opt/spechunter/chipyard-issue-715/.conda-env/share/verilator/include/verilated_vcd_c.h:24,
                 from /opt/spechunter/chipyard-issue-715-repaired/sims/verilator/generated-src/chipyard.TestHarness.SmallBoomConfig/verilator.h:4,
                 from <command-line>:
/opt/spechunter/chipyard-issue-715/.conda-env/share/verilator/include/verilatedos.h:291: warning: "__STDC_FORMAT_MACROS" redefined
  291 | #define __STDC_FORMAT_MACROS
      | 
<command-line>: note: this is the location of the previous definition
In file included from /opt/spechunter/chipyard-issue-715/.conda-env/share/verilator/include/verilated.h:35,
                 from /opt/spechunter/chipyard-issue-715/.conda-env/share/verilator/include/verilated_vcd_c.h:24,
                 from /opt/spechunter/chipyard-issue-715-repaired/sims/verilator/generated-src/chipyard.TestHarness.SmallBoomConfig/verilator.h:4,
                 from <command-line>:
/opt/spechunter/chipyard-issue-715/.conda-env/share/verilator/include/verilatedos.h:291: warning: "__STDC_FORMAT_MACROS" redefined
  291 | #define __STDC_FORMAT_MACROS
      | 
<command-line>: note: this is the location of the previous definition
/opt/spechunter/chipyard-issue-715/.conda-env/bin/x86_64-conda-linux-gnu-c++  -I.  -MMD -I/opt/spechunter/chipyard-issue-715/.conda-env/share/verilator/include -I/opt/spechunter/chipyard-issue-715/.conda-env/share/verilator/include/vltstd -DVM_COVERAGE=0 -DVM_SC=0 -DVM_TRACE=1 -DVM_TRACE_FST=0 -DVM_TRACE_VCD=1 -faligned-new -fcf-protection=none -Wno-bool-operation -Wno-sign-compare -Wno-uninitialized -Wno-unused-but-set-variable -Wno-unused-parameter -Wno-unused-variable -Wno-shadow     -O3 -std=c++11 -I/opt/spechunter/chipyard-issue-715/.conda-env/riscv-tools/include -I/opt/spechunter/chipyard-issue-715-repaired/tools/DRAMSim2 -I/opt/spechunter/chipyard-issue-715-repaired/sims/verilator/generated-src/chipyard.TestHarness.SmallBoomConfig    -D__STDC_FORMAT_MACROS -DTEST_HARNESS=VTestHarness -DVERILATOR -include /opt/spechunter/chipyard-issue-715-repaired/sims/verilator/generated-src/chipyard.TestHarness.SmallBoomConfig/chipyard.TestHarness.SmallBoomConfig.plusArgs -include /opt/spechunter/chipyard-issue-715-repaired/sims/verilator/generated-src/chipyard.TestHarness.SmallBoomConfig/verilator.h -include /opt/spechunter/chipyard-issue-715-repaired/sims/verilator/generated-src/chipyard.TestHarness.SmallBoomConfig/chipyard.TestHarness.SmallBoomConfig.debug/VTestHarness.h  -DVL_THREADED -std=c++17 -Os -c -o VTestHarness___024root__DepSet_h30a6511e__34.o VTestHarness___024root__DepSet_h30a6511e__34.cpp
In file included from /opt/spechunter/chipyard-issue-715/.conda-env/share/verilator/include/verilated.h:35,
                 from /opt/spechunter/chipyard-issue-715/.conda-env/share/verilator/include/verilated_vcd_c.h:24,
                 from /opt/spechunter/chipyard-issue-715-repaired/sims/verilator/generated-src/chipyard.TestHarness.SmallBoomConfig/verilator.h:4,
                 from <command-line>:
/opt/spechunter/chipyard-issue-715/.conda-env/share/verilator/include/verilatedos.h:291: warning: "__STDC_FORMAT_MACROS" redefined
  291 | #define __STDC_FORMAT_MACROS
      | 
<command-line>: note: this is the location of the previous definition
/opt/spechunter/chipyard-issue-715/.conda-env/bin/x86_64-conda-linux-gnu-c++  -I.  -MMD -I/opt/spechunter/chipyard-issue-715/.conda-env/share/verilator/include -I/opt/spechunter/chipyard-issue-715/.conda-env/share/verilator/include/vltstd -DVM_COVERAGE=0 -DVM_SC=0 -DVM_TRACE=1 -DVM_TRACE_FST=0 -DVM_TRACE_VCD=1 -faligned-new -fcf-protection=none -Wno-bool-operation -Wno-sign-compare -Wno-uninitialized -Wno-unused-but-set-variable -Wno-unused-parameter -Wno-unused-variable -Wno-shadow     -O3 -std=c++11 -I/opt/spechunter/chipyard-issue-715/.conda-env/riscv-tools/include -I/opt/spechunter/chipyard-issue-715-repaired/tools/DRAMSim2 -I/opt/spechunter/chipyard-issue-715-repaired/sims/verilator/generated-src/chipyard.TestHarness.SmallBoomConfig    -D__STDC_FORMAT_MACROS -DTEST_HARNESS=VTestHarness -DVERILATOR -include /opt/spechunter/chipyard-issue-715-repaired/sims/verilator/generated-src/chipyard.TestHarness.SmallBoomConfig/chipyard.TestHarness.SmallBoomConfig.plusArgs -include /opt/spechunter/chipyard-issue-715-repaired/sims/verilator/generated-src/chipyard.TestHarness.SmallBoomConfig/verilator.h -include /opt/spechunter/chipyard-issue-715-repaired/sims/verilator/generated-src/chipyard.TestHarness.SmallBoomConfig/chipyard.TestHarness.SmallBoomConfig.debug/VTestHarness.h  -DVL_THREADED -std=c++17 -Os -c -o VTestHarness___024root__DepSet_h30a6511e__35.o VTestHarness___024root__DepSet_h30a6511e__35.cpp
In file included from /opt/spechunter/chipyard-issue-715/.conda-env/share/verilator/include/verilated.h:35,
                 from /opt/spechunter/chipyard-issue-715/.conda-env/share/verilator/include/verilated_vcd_c.h:24,
                 from /opt/spechunter/chipyard-issue-715-repaired/sims/verilator/generated-src/chipyard.TestHarness.SmallBoomConfig/verilator.h:4,
                 from <command-line>:
/opt/spechunter/chipyard-issue-715/.conda-env/share/verilator/include/verilatedos.h:291: warning: "__STDC_FORMAT_MACROS" redefined
  291 | #define __STDC_FORMAT_MACROS
      | 
<command-line>: note: this is the location of the previous definition
/opt/spechunter/chipyard-issue-715/.conda-env/bin/x86_64-conda-linux-gnu-c++  -I.  -MMD -I/opt/spechunter/chipyard-issue-715/.conda-env/share/verilator/include -I/opt/spechunter/chipyard-issue-715/.conda-env/share/verilator/include/vltstd -DVM_COVERAGE=0 -DVM_SC=0 -DVM_TRACE=1 -DVM_TRACE_FST=0 -DVM_TRACE_VCD=1 -faligned-new -fcf-protection=none -Wno-bool-operation -Wno-sign-compare -Wno-uninitialized -Wno-unused-but-set-variable -Wno-unused-parameter -Wno-unused-variable -Wno-shadow     -O3 -std=c++11 -I/opt/spechunter/chipyard-issue-715/.conda-env/riscv-tools/include -I/opt/spechunter/chipyard-issue-715-repaired/tools/DRAMSim2 -I/opt/spechunter/chipyard-issue-715-repaired/sims/verilator/generated-src/chipyard.TestHarness.SmallBoomConfig    -D__STDC_FORMAT_MACROS -DTEST_HARNESS=VTestHarness -DVERILATOR -include /opt/spechunter/chipyard-issue-715-repaired/sims/verilator/generated-src/chipyard.TestHarness.SmallBoomConfig/chipyard.TestHarness.SmallBoomConfig.plusArgs -include /opt/spechunter/chipyard-issue-715-repaired/sims/verilator/generated-src/chipyard.TestHarness.SmallBoomConfig/verilator.h -include /opt/spechunter/chipyard-issue-715-repaired/sims/verilator/generated-src/chipyard.TestHarness.SmallBoomConfig/chipyard.TestHarness.SmallBoomConfig.debug/VTestHarness.h  -DVL_THREADED -std=c++17 -Os -c -o VTestHarness___024root__DepSet_h30a6511e__36.o VTestHarness___024root__DepSet_h30a6511e__36.cpp
In file included from /opt/spechunter/chipyard-issue-715/.conda-env/share/verilator/include/verilated.h:35,
                 from /opt/spechunter/chipyard-issue-715/.conda-env/share/verilator/include/verilated_vcd_c.h:24,
                 from /opt/spechunter/chipyard-issue-715-repaired/sims/verilator/generated-src/chipyard.TestHarness.SmallBoomConfig/verilator.h:4,
                 from <command-line>:
/opt/spechunter/chipyard-issue-715/.conda-env/share/verilator/include/verilatedos.h:291: warning: "__STDC_FORMAT_MACROS" redefined
  291 | #define __STDC_FORMAT_MACROS
      | 
<command-line>: note: this is the location of the previous definition
/opt/spechunter/chipyard-issue-715/.conda-env/bin/x86_64-conda-linux-gnu-c++  -I.  -MMD -I/opt/spechunter/chipyard-issue-715/.conda-env/share/verilator/include -I/opt/spechunter/chipyard-issue-715/.conda-env/share/verilator/include/vltstd -DVM_COVERAGE=0 -DVM_SC=0 -DVM_TRACE=1 -DVM_TRACE_FST=0 -DVM_TRACE_VCD=1 -faligned-new -fcf-protection=none -Wno-bool-operation -Wno-sign-compare -Wno-uninitialized -Wno-unused-but-set-variable -Wno-unused-parameter -Wno-unused-variable -Wno-shadow     -O3 -std=c++11 -I/opt/spechunter/chipyard-issue-715/.conda-env/riscv-tools/include -I/opt/spechunter/chipyard-issue-715-repaired/tools/DRAMSim2 -I/opt/spechunter/chipyard-issue-715-repaired/sims/verilator/generated-src/chipyard.TestHarness.SmallBoomConfig    -D__STDC_FORMAT_MACROS -DTEST_HARNESS=VTestHarness -DVERILATOR -include /opt/spechunter/chipyard-issue-715-repaired/sims/verilator/generated-src/chipyard.TestHarness.SmallBoomConfig/chipyard.TestHarness.SmallBoomConfig.plusArgs -include /opt/spechunter/chipyard-issue-715-repaired/sims/verilator/generated-src/chipyard.TestHarness.SmallBoomConfig/verilator.h -include /opt/spechunter/chipyard-issue-715-repaired/sims/verilator/generated-src/chipyard.TestHarness.SmallBoomConfig/chipyard.TestHarness.SmallBoomConfig.debug/VTestHarness.h  -DVL_THREADED -std=c++17 -Os -c -o VTestHarness___024root__DepSet_h30a6511e__37.o VTestHarness___024root__DepSet_h30a6511e__37.cpp
In file included from /opt/spechunter/chipyard-issue-715/.conda-env/share/verilator/include/verilated.h:35,
                 from /opt/spechunter/chipyard-issue-715/.conda-env/share/verilator/include/verilated_vcd_c.h:24,
                 from /opt/spechunter/chipyard-issue-715-repaired/sims/verilator/generated-src/chipyard.TestHarness.SmallBoomConfig/verilator.h:4,
                 from <command-line>:
/opt/spechunter/chipyard-issue-715/.conda-env/share/verilator/include/verilatedos.h:291: warning: "__STDC_FORMAT_MACROS" redefined
  291 | #define __STDC_FORMAT_MACROS
      | 
<command-line>: note: this is the location of the previous definition
/opt/spechunter/chipyard-issue-715/.conda-env/bin/x86_64-conda-linux-gnu-c++  -I.  -MMD -I/opt/spechunter/chipyard-issue-715/.conda-env/share/verilator/include -I/opt/spechunter/chipyard-issue-715/.conda-env/share/verilator/include/vltstd -DVM_COVERAGE=0 -DVM_SC=0 -DVM_TRACE=1 -DVM_TRACE_FST=0 -DVM_TRACE_VCD=1 -faligned-new -fcf-protection=none -Wno-bool-operation -Wno-sign-compare -Wno-uninitialized -Wno-unused-but-set-variable -Wno-unused-parameter -Wno-unused-variable -Wno-shadow     -O3 -std=c++11 -I/opt/spechunter/chipyard-issue-715/.conda-env/riscv-tools/include -I/opt/spechunter/chipyard-issue-715-repaired/tools/DRAMSim2 -I/opt/spechunter/chipyard-issue-715-repaired/sims/verilator/generated-src/chipyard.TestHarness.SmallBoomConfig    -D__STDC_FORMAT_MACROS -DTEST_HARNESS=VTestHarness -DVERILATOR -include /opt/spechunter/chipyard-issue-715-repaired/sims/verilator/generated-src/chipyard.TestHarness.SmallBoomConfig/chipyard.TestHarness.SmallBoomConfig.plusArgs -include /opt/spechunter/chipyard-issue-715-repaired/sims/verilator/generated-src/chipyard.TestHarness.SmallBoomConfig/verilator.h -include /opt/spechunter/chipyard-issue-715-repaired/sims/verilator/generated-src/chipyard.TestHarness.SmallBoomConfig/chipyard.TestHarness.SmallBoomConfig.debug/VTestHarness.h  -DVL_THREADED -std=c++17 -Os -c -o VTestHarness___024root__DepSet_h30a6511e__38.o VTestHarness___024root__DepSet_h30a6511e__38.cpp
In file included from /opt/spechunter/chipyard-issue-715/.conda-env/share/verilator/include/verilated.h:35,
                 from /opt/spechunter/chipyard-issue-715/.conda-env/share/verilator/include/verilated_vcd_c.h:24,
                 from /opt/spechunter/chipyard-issue-715-repaired/sims/verilator/generated-src/chipyard.TestHarness.SmallBoomConfig/verilator.h:4,
                 from <command-line>:
/opt/spechunter/chipyard-issue-715/.conda-env/share/verilator/include/verilatedos.h:291: warning: "__STDC_FORMAT_MACROS" redefined
  291 | #define __STDC_FORMAT_MACROS
      | 
<command-line>: note: this is the location of the previous definition
/opt/spechunter/chipyard-issue-715/.conda-env/bin/x86_64-conda-linux-gnu-c++  -I.  -MMD -I/opt/spechunter/chipyard-issue-715/.conda-env/share/verilator/include -I/opt/spechunter/chipyard-issue-715/.conda-env/share/verilator/include/vltstd -DVM_COVERAGE=0 -DVM_SC=0 -DVM_TRACE=1 -DVM_TRACE_FST=0 -DVM_TRACE_VCD=1 -faligned-new -fcf-protection=none -Wno-bool-operation -Wno-sign-compare -Wno-uninitialized -Wno-unused-but-set-variable -Wno-unused-parameter -Wno-unused-variable -Wno-shadow     -O3 -std=c++11 -I/opt/spechunter/chipyard-issue-715/.conda-env/riscv-tools/include -I/opt/spechunter/chipyard-issue-715-repaired/tools/DRAMSim2 -I/opt/spechunter/chipyard-issue-715-repaired/sims/verilator/generated-src/chipyard.TestHarness.SmallBoomConfig    -D__STDC_FORMAT_MACROS -DTEST_HARNESS=VTestHarness -DVERILATOR -include /opt/spechunter/chipyard-issue-715-repaired/sims/verilator/generated-src/chipyard.TestHarness.SmallBoomConfig/chipyard.TestHarness.SmallBoomConfig.plusArgs -include /opt/spechunter/chipyard-issue-715-repaired/sims/verilator/generated-src/chipyard.TestHarness.SmallBoomConfig/verilator.h -include /opt/spechunter/chipyard-issue-715-repaired/sims/verilator/generated-src/chipyard.TestHarness.SmallBoomConfig/chipyard.TestHarness.SmallBoomConfig.debug/VTestHarness.h  -DVL_THREADED -std=c++17 -Os -c -o VTestHarness___024root__DepSet_h30a6511e__39.o VTestHarness___024root__DepSet_h30a6511e__39.cpp
In file included from /opt/spechunter/chipyard-issue-715/.conda-env/share/verilator/include/verilated.h:35,
                 from /opt/spechunter/chipyard-issue-715/.conda-env/share/verilator/include/verilated_vcd_c.h:24,
                 from /opt/spechunter/chipyard-issue-715-repaired/sims/verilator/generated-src/chipyard.TestHarness.SmallBoomConfig/verilator.h:4,
                 from <command-line>:
/opt/spechunter/chipyard-issue-715/.conda-env/share/verilator/include/verilatedos.h:291: warning: "__STDC_FORMAT_MACROS" redefined
  291 | #define __STDC_FORMAT_MACROS
      | 
<command-line>: note: this is the location of the previous definition
/opt/spechunter/chipyard-issue-715/.conda-env/bin/x86_64-conda-linux-gnu-c++  -I.  -MMD -I/opt/spechunter/chipyard-issue-715/.conda-env/share/verilator/include -I/opt/spechunter/chipyard-issue-715/.conda-env/share/verilator/include/vltstd -DVM_COVERAGE=0 -DVM_SC=0 -DVM_TRACE=1 -DVM_TRACE_FST=0 -DVM_TRACE_VCD=1 -faligned-new -fcf-protection=none -Wno-bool-operation -Wno-sign-compare -Wno-uninitialized -Wno-unused-but-set-variable -Wno-unused-parameter -Wno-unused-variable -Wno-shadow     -O3 -std=c++11 -I/opt/spechunter/chipyard-issue-715/.conda-env/riscv-tools/include -I/opt/spechunter/chipyard-issue-715-repaired/tools/DRAMSim2 -I/opt/spechunter/chipyard-issue-715-repaired/sims/verilator/generated-src/chipyard.TestHarness.SmallBoomConfig    -D__STDC_FORMAT_MACROS -DTEST_HARNESS=VTestHarness -DVERILATOR -include /opt/spechunter/chipyard-issue-715-repaired/sims/verilator/generated-src/chipyard.TestHarness.SmallBoomConfig/chipyard.TestHarness.SmallBoomConfig.plusArgs -include /opt/spechunter/chipyard-issue-715-repaired/sims/verilator/generated-src/chipyard.TestHarness.SmallBoomConfig/verilator.h -include /opt/spechunter/chipyard-issue-715-repaired/sims/verilator/generated-src/chipyard.TestHarness.SmallBoomConfig/chipyard.TestHarness.SmallBoomConfig.debug/VTestHarness.h  -DVL_THREADED -std=c++17 -Os -c -o VTestHarness___024root__DepSet_h30a6511e__40.o VTestHarness___024root__DepSet_h30a6511e__40.cpp
In file included from /opt/spechunter/chipyard-issue-715/.conda-env/share/verilator/include/verilated.h:35,
                 from /opt/spechunter/chipyard-issue-715/.conda-env/share/verilator/include/verilated_vcd_c.h:24,
                 from /opt/spechunter/chipyard-issue-715-repaired/sims/verilator/generated-src/chipyard.TestHarness.SmallBoomConfig/verilator.h:4,
                 from <command-line>:
/opt/spechunter/chipyard-issue-715/.conda-env/share/verilator/include/verilatedos.h:291: warning: "__STDC_FORMAT_MACROS" redefined
  291 | #define __STDC_FORMAT_MACROS
      | 
<command-line>: note: this is the location of the previous definition
/opt/spechunter/chipyard-issue-715/.conda-env/bin/x86_64-conda-linux-gnu-c++  -I.  -MMD -I/opt/spechunter/chipyard-issue-715/.conda-env/share/verilator/include -I/opt/spechunter/chipyard-issue-715/.conda-env/share/verilator/include/vltstd -DVM_COVERAGE=0 -DVM_SC=0 -DVM_TRACE=1 -DVM_TRACE_FST=0 -DVM_TRACE_VCD=1 -faligned-new -fcf-protection=none -Wno-bool-operation -Wno-sign-compare -Wno-uninitialized -Wno-unused-but-set-variable -Wno-unused-parameter -Wno-unused-variable -Wno-shadow     -O3 -std=c++11 -I/opt/spechunter/chipyard-issue-715/.conda-env/riscv-tools/include -I/opt/spechunter/chipyard-issue-715-repaired/tools/DRAMSim2 -I/opt/spechunter/chipyard-issue-715-repaired/sims/verilator/generated-src/chipyard.TestHarness.SmallBoomConfig    -D__STDC_FORMAT_MACROS -DTEST_HARNESS=VTestHarness -DVERILATOR -include /opt/spechunter/chipyard-issue-715-repaired/sims/verilator/generated-src/chipyard.TestHarness.SmallBoomConfig/chipyard.TestHarness.SmallBoomConfig.plusArgs -include /opt/spechunter/chipyard-issue-715-repaired/sims/verilator/generated-src/chipyard.TestHarness.SmallBoomConfig/verilator.h -include /opt/spechunter/chipyard-issue-715-repaired/sims/verilator/generated-src/chipyard.TestHarness.SmallBoomConfig/chipyard.TestHarness.SmallBoomConfig.debug/VTestHarness.h  -DVL_THREADED -std=c++17 -Os -c -o VTestHarness___024root__DepSet_h30a6511e__41.o VTestHarness___024root__DepSet_h30a6511e__41.cpp
In file included from /opt/spechunter/chipyard-issue-715/.conda-env/share/verilator/include/verilated.h:35,
                 from /opt/spechunter/chipyard-issue-715/.conda-env/share/verilator/include/verilated_vcd_c.h:24,
                 from /opt/spechunter/chipyard-issue-715-repaired/sims/verilator/generated-src/chipyard.TestHarness.SmallBoomConfig/verilator.h:4,
                 from <command-line>:
/opt/spechunter/chipyard-issue-715/.conda-env/share/verilator/include/verilatedos.h:291: warning: "__STDC_FORMAT_MACROS" redefined
  291 | #define __STDC_FORMAT_MACROS
      | 
<command-line>: note: this is the location of the previous definition
/opt/spechunter/chipyard-issue-715/.conda-env/bin/x86_64-conda-linux-gnu-c++  -I.  -MMD -I/opt/spechunter/chipyard-issue-715/.conda-env/share/verilator/include -I/opt/spechunter/chipyard-issue-715/.conda-env/share/verilator/include/vltstd -DVM_COVERAGE=0 -DVM_SC=0 -DVM_TRACE=1 -DVM_TRACE_FST=0 -DVM_TRACE_VCD=1 -faligned-new -fcf-protection=none -Wno-bool-operation -Wno-sign-compare -Wno-uninitialized -Wno-unused-but-set-variable -Wno-unused-parameter -Wno-unused-variable -Wno-shadow     -O3 -std=c++11 -I/opt/spechunter/chipyard-issue-715/.conda-env/riscv-tools/include -I/opt/spechunter/chipyard-issue-715-repaired/tools/DRAMSim2 -I/opt/spechunter/chipyard-issue-715-repaired/sims/verilator/generated-src/chipyard.TestHarness.SmallBoomConfig    -D__STDC_FORMAT_MACROS -DTEST_HARNESS=VTestHarness -DVERILATOR -include /opt/spechunter/chipyard-issue-715-repaired/sims/verilator/generated-src/chipyard.TestHarness.SmallBoomConfig/chipyard.TestHarness.SmallBoomConfig.plusArgs -include /opt/spechunter/chipyard-issue-715-repaired/sims/verilator/generated-src/chipyard.TestHarness.SmallBoomConfig/verilator.h -include /opt/spechunter/chipyard-issue-715-repaired/sims/verilator/generated-src/chipyard.TestHarness.SmallBoomConfig/chipyard.TestHarness.SmallBoomConfig.debug/VTestHarness.h  -DVL_THREADED -std=c++17 -Os -c -o VTestHarness___024root__DepSet_h30a6511e__42.o VTestHarness___024root__DepSet_h30a6511e__42.cpp
In file included from /opt/spechunter/chipyard-issue-715/.conda-env/share/verilator/include/verilated.h:35,
                 from /opt/spechunter/chipyard-issue-715/.conda-env/share/verilator/include/verilated_vcd_c.h:24,
                 from /opt/spechunter/chipyard-issue-715-repaired/sims/verilator/generated-src/chipyard.TestHarness.SmallBoomConfig/verilator.h:4,
                 from <command-line>:
/opt/spechunter/chipyard-issue-715/.conda-env/share/verilator/include/verilatedos.h:291: warning: "__STDC_FORMAT_MACROS" redefined
  291 | #define __STDC_FORMAT_MACROS
      | 
<command-line>: note: this is the location of the previous definition
/opt/spechunter/chipyard-issue-715/.conda-env/bin/x86_64-conda-linux-gnu-c++  -I.  -MMD -I/opt/spechunter/chipyard-issue-715/.conda-env/share/verilator/include -I/opt/spechunter/chipyard-issue-715/.conda-env/share/verilator/include/vltstd -DVM_COVERAGE=0 -DVM_SC=0 -DVM_TRACE=1 -DVM_TRACE_FST=0 -DVM_TRACE_VCD=1 -faligned-new -fcf-protection=none -Wno-bool-operation -Wno-sign-compare -Wno-uninitialized -Wno-unused-but-set-variable -Wno-unused-parameter -Wno-unused-variable -Wno-shadow     -O3 -std=c++11 -I/opt/spechunter/chipyard-issue-715/.conda-env/riscv-tools/include -I/opt/spechunter/chipyard-issue-715-repaired/tools/DRAMSim2 -I/opt/spechunter/chipyard-issue-715-repaired/sims/verilator/generated-src/chipyard.TestHarness.SmallBoomConfig    -D__STDC_FORMAT_MACROS -DTEST_HARNESS=VTestHarness -DVERILATOR -include /opt/spechunter/chipyard-issue-715-repaired/sims/verilator/generated-src/chipyard.TestHarness.SmallBoomConfig/chipyard.TestHarness.SmallBoomConfig.plusArgs -include /opt/spechunter/chipyard-issue-715-repaired/sims/verilator/generated-src/chipyard.TestHarness.SmallBoomConfig/verilator.h -include /opt/spechunter/chipyard-issue-715-repaired/sims/verilator/generated-src/chipyard.TestHarness.SmallBoomConfig/chipyard.TestHarness.SmallBoomConfig.debug/VTestHarness.h  -DVL_THREADED -std=c++17 -Os -c -o VTestHarness___024root__DepSet_h30a6511e__43.o VTestHarness___024root__DepSet_h30a6511e__43.cpp
In file included from /opt/spechunter/chipyard-issue-715/.conda-env/share/verilator/include/verilated.h:35,
                 from /opt/spechunter/chipyard-issue-715/.conda-env/share/verilator/include/verilated_vcd_c.h:24,
                 from /opt/spechunter/chipyard-issue-715-repaired/sims/verilator/generated-src/chipyard.TestHarness.SmallBoomConfig/verilator.h:4,
                 from <command-line>:
/opt/spechunter/chipyard-issue-715/.conda-env/share/verilator/include/verilatedos.h:291: warning: "__STDC_FORMAT_MACROS" redefined
  291 | #define __STDC_FORMAT_MACROS
      | 
<command-line>: note: this is the location of the previous definition
/opt/spechunter/chipyard-issue-715/.conda-env/bin/x86_64-conda-linux-gnu-c++  -I.  -MMD -I/opt/spechunter/chipyard-issue-715/.conda-env/share/verilator/include -I/opt/spechunter/chipyard-issue-715/.conda-env/share/verilator/include/vltstd -DVM_COVERAGE=0 -DVM_SC=0 -DVM_TRACE=1 -DVM_TRACE_FST=0 -DVM_TRACE_VCD=1 -faligned-new -fcf-protection=none -Wno-bool-operation -Wno-sign-compare -Wno-uninitialized -Wno-unused-but-set-variable -Wno-unused-parameter -Wno-unused-variable -Wno-shadow     -O3 -std=c++11 -I/opt/spechunter/chipyard-issue-715/.conda-env/riscv-tools/include -I/opt/spechunter/chipyard-issue-715-repaired/tools/DRAMSim2 -I/opt/spechunter/chipyard-issue-715-repaired/sims/verilator/generated-src/chipyard.TestHarness.SmallBoomConfig    -D__STDC_FORMAT_MACROS -DTEST_HARNESS=VTestHarness -DVERILATOR -include /opt/spechunter/chipyard-issue-715-repaired/sims/verilator/generated-src/chipyard.TestHarness.SmallBoomConfig/chipyard.TestHarness.SmallBoomConfig.plusArgs -include /opt/spechunter/chipyard-issue-715-repaired/sims/verilator/generated-src/chipyard.TestHarness.SmallBoomConfig/verilator.h -include /opt/spechunter/chipyard-issue-715-repaired/sims/verilator/generated-src/chipyard.TestHarness.SmallBoomConfig/chipyard.TestHarness.SmallBoomConfig.debug/VTestHarness.h  -DVL_THREADED -std=c++17 -Os -c -o VTestHarness___024root__DepSet_h30a6511e__44.o VTestHarness___024root__DepSet_h30a6511e__44.cpp
In file included from /opt/spechunter/chipyard-issue-715/.conda-env/share/verilator/include/verilated.h:35,
                 from /opt/spechunter/chipyard-issue-715/.conda-env/share/verilator/include/verilated_vcd_c.h:24,
                 from /opt/spechunter/chipyard-issue-715-repaired/sims/verilator/generated-src/chipyard.TestHarness.SmallBoomConfig/verilator.h:4,
                 from <command-line>:
/opt/spechunter/chipyard-issue-715/.conda-env/share/verilator/include/verilatedos.h:291: warning: "__STDC_FORMAT_MACROS" redefined
  291 | #define __STDC_FORMAT_MACROS
      | 
<command-line>: note: this is the location of the previous definition
/opt/spechunter/chipyard-issue-715/.conda-env/bin/x86_64-conda-linux-gnu-c++  -I.  -MMD -I/opt/spechunter/chipyard-issue-715/.conda-env/share/verilator/include -I/opt/spechunter/chipyard-issue-715/.conda-env/share/verilator/include/vltstd -DVM_COVERAGE=0 -DVM_SC=0 -DVM_TRACE=1 -DVM_TRACE_FST=0 -DVM_TRACE_VCD=1 -faligned-new -fcf-protection=none -Wno-bool-operation -Wno-sign-compare -Wno-uninitialized -Wno-unused-but-set-variable -Wno-unused-parameter -Wno-unused-variable -Wno-shadow     -O3 -std=c++11 -I/opt/spechunter/chipyard-issue-715/.conda-env/riscv-tools/include -I/opt/spechunter/chipyard-issue-715-repaired/tools/DRAMSim2 -I/opt/spechunter/chipyard-issue-715-repaired/sims/verilator/generated-src/chipyard.TestHarness.SmallBoomConfig    -D__STDC_FORMAT_MACROS -DTEST_HARNESS=VTestHarness -DVERILATOR -include /opt/spechunter/chipyard-issue-715-repaired/sims/verilator/generated-src/chipyard.TestHarness.SmallBoomConfig/chipyard.TestHarness.SmallBoomConfig.plusArgs -include /opt/spechunter/chipyard-issue-715-repaired/sims/verilator/generated-src/chipyard.TestHarness.SmallBoomConfig/verilator.h -include /opt/spechunter/chipyard-issue-715-repaired/sims/verilator/generated-src/chipyard.TestHarness.SmallBoomConfig/chipyard.TestHarness.SmallBoomConfig.debug/VTestHarness.h  -DVL_THREADED -std=c++17 -Os -c -o VTestHarness___024root__DepSet_h30a6511e__45.o VTestHarness___024root__DepSet_h30a6511e__45.cpp
In file included from /opt/spechunter/chipyard-issue-715/.conda-env/share/verilator/include/verilated.h:35,
                 from /opt/spechunter/chipyard-issue-715/.conda-env/share/verilator/include/verilated_vcd_c.h:24,
                 from /opt/spechunter/chipyard-issue-715-repaired/sims/verilator/generated-src/chipyard.TestHarness.SmallBoomConfig/verilator.h:4,
                 from <command-line>:
/opt/spechunter/chipyard-issue-715/.conda-env/share/verilator/include/verilatedos.h:291: warning: "__STDC_FORMAT_MACROS" redefined
  291 | #define __STDC_FORMAT_MACROS
      | 
<command-line>: note: this is the location of the previous definition
/opt/spechunter/chipyard-issue-715/.conda-env/bin/x86_64-conda-linux-gnu-c++  -I.  -MMD -I/opt/spechunter/chipyard-issue-715/.conda-env/share/verilator/include -I/opt/spechunter/chipyard-issue-715/.conda-env/share/verilator/include/vltstd -DVM_COVERAGE=0 -DVM_SC=0 -DVM_TRACE=1 -DVM_TRACE_FST=0 -DVM_TRACE_VCD=1 -faligned-new -fcf-protection=none -Wno-bool-operation -Wno-sign-compare -Wno-uninitialized -Wno-unused-but-set-variable -Wno-unused-parameter -Wno-unused-variable -Wno-shadow     -O3 -std=c++11 -I/opt/spechunter/chipyard-issue-715/.conda-env/riscv-tools/include -I/opt/spechunter/chipyard-issue-715-repaired/tools/DRAMSim2 -I/opt/spechunter/chipyard-issue-715-repaired/sims/verilator/generated-src/chipyard.TestHarness.SmallBoomConfig    -D__STDC_FORMAT_MACROS -DTEST_HARNESS=VTestHarness -DVERILATOR -include /opt/spechunter/chipyard-issue-715-repaired/sims/verilator/generated-src/chipyard.TestHarness.SmallBoomConfig/chipyard.TestHarness.SmallBoomConfig.plusArgs -include /opt/spechunter/chipyard-issue-715-repaired/sims/verilator/generated-src/chipyard.TestHarness.SmallBoomConfig/verilator.h -include /opt/spechunter/chipyard-issue-715-repaired/sims/verilator/generated-src/chipyard.TestHarness.SmallBoomConfig/chipyard.TestHarness.SmallBoomConfig.debug/VTestHarness.h  -DVL_THREADED -std=c++17 -Os -c -o VTestHarness___024root__DepSet_h30a6511e__46.o VTestHarness___024root__DepSet_h30a6511e__46.cpp
In file included from /opt/spechunter/chipyard-issue-715/.conda-env/share/verilator/include/verilated.h:35,
                 from /opt/spechunter/chipyard-issue-715/.conda-env/share/verilator/include/verilated_vcd_c.h:24,
                 from /opt/spechunter/chipyard-issue-715-repaired/sims/verilator/generated-src/chipyard.TestHarness.SmallBoomConfig/verilator.h:4,
                 from <command-line>:
/opt/spechunter/chipyard-issue-715/.conda-env/share/verilator/include/verilatedos.h:291: warning: "__STDC_FORMAT_MACROS" redefined
  291 | #define __STDC_FORMAT_MACROS
      | 
<command-line>: note: this is the location of the previous definition
/opt/spechunter/chipyard-issue-715/.conda-env/bin/x86_64-conda-linux-gnu-c++  -I.  -MMD -I/opt/spechunter/chipyard-issue-715/.conda-env/share/verilator/include -I/opt/spechunter/chipyard-issue-715/.conda-env/share/verilator/include/vltstd -DVM_COVERAGE=0 -DVM_SC=0 -DVM_TRACE=1 -DVM_TRACE_FST=0 -DVM_TRACE_VCD=1 -faligned-new -fcf-protection=none -Wno-bool-operation -Wno-sign-compare -Wno-uninitialized -Wno-unused-but-set-variable -Wno-unused-parameter -Wno-unused-variable -Wno-shadow     -O3 -std=c++11 -I/opt/spechunter/chipyard-issue-715/.conda-env/riscv-tools/include -I/opt/spechunter/chipyard-issue-715-repaired/tools/DRAMSim2 -I/opt/spechunter/chipyard-issue-715-repaired/sims/verilator/generated-src/chipyard.TestHarness.SmallBoomConfig    -D__STDC_FORMAT_MACROS -DTEST_HARNESS=VTestHarness -DVERILATOR -include /opt/spechunter/chipyard-issue-715-repaired/sims/verilator/generated-src/chipyard.TestHarness.SmallBoomConfig/chipyard.TestHarness.SmallBoomConfig.plusArgs -include /opt/spechunter/chipyard-issue-715-repaired/sims/verilator/generated-src/chipyard.TestHarness.SmallBoomConfig/verilator.h -include /opt/spechunter/chipyard-issue-715-repaired/sims/verilator/generated-src/chipyard.TestHarness.SmallBoomConfig/chipyard.TestHarness.SmallBoomConfig.debug/VTestHarness.h  -DVL_THREADED -std=c++17 -Os -c -o VTestHarness___024root__DepSet_h30a6511e__47.o VTestHarness___024root__DepSet_h30a6511e__47.cpp
In file included from /opt/spechunter/chipyard-issue-715/.conda-env/share/verilator/include/verilated.h:35,
                 from /opt/spechunter/chipyard-issue-715/.conda-env/share/verilator/include/verilated_vcd_c.h:24,
                 from /opt/spechunter/chipyard-issue-715-repaired/sims/verilator/generated-src/chipyard.TestHarness.SmallBoomConfig/verilator.h:4,
                 from <command-line>:
/opt/spechunter/chipyard-issue-715/.conda-env/share/verilator/include/verilatedos.h:291: warning: "__STDC_FORMAT_MACROS" redefined
  291 | #define __STDC_FORMAT_MACROS
      | 
<command-line>: note: this is the location of the previous definition
/opt/spechunter/chipyard-issue-715/.conda-env/bin/x86_64-conda-linux-gnu-c++  -I.  -MMD -I/opt/spechunter/chipyard-issue-715/.conda-env/share/verilator/include -I/opt/spechunter/chipyard-issue-715/.conda-env/share/verilator/include/vltstd -DVM_COVERAGE=0 -DVM_SC=0 -DVM_TRACE=1 -DVM_TRACE_FST=0 -DVM_TRACE_VCD=1 -faligned-new -fcf-protection=none -Wno-bool-operation -Wno-sign-compare -Wno-uninitialized -Wno-unused-but-set-variable -Wno-unused-parameter -Wno-unused-variable -Wno-shadow     -O3 -std=c++11 -I/opt/spechunter/chipyard-issue-715/.conda-env/riscv-tools/include -I/opt/spechunter/chipyard-issue-715-repaired/tools/DRAMSim2 -I/opt/spechunter/chipyard-issue-715-repaired/sims/verilator/generated-src/chipyard.TestHarness.SmallBoomConfig    -D__STDC_FORMAT_MACROS -DTEST_HARNESS=VTestHarness -DVERILATOR -include /opt/spechunter/chipyard-issue-715-repaired/sims/verilator/generated-src/chipyard.TestHarness.SmallBoomConfig/chipyard.TestHarness.SmallBoomConfig.plusArgs -include /opt/spechunter/chipyard-issue-715-repaired/sims/verilator/generated-src/chipyard.TestHarness.SmallBoomConfig/verilator.h -include /opt/spechunter/chipyard-issue-715-repaired/sims/verilator/generated-src/chipyard.TestHarness.SmallBoomConfig/chipyard.TestHarness.SmallBoomConfig.debug/VTestHarness.h  -DVL_THREADED -std=c++17 -Os -c -o VTestHarness___024root__DepSet_h30a6511e__48.o VTestHarness___024root__DepSet_h30a6511e__48.cpp
In file included from /opt/spechunter/chipyard-issue-715/.conda-env/share/verilator/include/verilated.h:35,
                 from /opt/spechunter/chipyard-issue-715/.conda-env/share/verilator/include/verilated_vcd_c.h:24,
                 from /opt/spechunter/chipyard-issue-715-repaired/sims/verilator/generated-src/chipyard.TestHarness.SmallBoomConfig/verilator.h:4,
                 from <command-line>:
/opt/spechunter/chipyard-issue-715/.conda-env/share/verilator/include/verilatedos.h:291: warning: "__STDC_FORMAT_MACROS" redefined
  291 | #define __STDC_FORMAT_MACROS
      | 
<command-line>: note: this is the location of the previous definition
/opt/spechunter/chipyard-issue-715/.conda-env/bin/x86_64-conda-linux-gnu-c++  -I.  -MMD -I/opt/spechunter/chipyard-issue-715/.conda-env/share/verilator/include -I/opt/spechunter/chipyard-issue-715/.conda-env/share/verilator/include/vltstd -DVM_COVERAGE=0 -DVM_SC=0 -DVM_TRACE=1 -DVM_TRACE_FST=0 -DVM_TRACE_VCD=1 -faligned-new -fcf-protection=none -Wno-bool-operation -Wno-sign-compare -Wno-uninitialized -Wno-unused-but-set-variable -Wno-unused-parameter -Wno-unused-variable -Wno-shadow     -O3 -std=c++11 -I/opt/spechunter/chipyard-issue-715/.conda-env/riscv-tools/include -I/opt/spechunter/chipyard-issue-715-repaired/tools/DRAMSim2 -I/opt/spechunter/chipyard-issue-715-repaired/sims/verilator/generated-src/chipyard.TestHarness.SmallBoomConfig    -D__STDC_FORMAT_MACROS -DTEST_HARNESS=VTestHarness -DVERILATOR -include /opt/spechunter/chipyard-issue-715-repaired/sims/verilator/generated-src/chipyard.TestHarness.SmallBoomConfig/chipyard.TestHarness.SmallBoomConfig.plusArgs -include /opt/spechunter/chipyard-issue-715-repaired/sims/verilator/generated-src/chipyard.TestHarness.SmallBoomConfig/verilator.h -include /opt/spechunter/chipyard-issue-715-repaired/sims/verilator/generated-src/chipyard.TestHarness.SmallBoomConfig/chipyard.TestHarness.SmallBoomConfig.debug/VTestHarness.h  -DVL_THREADED -std=c++17 -Os -c -o VTestHarness___024root__DepSet_h30a6511e__49.o VTestHarness___024root__DepSet_h30a6511e__49.cpp
In file included from /opt/spechunter/chipyard-issue-715/.conda-env/share/verilator/include/verilated.h:35,
                 from /opt/spechunter/chipyard-issue-715/.conda-env/share/verilator/include/verilated_vcd_c.h:24,
                 from /opt/spechunter/chipyard-issue-715-repaired/sims/verilator/generated-src/chipyard.TestHarness.SmallBoomConfig/verilator.h:4,
                 from <command-line>:
/opt/spechunter/chipyard-issue-715/.conda-env/share/verilator/include/verilatedos.h:291: warning: "__STDC_FORMAT_MACROS" redefined
  291 | #define __STDC_FORMAT_MACROS
      | 
<command-line>: note: this is the location of the previous definition
/opt/spechunter/chipyard-issue-715/.conda-env/bin/x86_64-conda-linux-gnu-c++  -I.  -MMD -I/opt/spechunter/chipyard-issue-715/.conda-env/share/verilator/include -I/opt/spechunter/chipyard-issue-715/.conda-env/share/verilator/include/vltstd -DVM_COVERAGE=0 -DVM_SC=0 -DVM_TRACE=1 -DVM_TRACE_FST=0 -DVM_TRACE_VCD=1 -faligned-new -fcf-protection=none -Wno-bool-operation -Wno-sign-compare -Wno-uninitialized -Wno-unused-but-set-variable -Wno-unused-parameter -Wno-unused-variable -Wno-shadow     -O3 -std=c++11 -I/opt/spechunter/chipyard-issue-715/.conda-env/riscv-tools/include -I/opt/spechunter/chipyard-issue-715-repaired/tools/DRAMSim2 -I/opt/spechunter/chipyard-issue-715-repaired/sims/verilator/generated-src/chipyard.TestHarness.SmallBoomConfig    -D__STDC_FORMAT_MACROS -DTEST_HARNESS=VTestHarness -DVERILATOR -include /opt/spechunter/chipyard-issue-715-repaired/sims/verilator/generated-src/chipyard.TestHarness.SmallBoomConfig/chipyard.TestHarness.SmallBoomConfig.plusArgs -include /opt/spechunter/chipyard-issue-715-repaired/sims/verilator/generated-src/chipyard.TestHarness.SmallBoomConfig/verilator.h -include /opt/spechunter/chipyard-issue-715-repaired/sims/verilator/generated-src/chipyard.TestHarness.SmallBoomConfig/chipyard.TestHarness.SmallBoomConfig.debug/VTestHarness.h  -DVL_THREADED -std=c++17 -Os -c -o VTestHarness___024root__DepSet_h30a6511e__50.o VTestHarness___024root__DepSet_h30a6511e__50.cpp
In file included from /opt/spechunter/chipyard-issue-715/.conda-env/share/verilator/include/verilated.h:35,
                 from /opt/spechunter/chipyard-issue-715/.conda-env/share/verilator/include/verilated_vcd_c.h:24,
                 from /opt/spechunter/chipyard-issue-715-repaired/sims/verilator/generated-src/chipyard.TestHarness.SmallBoomConfig/verilator.h:4,
                 from <command-line>:
/opt/spechunter/chipyard-issue-715/.conda-env/share/verilator/include/verilatedos.h:291: warning: "__STDC_FORMAT_MACROS" redefined
  291 | #define __STDC_FORMAT_MACROS
      | 
<command-line>: note: this is the location of the previous definition
/opt/spechunter/chipyard-issue-715/.conda-env/bin/x86_64-conda-linux-gnu-c++  -I.  -MMD -I/opt/spechunter/chipyard-issue-715/.conda-env/share/verilator/include -I/opt/spechunter/chipyard-issue-715/.conda-env/share/verilator/include/vltstd -DVM_COVERAGE=0 -DVM_SC=0 -DVM_TRACE=1 -DVM_TRACE_FST=0 -DVM_TRACE_VCD=1 -faligned-new -fcf-protection=none -Wno-bool-operation -Wno-sign-compare -Wno-uninitialized -Wno-unused-but-set-variable -Wno-unused-parameter -Wno-unused-variable -Wno-shadow     -O3 -std=c++11 -I/opt/spechunter/chipyard-issue-715/.conda-env/riscv-tools/include -I/opt/spechunter/chipyard-issue-715-repaired/tools/DRAMSim2 -I/opt/spechunter/chipyard-issue-715-repaired/sims/verilator/generated-src/chipyard.TestHarness.SmallBoomConfig    -D__STDC_FORMAT_MACROS -DTEST_HARNESS=VTestHarness -DVERILATOR -include /opt/spechunter/chipyard-issue-715-repaired/sims/verilator/generated-src/chipyard.TestHarness.SmallBoomConfig/chipyard.TestHarness.SmallBoomConfig.plusArgs -include /opt/spechunter/chipyard-issue-715-repaired/sims/verilator/generated-src/chipyard.TestHarness.SmallBoomConfig/verilator.h -include /opt/spechunter/chipyard-issue-715-repaired/sims/verilator/generated-src/chipyard.TestHarness.SmallBoomConfig/chipyard.TestHarness.SmallBoomConfig.debug/VTestHarness.h  -DVL_THREADED -std=c++17 -Os -c -o VTestHarness___024root__DepSet_h30a6511e__51.o VTestHarness___024root__DepSet_h30a6511e__51.cpp
In file included from /opt/spechunter/chipyard-issue-715/.conda-env/share/verilator/include/verilated.h:35,
                 from /opt/spechunter/chipyard-issue-715/.conda-env/share/verilator/include/verilated_vcd_c.h:24,
                 from /opt/spechunter/chipyard-issue-715-repaired/sims/verilator/generated-src/chipyard.TestHarness.SmallBoomConfig/verilator.h:4,
                 from <command-line>:
/opt/spechunter/chipyard-issue-715/.conda-env/share/verilator/include/verilatedos.h:291: warning: "__STDC_FORMAT_MACROS" redefined
  291 | #define __STDC_FORMAT_MACROS
      | 
<command-line>: note: this is the location of the previous definition
/opt/spechunter/chipyard-issue-715/.conda-env/bin/x86_64-conda-linux-gnu-c++  -I.  -MMD -I/opt/spechunter/chipyard-issue-715/.conda-env/share/verilator/include -I/opt/spechunter/chipyard-issue-715/.conda-env/share/verilator/include/vltstd -DVM_COVERAGE=0 -DVM_SC=0 -DVM_TRACE=1 -DVM_TRACE_FST=0 -DVM_TRACE_VCD=1 -faligned-new -fcf-protection=none -Wno-bool-operation -Wno-sign-compare -Wno-uninitialized -Wno-unused-but-set-variable -Wno-unused-parameter -Wno-unused-variable -Wno-shadow     -O3 -std=c++11 -I/opt/spechunter/chipyard-issue-715/.conda-env/riscv-tools/include -I/opt/spechunter/chipyard-issue-715-repaired/tools/DRAMSim2 -I/opt/spechunter/chipyard-issue-715-repaired/sims/verilator/generated-src/chipyard.TestHarness.SmallBoomConfig    -D__STDC_FORMAT_MACROS -DTEST_HARNESS=VTestHarness -DVERILATOR -include /opt/spechunter/chipyard-issue-715-repaired/sims/verilator/generated-src/chipyard.TestHarness.SmallBoomConfig/chipyard.TestHarness.SmallBoomConfig.plusArgs -include /opt/spechunter/chipyard-issue-715-repaired/sims/verilator/generated-src/chipyard.TestHarness.SmallBoomConfig/verilator.h -include /opt/spechunter/chipyard-issue-715-repaired/sims/verilator/generated-src/chipyard.TestHarness.SmallBoomConfig/chipyard.TestHarness.SmallBoomConfig.debug/VTestHarness.h  -DVL_THREADED -std=c++17 -Os -c -o VTestHarness___024root__DepSet_h30a6511e__52.o VTestHarness___024root__DepSet_h30a6511e__52.cpp
In file included from /opt/spechunter/chipyard-issue-715/.conda-env/share/verilator/include/verilated.h:35,
                 from /opt/spechunter/chipyard-issue-715/.conda-env/share/verilator/include/verilated_vcd_c.h:24,
                 from /opt/spechunter/chipyard-issue-715-repaired/sims/verilator/generated-src/chipyard.TestHarness.SmallBoomConfig/verilator.h:4,
                 from <command-line>:
/opt/spechunter/chipyard-issue-715/.conda-env/share/verilator/include/verilatedos.h:291: warning: "__STDC_FORMAT_MACROS" redefined
  291 | #define __STDC_FORMAT_MACROS
      | 
<command-line>: note: this is the location of the previous definition
/opt/spechunter/chipyard-issue-715/.conda-env/bin/x86_64-conda-linux-gnu-c++  -I.  -MMD -I/opt/spechunter/chipyard-issue-715/.conda-env/share/verilator/include -I/opt/spechunter/chipyard-issue-715/.conda-env/share/verilator/include/vltstd -DVM_COVERAGE=0 -DVM_SC=0 -DVM_TRACE=1 -DVM_TRACE_FST=0 -DVM_TRACE_VCD=1 -faligned-new -fcf-protection=none -Wno-bool-operation -Wno-sign-compare -Wno-uninitialized -Wno-unused-but-set-variable -Wno-unused-parameter -Wno-unused-variable -Wno-shadow     -O3 -std=c++11 -I/opt/spechunter/chipyard-issue-715/.conda-env/riscv-tools/include -I/opt/spechunter/chipyard-issue-715-repaired/tools/DRAMSim2 -I/opt/spechunter/chipyard-issue-715-repaired/sims/verilator/generated-src/chipyard.TestHarness.SmallBoomConfig    -D__STDC_FORMAT_MACROS -DTEST_HARNESS=VTestHarness -DVERILATOR -include /opt/spechunter/chipyard-issue-715-repaired/sims/verilator/generated-src/chipyard.TestHarness.SmallBoomConfig/chipyard.TestHarness.SmallBoomConfig.plusArgs -include /opt/spechunter/chipyard-issue-715-repaired/sims/verilator/generated-src/chipyard.TestHarness.SmallBoomConfig/verilator.h -include /opt/spechunter/chipyard-issue-715-repaired/sims/verilator/generated-src/chipyard.TestHarness.SmallBoomConfig/chipyard.TestHarness.SmallBoomConfig.debug/VTestHarness.h  -DVL_THREADED -std=c++17 -Os -c -o VTestHarness___024root__DepSet_h30a6511e__53.o VTestHarness___024root__DepSet_h30a6511e__53.cpp
In file included from /opt/spechunter/chipyard-issue-715/.conda-env/share/verilator/include/verilated.h:35,
                 from /opt/spechunter/chipyard-issue-715/.conda-env/share/verilator/include/verilated_vcd_c.h:24,
                 from /opt/spechunter/chipyard-issue-715-repaired/sims/verilator/generated-src/chipyard.TestHarness.SmallBoomConfig/verilator.h:4,
                 from <command-line>:
/opt/spechunter/chipyard-issue-715/.conda-env/share/verilator/include/verilatedos.h:291: warning: "__STDC_FORMAT_MACROS" redefined
  291 | #define __STDC_FORMAT_MACROS
      | 
<command-line>: note: this is the location of the previous definition
/opt/spechunter/chipyard-issue-715/.conda-env/bin/x86_64-conda-linux-gnu-c++  -I.  -MMD -I/opt/spechunter/chipyard-issue-715/.conda-env/share/verilator/include -I/opt/spechunter/chipyard-issue-715/.conda-env/share/verilator/include/vltstd -DVM_COVERAGE=0 -DVM_SC=0 -DVM_TRACE=1 -DVM_TRACE_FST=0 -DVM_TRACE_VCD=1 -faligned-new -fcf-protection=none -Wno-bool-operation -Wno-sign-compare -Wno-uninitialized -Wno-unused-but-set-variable -Wno-unused-parameter -Wno-unused-variable -Wno-shadow     -O3 -std=c++11 -I/opt/spechunter/chipyard-issue-715/.conda-env/riscv-tools/include -I/opt/spechunter/chipyard-issue-715-repaired/tools/DRAMSim2 -I/opt/spechunter/chipyard-issue-715-repaired/sims/verilator/generated-src/chipyard.TestHarness.SmallBoomConfig    -D__STDC_FORMAT_MACROS -DTEST_HARNESS=VTestHarness -DVERILATOR -include /opt/spechunter/chipyard-issue-715-repaired/sims/verilator/generated-src/chipyard.TestHarness.SmallBoomConfig/chipyard.TestHarness.SmallBoomConfig.plusArgs -include /opt/spechunter/chipyard-issue-715-repaired/sims/verilator/generated-src/chipyard.TestHarness.SmallBoomConfig/verilator.h -include /opt/spechunter/chipyard-issue-715-repaired/sims/verilator/generated-src/chipyard.TestHarness.SmallBoomConfig/chipyard.TestHarness.SmallBoomConfig.debug/VTestHarness.h  -DVL_THREADED -std=c++17 -Os -c -o VTestHarness___024root__DepSet_h30a6511e__54.o VTestHarness___024root__DepSet_h30a6511e__54.cpp
In file included from /opt/spechunter/chipyard-issue-715/.conda-env/share/verilator/include/verilated.h:35,
                 from /opt/spechunter/chipyard-issue-715/.conda-env/share/verilator/include/verilated_vcd_c.h:24,
                 from /opt/spechunter/chipyard-issue-715-repaired/sims/verilator/generated-src/chipyard.TestHarness.SmallBoomConfig/verilator.h:4,
                 from <command-line>:
/opt/spechunter/chipyard-issue-715/.conda-env/share/verilator/include/verilatedos.h:291: warning: "__STDC_FORMAT_MACROS" redefined
  291 | #define __STDC_FORMAT_MACROS
      | 
<command-line>: note: this is the location of the previous definition
/opt/spechunter/chipyard-issue-715/.conda-env/bin/x86_64-conda-linux-gnu-c++  -I.  -MMD -I/opt/spechunter/chipyard-issue-715/.conda-env/share/verilator/include -I/opt/spechunter/chipyard-issue-715/.conda-env/share/verilator/include/vltstd -DVM_COVERAGE=0 -DVM_SC=0 -DVM_TRACE=1 -DVM_TRACE_FST=0 -DVM_TRACE_VCD=1 -faligned-new -fcf-protection=none -Wno-bool-operation -Wno-sign-compare -Wno-uninitialized -Wno-unused-but-set-variable -Wno-unused-parameter -Wno-unused-variable -Wno-shadow     -O3 -std=c++11 -I/opt/spechunter/chipyard-issue-715/.conda-env/riscv-tools/include -I/opt/spechunter/chipyard-issue-715-repaired/tools/DRAMSim2 -I/opt/spechunter/chipyard-issue-715-repaired/sims/verilator/generated-src/chipyard.TestHarness.SmallBoomConfig    -D__STDC_FORMAT_MACROS -DTEST_HARNESS=VTestHarness -DVERILATOR -include /opt/spechunter/chipyard-issue-715-repaired/sims/verilator/generated-src/chipyard.TestHarness.SmallBoomConfig/chipyard.TestHarness.SmallBoomConfig.plusArgs -include /opt/spechunter/chipyard-issue-715-repaired/sims/verilator/generated-src/chipyard.TestHarness.SmallBoomConfig/verilator.h -include /opt/spechunter/chipyard-issue-715-repaired/sims/verilator/generated-src/chipyard.TestHarness.SmallBoomConfig/chipyard.TestHarness.SmallBoomConfig.debug/VTestHarness.h  -DVL_THREADED -std=c++17 -Os -c -o VTestHarness___024root__DepSet_h30a6511e__55.o VTestHarness___024root__DepSet_h30a6511e__55.cpp
In file included from /opt/spechunter/chipyard-issue-715/.conda-env/share/verilator/include/verilated.h:35,
                 from /opt/spechunter/chipyard-issue-715/.conda-env/share/verilator/include/verilated_vcd_c.h:24,
                 from /opt/spechunter/chipyard-issue-715-repaired/sims/verilator/generated-src/chipyard.TestHarness.SmallBoomConfig/verilator.h:4,
                 from <command-line>:
/opt/spechunter/chipyard-issue-715/.conda-env/share/verilator/include/verilatedos.h:291: warning: "__STDC_FORMAT_MACROS" redefined
  291 | #define __STDC_FORMAT_MACROS
      | 
<command-line>: note: this is the location of the previous definition
/opt/spechunter/chipyard-issue-715/.conda-env/bin/x86_64-conda-linux-gnu-c++  -I.  -MMD -I/opt/spechunter/chipyard-issue-715/.conda-env/share/verilator/include -I/opt/spechunter/chipyard-issue-715/.conda-env/share/verilator/include/vltstd -DVM_COVERAGE=0 -DVM_SC=0 -DVM_TRACE=1 -DVM_TRACE_FST=0 -DVM_TRACE_VCD=1 -faligned-new -fcf-protection=none -Wno-bool-operation -Wno-sign-compare -Wno-uninitialized -Wno-unused-but-set-variable -Wno-unused-parameter -Wno-unused-variable -Wno-shadow     -O3 -std=c++11 -I/opt/spechunter/chipyard-issue-715/.conda-env/riscv-tools/include -I/opt/spechunter/chipyard-issue-715-repaired/tools/DRAMSim2 -I/opt/spechunter/chipyard-issue-715-repaired/sims/verilator/generated-src/chipyard.TestHarness.SmallBoomConfig    -D__STDC_FORMAT_MACROS -DTEST_HARNESS=VTestHarness -DVERILATOR -include /opt/spechunter/chipyard-issue-715-repaired/sims/verilator/generated-src/chipyard.TestHarness.SmallBoomConfig/chipyard.TestHarness.SmallBoomConfig.plusArgs -include /opt/spechunter/chipyard-issue-715-repaired/sims/verilator/generated-src/chipyard.TestHarness.SmallBoomConfig/verilator.h -include /opt/spechunter/chipyard-issue-715-repaired/sims/verilator/generated-src/chipyard.TestHarness.SmallBoomConfig/chipyard.TestHarness.SmallBoomConfig.debug/VTestHarness.h  -DVL_THREADED -std=c++17 -Os -c -o VTestHarness___024root__DepSet_h30a6511e__56.o VTestHarness___024root__DepSet_h30a6511e__56.cpp
In file included from /opt/spechunter/chipyard-issue-715/.conda-env/share/verilator/include/verilated.h:35,
                 from /opt/spechunter/chipyard-issue-715/.conda-env/share/verilator/include/verilated_vcd_c.h:24,
                 from /opt/spechunter/chipyard-issue-715-repaired/sims/verilator/generated-src/chipyard.TestHarness.SmallBoomConfig/verilator.h:4,
                 from <command-line>:
/opt/spechunter/chipyard-issue-715/.conda-env/share/verilator/include/verilatedos.h:291: warning: "__STDC_FORMAT_MACROS" redefined
  291 | #define __STDC_FORMAT_MACROS
      | 
<command-line>: note: this is the location of the previous definition
/opt/spechunter/chipyard-issue-715/.conda-env/bin/x86_64-conda-linux-gnu-c++  -I.  -MMD -I/opt/spechunter/chipyard-issue-715/.conda-env/share/verilator/include -I/opt/spechunter/chipyard-issue-715/.conda-env/share/verilator/include/vltstd -DVM_COVERAGE=0 -DVM_SC=0 -DVM_TRACE=1 -DVM_TRACE_FST=0 -DVM_TRACE_VCD=1 -faligned-new -fcf-protection=none -Wno-bool-operation -Wno-sign-compare -Wno-uninitialized -Wno-unused-but-set-variable -Wno-unused-parameter -Wno-unused-variable -Wno-shadow     -O3 -std=c++11 -I/opt/spechunter/chipyard-issue-715/.conda-env/riscv-tools/include -I/opt/spechunter/chipyard-issue-715-repaired/tools/DRAMSim2 -I/opt/spechunter/chipyard-issue-715-repaired/sims/verilator/generated-src/chipyard.TestHarness.SmallBoomConfig    -D__STDC_FORMAT_MACROS -DTEST_HARNESS=VTestHarness -DVERILATOR -include /opt/spechunter/chipyard-issue-715-repaired/sims/verilator/generated-src/chipyard.TestHarness.SmallBoomConfig/chipyard.TestHarness.SmallBoomConfig.plusArgs -include /opt/spechunter/chipyard-issue-715-repaired/sims/verilator/generated-src/chipyard.TestHarness.SmallBoomConfig/verilator.h -include /opt/spechunter/chipyard-issue-715-repaired/sims/verilator/generated-src/chipyard.TestHarness.SmallBoomConfig/chipyard.TestHarness.SmallBoomConfig.debug/VTestHarness.h  -DVL_THREADED -std=c++17 -Os -c -o VTestHarness___024root__DepSet_h30a6511e__57.o VTestHarness___024root__DepSet_h30a6511e__57.cpp
In file included from /opt/spechunter/chipyard-issue-715/.conda-env/share/verilator/include/verilated.h:35,
                 from /opt/spechunter/chipyard-issue-715/.conda-env/share/verilator/include/verilated_vcd_c.h:24,
                 from /opt/spechunter/chipyard-issue-715-repaired/sims/verilator/generated-src/chipyard.TestHarness.SmallBoomConfig/verilator.h:4,
                 from <command-line>:
/opt/spechunter/chipyard-issue-715/.conda-env/share/verilator/include/verilatedos.h:291: warning: "__STDC_FORMAT_MACROS" redefined
  291 | #define __STDC_FORMAT_MACROS
      | 
<command-line>: note: this is the location of the previous definition
/opt/spechunter/chipyard-issue-715/.conda-env/bin/x86_64-conda-linux-gnu-c++  -I.  -MMD -I/opt/spechunter/chipyard-issue-715/.conda-env/share/verilator/include -I/opt/spechunter/chipyard-issue-715/.conda-env/share/verilator/include/vltstd -DVM_COVERAGE=0 -DVM_SC=0 -DVM_TRACE=1 -DVM_TRACE_FST=0 -DVM_TRACE_VCD=1 -faligned-new -fcf-protection=none -Wno-bool-operation -Wno-sign-compare -Wno-uninitialized -Wno-unused-but-set-variable -Wno-unused-parameter -Wno-unused-variable -Wno-shadow     -O3 -std=c++11 -I/opt/spechunter/chipyard-issue-715/.conda-env/riscv-tools/include -I/opt/spechunter/chipyard-issue-715-repaired/tools/DRAMSim2 -I/opt/spechunter/chipyard-issue-715-repaired/sims/verilator/generated-src/chipyard.TestHarness.SmallBoomConfig    -D__STDC_FORMAT_MACROS -DTEST_HARNESS=VTestHarness -DVERILATOR -include /opt/spechunter/chipyard-issue-715-repaired/sims/verilator/generated-src/chipyard.TestHarness.SmallBoomConfig/chipyard.TestHarness.SmallBoomConfig.plusArgs -include /opt/spechunter/chipyard-issue-715-repaired/sims/verilator/generated-src/chipyard.TestHarness.SmallBoomConfig/verilator.h -include /opt/spechunter/chipyard-issue-715-repaired/sims/verilator/generated-src/chipyard.TestHarness.SmallBoomConfig/chipyard.TestHarness.SmallBoomConfig.debug/VTestHarness.h  -DVL_THREADED -std=c++17 -Os -c -o VTestHarness___024root__DepSet_h30a6511e__58.o VTestHarness___024root__DepSet_h30a6511e__58.cpp
In file included from /opt/spechunter/chipyard-issue-715/.conda-env/share/verilator/include/verilated.h:35,
                 from /opt/spechunter/chipyard-issue-715/.conda-env/share/verilator/include/verilated_vcd_c.h:24,
                 from /opt/spechunter/chipyard-issue-715-repaired/sims/verilator/generated-src/chipyard.TestHarness.SmallBoomConfig/verilator.h:4,
                 from <command-line>:
/opt/spechunter/chipyard-issue-715/.conda-env/share/verilator/include/verilatedos.h:291: warning: "__STDC_FORMAT_MACROS" redefined
  291 | #define __STDC_FORMAT_MACROS
      | 
<command-line>: note: this is the location of the previous definition
/opt/spechunter/chipyard-issue-715/.conda-env/bin/x86_64-conda-linux-gnu-c++  -I.  -MMD -I/opt/spechunter/chipyard-issue-715/.conda-env/share/verilator/include -I/opt/spechunter/chipyard-issue-715/.conda-env/share/verilator/include/vltstd -DVM_COVERAGE=0 -DVM_SC=0 -DVM_TRACE=1 -DVM_TRACE_FST=0 -DVM_TRACE_VCD=1 -faligned-new -fcf-protection=none -Wno-bool-operation -Wno-sign-compare -Wno-uninitialized -Wno-unused-but-set-variable -Wno-unused-parameter -Wno-unused-variable -Wno-shadow     -O3 -std=c++11 -I/opt/spechunter/chipyard-issue-715/.conda-env/riscv-tools/include -I/opt/spechunter/chipyard-issue-715-repaired/tools/DRAMSim2 -I/opt/spechunter/chipyard-issue-715-repaired/sims/verilator/generated-src/chipyard.TestHarness.SmallBoomConfig    -D__STDC_FORMAT_MACROS -DTEST_HARNESS=VTestHarness -DVERILATOR -include /opt/spechunter/chipyard-issue-715-repaired/sims/verilator/generated-src/chipyard.TestHarness.SmallBoomConfig/chipyard.TestHarness.SmallBoomConfig.plusArgs -include /opt/spechunter/chipyard-issue-715-repaired/sims/verilator/generated-src/chipyard.TestHarness.SmallBoomConfig/verilator.h -include /opt/spechunter/chipyard-issue-715-repaired/sims/verilator/generated-src/chipyard.TestHarness.SmallBoomConfig/chipyard.TestHarness.SmallBoomConfig.debug/VTestHarness.h  -DVL_THREADED -std=c++17 -Os -c -o VTestHarness___024root__DepSet_h30a6511e__59.o VTestHarness___024root__DepSet_h30a6511e__59.cpp
In file included from /opt/spechunter/chipyard-issue-715/.conda-env/share/verilator/include/verilated.h:35,
                 from /opt/spechunter/chipyard-issue-715/.conda-env/share/verilator/include/verilated_vcd_c.h:24,
                 from /opt/spechunter/chipyard-issue-715-repaired/sims/verilator/generated-src/chipyard.TestHarness.SmallBoomConfig/verilator.h:4,
                 from <command-line>:
/opt/spechunter/chipyard-issue-715/.conda-env/share/verilator/include/verilatedos.h:291: warning: "__STDC_FORMAT_MACROS" redefined
  291 | #define __STDC_FORMAT_MACROS
      | 
<command-line>: note: this is the location of the previous definition
/opt/spechunter/chipyard-issue-715/.conda-env/bin/x86_64-conda-linux-gnu-c++  -I.  -MMD -I/opt/spechunter/chipyard-issue-715/.conda-env/share/verilator/include -I/opt/spechunter/chipyard-issue-715/.conda-env/share/verilator/include/vltstd -DVM_COVERAGE=0 -DVM_SC=0 -DVM_TRACE=1 -DVM_TRACE_FST=0 -DVM_TRACE_VCD=1 -faligned-new -fcf-protection=none -Wno-bool-operation -Wno-sign-compare -Wno-uninitialized -Wno-unused-but-set-variable -Wno-unused-parameter -Wno-unused-variable -Wno-shadow     -O3 -std=c++11 -I/opt/spechunter/chipyard-issue-715/.conda-env/riscv-tools/include -I/opt/spechunter/chipyard-issue-715-repaired/tools/DRAMSim2 -I/opt/spechunter/chipyard-issue-715-repaired/sims/verilator/generated-src/chipyard.TestHarness.SmallBoomConfig    -D__STDC_FORMAT_MACROS -DTEST_HARNESS=VTestHarness -DVERILATOR -include /opt/spechunter/chipyard-issue-715-repaired/sims/verilator/generated-src/chipyard.TestHarness.SmallBoomConfig/chipyard.TestHarness.SmallBoomConfig.plusArgs -include /opt/spechunter/chipyard-issue-715-repaired/sims/verilator/generated-src/chipyard.TestHarness.SmallBoomConfig/verilator.h -include /opt/spechunter/chipyard-issue-715-repaired/sims/verilator/generated-src/chipyard.TestHarness.SmallBoomConfig/chipyard.TestHarness.SmallBoomConfig.debug/VTestHarness.h  -DVL_THREADED -std=c++17 -Os -c -o VTestHarness___024root__DepSet_h30a6511e__60.o VTestHarness___024root__DepSet_h30a6511e__60.cpp
In file included from /opt/spechunter/chipyard-issue-715/.conda-env/share/verilator/include/verilated.h:35,
                 from /opt/spechunter/chipyard-issue-715/.conda-env/share/verilator/include/verilated_vcd_c.h:24,
                 from /opt/spechunter/chipyard-issue-715-repaired/sims/verilator/generated-src/chipyard.TestHarness.SmallBoomConfig/verilator.h:4,
                 from <command-line>:
/opt/spechunter/chipyard-issue-715/.conda-env/share/verilator/include/verilatedos.h:291: warning: "__STDC_FORMAT_MACROS" redefined
  291 | #define __STDC_FORMAT_MACROS
      | 
<command-line>: note: this is the location of the previous definition
/opt/spechunter/chipyard-issue-715/.conda-env/bin/x86_64-conda-linux-gnu-c++  -I.  -MMD -I/opt/spechunter/chipyard-issue-715/.conda-env/share/verilator/include -I/opt/spechunter/chipyard-issue-715/.conda-env/share/verilator/include/vltstd -DVM_COVERAGE=0 -DVM_SC=0 -DVM_TRACE=1 -DVM_TRACE_FST=0 -DVM_TRACE_VCD=1 -faligned-new -fcf-protection=none -Wno-bool-operation -Wno-sign-compare -Wno-uninitialized -Wno-unused-but-set-variable -Wno-unused-parameter -Wno-unused-variable -Wno-shadow     -O3 -std=c++11 -I/opt/spechunter/chipyard-issue-715/.conda-env/riscv-tools/include -I/opt/spechunter/chipyard-issue-715-repaired/tools/DRAMSim2 -I/opt/spechunter/chipyard-issue-715-repaired/sims/verilator/generated-src/chipyard.TestHarness.SmallBoomConfig    -D__STDC_FORMAT_MACROS -DTEST_HARNESS=VTestHarness -DVERILATOR -include /opt/spechunter/chipyard-issue-715-repaired/sims/verilator/generated-src/chipyard.TestHarness.SmallBoomConfig/chipyard.TestHarness.SmallBoomConfig.plusArgs -include /opt/spechunter/chipyard-issue-715-repaired/sims/verilator/generated-src/chipyard.TestHarness.SmallBoomConfig/verilator.h -include /opt/spechunter/chipyard-issue-715-repaired/sims/verilator/generated-src/chipyard.TestHarness.SmallBoomConfig/chipyard.TestHarness.SmallBoomConfig.debug/VTestHarness.h  -DVL_THREADED -std=c++17 -Os -c -o VTestHarness___024root__DepSet_h30a6511e__61.o VTestHarness___024root__DepSet_h30a6511e__61.cpp
In file included from /opt/spechunter/chipyard-issue-715/.conda-env/share/verilator/include/verilated.h:35,
                 from /opt/spechunter/chipyard-issue-715/.conda-env/share/verilator/include/verilated_vcd_c.h:24,
                 from /opt/spechunter/chipyard-issue-715-repaired/sims/verilator/generated-src/chipyard.TestHarness.SmallBoomConfig/verilator.h:4,
                 from <command-line>:
/opt/spechunter/chipyard-issue-715/.conda-env/share/verilator/include/verilatedos.h:291: warning: "__STDC_FORMAT_MACROS" redefined
  291 | #define __STDC_FORMAT_MACROS
      | 
<command-line>: note: this is the location of the previous definition
/opt/spechunter/chipyard-issue-715/.conda-env/bin/x86_64-conda-linux-gnu-c++  -I.  -MMD -I/opt/spechunter/chipyard-issue-715/.conda-env/share/verilator/include -I/opt/spechunter/chipyard-issue-715/.conda-env/share/verilator/include/vltstd -DVM_COVERAGE=0 -DVM_SC=0 -DVM_TRACE=1 -DVM_TRACE_FST=0 -DVM_TRACE_VCD=1 -faligned-new -fcf-protection=none -Wno-bool-operation -Wno-sign-compare -Wno-uninitialized -Wno-unused-but-set-variable -Wno-unused-parameter -Wno-unused-variable -Wno-shadow     -O3 -std=c++11 -I/opt/spechunter/chipyard-issue-715/.conda-env/riscv-tools/include -I/opt/spechunter/chipyard-issue-715-repaired/tools/DRAMSim2 -I/opt/spechunter/chipyard-issue-715-repaired/sims/verilator/generated-src/chipyard.TestHarness.SmallBoomConfig    -D__STDC_FORMAT_MACROS -DTEST_HARNESS=VTestHarness -DVERILATOR -include /opt/spechunter/chipyard-issue-715-repaired/sims/verilator/generated-src/chipyard.TestHarness.SmallBoomConfig/chipyard.TestHarness.SmallBoomConfig.plusArgs -include /opt/spechunter/chipyard-issue-715-repaired/sims/verilator/generated-src/chipyard.TestHarness.SmallBoomConfig/verilator.h -include /opt/spechunter/chipyard-issue-715-repaired/sims/verilator/generated-src/chipyard.TestHarness.SmallBoomConfig/chipyard.TestHarness.SmallBoomConfig.debug/VTestHarness.h  -DVL_THREADED -std=c++17 -Os -c -o VTestHarness___024root__DepSet_h30a6511e__62.o VTestHarness___024root__DepSet_h30a6511e__62.cpp
In file included from /opt/spechunter/chipyard-issue-715/.conda-env/share/verilator/include/verilated.h:35,
                 from /opt/spechunter/chipyard-issue-715/.conda-env/share/verilator/include/verilated_vcd_c.h:24,
                 from /opt/spechunter/chipyard-issue-715-repaired/sims/verilator/generated-src/chipyard.TestHarness.SmallBoomConfig/verilator.h:4,
                 from <command-line>:
/opt/spechunter/chipyard-issue-715/.conda-env/share/verilator/include/verilatedos.h:291: warning: "__STDC_FORMAT_MACROS" redefined
  291 | #define __STDC_FORMAT_MACROS
      | 
<command-line>: note: this is the location of the previous definition
/opt/spechunter/chipyard-issue-715/.conda-env/bin/x86_64-conda-linux-gnu-c++  -I.  -MMD -I/opt/spechunter/chipyard-issue-715/.conda-env/share/verilator/include -I/opt/spechunter/chipyard-issue-715/.conda-env/share/verilator/include/vltstd -DVM_COVERAGE=0 -DVM_SC=0 -DVM_TRACE=1 -DVM_TRACE_FST=0 -DVM_TRACE_VCD=1 -faligned-new -fcf-protection=none -Wno-bool-operation -Wno-sign-compare -Wno-uninitialized -Wno-unused-but-set-variable -Wno-unused-parameter -Wno-unused-variable -Wno-shadow     -O3 -std=c++11 -I/opt/spechunter/chipyard-issue-715/.conda-env/riscv-tools/include -I/opt/spechunter/chipyard-issue-715-repaired/tools/DRAMSim2 -I/opt/spechunter/chipyard-issue-715-repaired/sims/verilator/generated-src/chipyard.TestHarness.SmallBoomConfig    -D__STDC_FORMAT_MACROS -DTEST_HARNESS=VTestHarness -DVERILATOR -include /opt/spechunter/chipyard-issue-715-repaired/sims/verilator/generated-src/chipyard.TestHarness.SmallBoomConfig/chipyard.TestHarness.SmallBoomConfig.plusArgs -include /opt/spechunter/chipyard-issue-715-repaired/sims/verilator/generated-src/chipyard.TestHarness.SmallBoomConfig/verilator.h -include /opt/spechunter/chipyard-issue-715-repaired/sims/verilator/generated-src/chipyard.TestHarness.SmallBoomConfig/chipyard.TestHarness.SmallBoomConfig.debug/VTestHarness.h  -DVL_THREADED -std=c++17 -Os -c -o VTestHarness___024root__DepSet_h30a6511e__63.o VTestHarness___024root__DepSet_h30a6511e__63.cpp
In file included from /opt/spechunter/chipyard-issue-715/.conda-env/share/verilator/include/verilated.h:35,
                 from /opt/spechunter/chipyard-issue-715/.conda-env/share/verilator/include/verilated_vcd_c.h:24,
                 from /opt/spechunter/chipyard-issue-715-repaired/sims/verilator/generated-src/chipyard.TestHarness.SmallBoomConfig/verilator.h:4,
                 from <command-line>:
/opt/spechunter/chipyard-issue-715/.conda-env/share/verilator/include/verilatedos.h:291: warning: "__STDC_FORMAT_MACROS" redefined
  291 | #define __STDC_FORMAT_MACROS
      | 
<command-line>: note: this is the location of the previous definition
/opt/spechunter/chipyard-issue-715/.conda-env/bin/x86_64-conda-linux-gnu-c++  -I.  -MMD -I/opt/spechunter/chipyard-issue-715/.conda-env/share/verilator/include -I/opt/spechunter/chipyard-issue-715/.conda-env/share/verilator/include/vltstd -DVM_COVERAGE=0 -DVM_SC=0 -DVM_TRACE=1 -DVM_TRACE_FST=0 -DVM_TRACE_VCD=1 -faligned-new -fcf-protection=none -Wno-bool-operation -Wno-sign-compare -Wno-uninitialized -Wno-unused-but-set-variable -Wno-unused-parameter -Wno-unused-variable -Wno-shadow     -O3 -std=c++11 -I/opt/spechunter/chipyard-issue-715/.conda-env/riscv-tools/include -I/opt/spechunter/chipyard-issue-715-repaired/tools/DRAMSim2 -I/opt/spechunter/chipyard-issue-715-repaired/sims/verilator/generated-src/chipyard.TestHarness.SmallBoomConfig    -D__STDC_FORMAT_MACROS -DTEST_HARNESS=VTestHarness -DVERILATOR -include /opt/spechunter/chipyard-issue-715-repaired/sims/verilator/generated-src/chipyard.TestHarness.SmallBoomConfig/chipyard.TestHarness.SmallBoomConfig.plusArgs -include /opt/spechunter/chipyard-issue-715-repaired/sims/verilator/generated-src/chipyard.TestHarness.SmallBoomConfig/verilator.h -include /opt/spechunter/chipyard-issue-715-repaired/sims/verilator/generated-src/chipyard.TestHarness.SmallBoomConfig/chipyard.TestHarness.SmallBoomConfig.debug/VTestHarness.h  -DVL_THREADED -std=c++17 -Os -c -o VTestHarness___024root__DepSet_h30a6511e__64.o VTestHarness___024root__DepSet_h30a6511e__64.cpp
In file included from /opt/spechunter/chipyard-issue-715/.conda-env/share/verilator/include/verilated.h:35,
                 from /opt/spechunter/chipyard-issue-715/.conda-env/share/verilator/include/verilated_vcd_c.h:24,
                 from /opt/spechunter/chipyard-issue-715-repaired/sims/verilator/generated-src/chipyard.TestHarness.SmallBoomConfig/verilator.h:4,
                 from <command-line>:
/opt/spechunter/chipyard-issue-715/.conda-env/share/verilator/include/verilatedos.h:291: warning: "__STDC_FORMAT_MACROS" redefined
  291 | #define __STDC_FORMAT_MACROS
      | 
<command-line>: note: this is the location of the previous definition
/opt/spechunter/chipyard-issue-715/.conda-env/bin/x86_64-conda-linux-gnu-c++  -I.  -MMD -I/opt/spechunter/chipyard-issue-715/.conda-env/share/verilator/include -I/opt/spechunter/chipyard-issue-715/.conda-env/share/verilator/include/vltstd -DVM_COVERAGE=0 -DVM_SC=0 -DVM_TRACE=1 -DVM_TRACE_FST=0 -DVM_TRACE_VCD=1 -faligned-new -fcf-protection=none -Wno-bool-operation -Wno-sign-compare -Wno-uninitialized -Wno-unused-but-set-variable -Wno-unused-parameter -Wno-unused-variable -Wno-shadow     -O3 -std=c++11 -I/opt/spechunter/chipyard-issue-715/.conda-env/riscv-tools/include -I/opt/spechunter/chipyard-issue-715-repaired/tools/DRAMSim2 -I/opt/spechunter/chipyard-issue-715-repaired/sims/verilator/generated-src/chipyard.TestHarness.SmallBoomConfig    -D__STDC_FORMAT_MACROS -DTEST_HARNESS=VTestHarness -DVERILATOR -include /opt/spechunter/chipyard-issue-715-repaired/sims/verilator/generated-src/chipyard.TestHarness.SmallBoomConfig/chipyard.TestHarness.SmallBoomConfig.plusArgs -include /opt/spechunter/chipyard-issue-715-repaired/sims/verilator/generated-src/chipyard.TestHarness.SmallBoomConfig/verilator.h -include /opt/spechunter/chipyard-issue-715-repaired/sims/verilator/generated-src/chipyard.TestHarness.SmallBoomConfig/chipyard.TestHarness.SmallBoomConfig.debug/VTestHarness.h  -DVL_THREADED -std=c++17 -Os -c -o VTestHarness___024root__DepSet_h30a6511e__65.o VTestHarness___024root__DepSet_h30a6511e__65.cpp
In file included from /opt/spechunter/chipyard-issue-715/.conda-env/share/verilator/include/verilated.h:35,
                 from /opt/spechunter/chipyard-issue-715/.conda-env/share/verilator/include/verilated_vcd_c.h:24,
                 from /opt/spechunter/chipyard-issue-715-repaired/sims/verilator/generated-src/chipyard.TestHarness.SmallBoomConfig/verilator.h:4,
                 from <command-line>:
/opt/spechunter/chipyard-issue-715/.conda-env/share/verilator/include/verilatedos.h:291: warning: "__STDC_FORMAT_MACROS" redefined
  291 | #define __STDC_FORMAT_MACROS
      | 
<command-line>: note: this is the location of the previous definition
/opt/spechunter/chipyard-issue-715/.conda-env/bin/x86_64-conda-linux-gnu-c++  -I.  -MMD -I/opt/spechunter/chipyard-issue-715/.conda-env/share/verilator/include -I/opt/spechunter/chipyard-issue-715/.conda-env/share/verilator/include/vltstd -DVM_COVERAGE=0 -DVM_SC=0 -DVM_TRACE=1 -DVM_TRACE_FST=0 -DVM_TRACE_VCD=1 -faligned-new -fcf-protection=none -Wno-bool-operation -Wno-sign-compare -Wno-uninitialized -Wno-unused-but-set-variable -Wno-unused-parameter -Wno-unused-variable -Wno-shadow     -O3 -std=c++11 -I/opt/spechunter/chipyard-issue-715/.conda-env/riscv-tools/include -I/opt/spechunter/chipyard-issue-715-repaired/tools/DRAMSim2 -I/opt/spechunter/chipyard-issue-715-repaired/sims/verilator/generated-src/chipyard.TestHarness.SmallBoomConfig    -D__STDC_FORMAT_MACROS -DTEST_HARNESS=VTestHarness -DVERILATOR -include /opt/spechunter/chipyard-issue-715-repaired/sims/verilator/generated-src/chipyard.TestHarness.SmallBoomConfig/chipyard.TestHarness.SmallBoomConfig.plusArgs -include /opt/spechunter/chipyard-issue-715-repaired/sims/verilator/generated-src/chipyard.TestHarness.SmallBoomConfig/verilator.h -include /opt/spechunter/chipyard-issue-715-repaired/sims/verilator/generated-src/chipyard.TestHarness.SmallBoomConfig/chipyard.TestHarness.SmallBoomConfig.debug/VTestHarness.h  -DVL_THREADED -std=c++17 -Os -c -o VTestHarness___024root__DepSet_hcfd557fa__0.o VTestHarness___024root__DepSet_hcfd557fa__0.cpp
In file included from /opt/spechunter/chipyard-issue-715/.conda-env/share/verilator/include/verilated.h:35,
                 from /opt/spechunter/chipyard-issue-715/.conda-env/share/verilator/include/verilated_vcd_c.h:24,
                 from /opt/spechunter/chipyard-issue-715-repaired/sims/verilator/generated-src/chipyard.TestHarness.SmallBoomConfig/verilator.h:4,
                 from <command-line>:
/opt/spechunter/chipyard-issue-715/.conda-env/share/verilator/include/verilatedos.h:291: warning: "__STDC_FORMAT_MACROS" redefined
  291 | #define __STDC_FORMAT_MACROS
      | 
<command-line>: note: this is the location of the previous definition
/opt/spechunter/chipyard-issue-715/.conda-env/bin/x86_64-conda-linux-gnu-c++  -I.  -MMD -I/opt/spechunter/chipyard-issue-715/.conda-env/share/verilator/include -I/opt/spechunter/chipyard-issue-715/.conda-env/share/verilator/include/vltstd -DVM_COVERAGE=0 -DVM_SC=0 -DVM_TRACE=1 -DVM_TRACE_FST=0 -DVM_TRACE_VCD=1 -faligned-new -fcf-protection=none -Wno-bool-operation -Wno-sign-compare -Wno-uninitialized -Wno-unused-but-set-variable -Wno-unused-parameter -Wno-unused-variable -Wno-shadow     -O3 -std=c++11 -I/opt/spechunter/chipyard-issue-715/.conda-env/riscv-tools/include -I/opt/spechunter/chipyard-issue-715-repaired/tools/DRAMSim2 -I/opt/spechunter/chipyard-issue-715-repaired/sims/verilator/generated-src/chipyard.TestHarness.SmallBoomConfig    -D__STDC_FORMAT_MACROS -DTEST_HARNESS=VTestHarness -DVERILATOR -include /opt/spechunter/chipyard-issue-715-repaired/sims/verilator/generated-src/chipyard.TestHarness.SmallBoomConfig/chipyard.TestHarness.SmallBoomConfig.plusArgs -include /opt/spechunter/chipyard-issue-715-repaired/sims/verilator/generated-src/chipyard.TestHarness.SmallBoomConfig/verilator.h -include /opt/spechunter/chipyard-issue-715-repaired/sims/verilator/generated-src/chipyard.TestHarness.SmallBoomConfig/chipyard.TestHarness.SmallBoomConfig.debug/VTestHarness.h  -DVL_THREADED -std=c++17 -Os -c -o VTestHarness___024root__DepSet_hcfd557fa__1.o VTestHarness___024root__DepSet_hcfd557fa__1.cpp
In file included from /opt/spechunter/chipyard-issue-715/.conda-env/share/verilator/include/verilated.h:35,
                 from /opt/spechunter/chipyard-issue-715/.conda-env/share/verilator/include/verilated_vcd_c.h:24,
                 from /opt/spechunter/chipyard-issue-715-repaired/sims/verilator/generated-src/chipyard.TestHarness.SmallBoomConfig/verilator.h:4,
                 from <command-line>:
/opt/spechunter/chipyard-issue-715/.conda-env/share/verilator/include/verilatedos.h:291: warning: "__STDC_FORMAT_MACROS" redefined
  291 | #define __STDC_FORMAT_MACROS
      | 
<command-line>: note: this is the location of the previous definition
/opt/spechunter/chipyard-issue-715/.conda-env/bin/x86_64-conda-linux-gnu-c++  -I.  -MMD -I/opt/spechunter/chipyard-issue-715/.conda-env/share/verilator/include -I/opt/spechunter/chipyard-issue-715/.conda-env/share/verilator/include/vltstd -DVM_COVERAGE=0 -DVM_SC=0 -DVM_TRACE=1 -DVM_TRACE_FST=0 -DVM_TRACE_VCD=1 -faligned-new -fcf-protection=none -Wno-bool-operation -Wno-sign-compare -Wno-uninitialized -Wno-unused-but-set-variable -Wno-unused-parameter -Wno-unused-variable -Wno-shadow     -O3 -std=c++11 -I/opt/spechunter/chipyard-issue-715/.conda-env/riscv-tools/include -I/opt/spechunter/chipyard-issue-715-repaired/tools/DRAMSim2 -I/opt/spechunter/chipyard-issue-715-repaired/sims/verilator/generated-src/chipyard.TestHarness.SmallBoomConfig    -D__STDC_FORMAT_MACROS -DTEST_HARNESS=VTestHarness -DVERILATOR -include /opt/spechunter/chipyard-issue-715-repaired/sims/verilator/generated-src/chipyard.TestHarness.SmallBoomConfig/chipyard.TestHarness.SmallBoomConfig.plusArgs -include /opt/spechunter/chipyard-issue-715-repaired/sims/verilator/generated-src/chipyard.TestHarness.SmallBoomConfig/verilator.h -include /opt/spechunter/chipyard-issue-715-repaired/sims/verilator/generated-src/chipyard.TestHarness.SmallBoomConfig/chipyard.TestHarness.SmallBoomConfig.debug/VTestHarness.h  -DVL_THREADED -std=c++17 -Os -c -o VTestHarness___024root__DepSet_hcfd557fa__2.o VTestHarness___024root__DepSet_hcfd557fa__2.cpp
In file included from /opt/spechunter/chipyard-issue-715/.conda-env/share/verilator/include/verilated.h:35,
                 from /opt/spechunter/chipyard-issue-715/.conda-env/share/verilator/include/verilated_vcd_c.h:24,
                 from /opt/spechunter/chipyard-issue-715-repaired/sims/verilator/generated-src/chipyard.TestHarness.SmallBoomConfig/verilator.h:4,
                 from <command-line>:
/opt/spechunter/chipyard-issue-715/.conda-env/share/verilator/include/verilatedos.h:291: warning: "__STDC_FORMAT_MACROS" redefined
  291 | #define __STDC_FORMAT_MACROS
      | 
<command-line>: note: this is the location of the previous definition
/opt/spechunter/chipyard-issue-715/.conda-env/bin/x86_64-conda-linux-gnu-c++  -I.  -MMD -I/opt/spechunter/chipyard-issue-715/.conda-env/share/verilator/include -I/opt/spechunter/chipyard-issue-715/.conda-env/share/verilator/include/vltstd -DVM_COVERAGE=0 -DVM_SC=0 -DVM_TRACE=1 -DVM_TRACE_FST=0 -DVM_TRACE_VCD=1 -faligned-new -fcf-protection=none -Wno-bool-operation -Wno-sign-compare -Wno-uninitialized -Wno-unused-but-set-variable -Wno-unused-parameter -Wno-unused-variable -Wno-shadow     -O3 -std=c++11 -I/opt/spechunter/chipyard-issue-715/.conda-env/riscv-tools/include -I/opt/spechunter/chipyard-issue-715-repaired/tools/DRAMSim2 -I/opt/spechunter/chipyard-issue-715-repaired/sims/verilator/generated-src/chipyard.TestHarness.SmallBoomConfig    -D__STDC_FORMAT_MACROS -DTEST_HARNESS=VTestHarness -DVERILATOR -include /opt/spechunter/chipyard-issue-715-repaired/sims/verilator/generated-src/chipyard.TestHarness.SmallBoomConfig/chipyard.TestHarness.SmallBoomConfig.plusArgs -include /opt/spechunter/chipyard-issue-715-repaired/sims/verilator/generated-src/chipyard.TestHarness.SmallBoomConfig/verilator.h -include /opt/spechunter/chipyard-issue-715-repaired/sims/verilator/generated-src/chipyard.TestHarness.SmallBoomConfig/chipyard.TestHarness.SmallBoomConfig.debug/VTestHarness.h  -DVL_THREADED -std=c++17 -Os -c -o VTestHarness___024root__DepSet_hcfd557fa__3.o VTestHarness___024root__DepSet_hcfd557fa__3.cpp
In file included from /opt/spechunter/chipyard-issue-715/.conda-env/share/verilator/include/verilated.h:35,
                 from /opt/spechunter/chipyard-issue-715/.conda-env/share/verilator/include/verilated_vcd_c.h:24,
                 from /opt/spechunter/chipyard-issue-715-repaired/sims/verilator/generated-src/chipyard.TestHarness.SmallBoomConfig/verilator.h:4,
                 from <command-line>:
/opt/spechunter/chipyard-issue-715/.conda-env/share/verilator/include/verilatedos.h:291: warning: "__STDC_FORMAT_MACROS" redefined
  291 | #define __STDC_FORMAT_MACROS
      | 
<command-line>: note: this is the location of the previous definition
/opt/spechunter/chipyard-issue-715/.conda-env/bin/x86_64-conda-linux-gnu-c++  -I.  -MMD -I/opt/spechunter/chipyard-issue-715/.conda-env/share/verilator/include -I/opt/spechunter/chipyard-issue-715/.conda-env/share/verilator/include/vltstd -DVM_COVERAGE=0 -DVM_SC=0 -DVM_TRACE=1 -DVM_TRACE_FST=0 -DVM_TRACE_VCD=1 -faligned-new -fcf-protection=none -Wno-bool-operation -Wno-sign-compare -Wno-uninitialized -Wno-unused-but-set-variable -Wno-unused-parameter -Wno-unused-variable -Wno-shadow     -O3 -std=c++11 -I/opt/spechunter/chipyard-issue-715/.conda-env/riscv-tools/include -I/opt/spechunter/chipyard-issue-715-repaired/tools/DRAMSim2 -I/opt/spechunter/chipyard-issue-715-repaired/sims/verilator/generated-src/chipyard.TestHarness.SmallBoomConfig    -D__STDC_FORMAT_MACROS -DTEST_HARNESS=VTestHarness -DVERILATOR -include /opt/spechunter/chipyard-issue-715-repaired/sims/verilator/generated-src/chipyard.TestHarness.SmallBoomConfig/chipyard.TestHarness.SmallBoomConfig.plusArgs -include /opt/spechunter/chipyard-issue-715-repaired/sims/verilator/generated-src/chipyard.TestHarness.SmallBoomConfig/verilator.h -include /opt/spechunter/chipyard-issue-715-repaired/sims/verilator/generated-src/chipyard.TestHarness.SmallBoomConfig/chipyard.TestHarness.SmallBoomConfig.debug/VTestHarness.h  -DVL_THREADED -std=c++17 -Os -c -o VTestHarness___024root__DepSet_hcfd557fa__4.o VTestHarness___024root__DepSet_hcfd557fa__4.cpp
In file included from /opt/spechunter/chipyard-issue-715/.conda-env/share/verilator/include/verilated.h:35,
                 from /opt/spechunter/chipyard-issue-715/.conda-env/share/verilator/include/verilated_vcd_c.h:24,
                 from /opt/spechunter/chipyard-issue-715-repaired/sims/verilator/generated-src/chipyard.TestHarness.SmallBoomConfig/verilator.h:4,
                 from <command-line>:
/opt/spechunter/chipyard-issue-715/.conda-env/share/verilator/include/verilatedos.h:291: warning: "__STDC_FORMAT_MACROS" redefined
  291 | #define __STDC_FORMAT_MACROS
      | 
<command-line>: note: this is the location of the previous definition
/opt/spechunter/chipyard-issue-715/.conda-env/bin/x86_64-conda-linux-gnu-c++  -I.  -MMD -I/opt/spechunter/chipyard-issue-715/.conda-env/share/verilator/include -I/opt/spechunter/chipyard-issue-715/.conda-env/share/verilator/include/vltstd -DVM_COVERAGE=0 -DVM_SC=0 -DVM_TRACE=1 -DVM_TRACE_FST=0 -DVM_TRACE_VCD=1 -faligned-new -fcf-protection=none -Wno-bool-operation -Wno-sign-compare -Wno-uninitialized -Wno-unused-but-set-variable -Wno-unused-parameter -Wno-unused-variable -Wno-shadow     -O3 -std=c++11 -I/opt/spechunter/chipyard-issue-715/.conda-env/riscv-tools/include -I/opt/spechunter/chipyard-issue-715-repaired/tools/DRAMSim2 -I/opt/spechunter/chipyard-issue-715-repaired/sims/verilator/generated-src/chipyard.TestHarness.SmallBoomConfig    -D__STDC_FORMAT_MACROS -DTEST_HARNESS=VTestHarness -DVERILATOR -include /opt/spechunter/chipyard-issue-715-repaired/sims/verilator/generated-src/chipyard.TestHarness.SmallBoomConfig/chipyard.TestHarness.SmallBoomConfig.plusArgs -include /opt/spechunter/chipyard-issue-715-repaired/sims/verilator/generated-src/chipyard.TestHarness.SmallBoomConfig/verilator.h -include /opt/spechunter/chipyard-issue-715-repaired/sims/verilator/generated-src/chipyard.TestHarness.SmallBoomConfig/chipyard.TestHarness.SmallBoomConfig.debug/VTestHarness.h  -DVL_THREADED -std=c++17 -Os -c -o VTestHarness___024root__DepSet_hcfd557fa__5.o VTestHarness___024root__DepSet_hcfd557fa__5.cpp
In file included from /opt/spechunter/chipyard-issue-715/.conda-env/share/verilator/include/verilated.h:35,
                 from /opt/spechunter/chipyard-issue-715/.conda-env/share/verilator/include/verilated_vcd_c.h:24,
                 from /opt/spechunter/chipyard-issue-715-repaired/sims/verilator/generated-src/chipyard.TestHarness.SmallBoomConfig/verilator.h:4,
                 from <command-line>:
/opt/spechunter/chipyard-issue-715/.conda-env/share/verilator/include/verilatedos.h:291: warning: "__STDC_FORMAT_MACROS" redefined
  291 | #define __STDC_FORMAT_MACROS
      | 
<command-line>: note: this is the location of the previous definition
/opt/spechunter/chipyard-issue-715/.conda-env/bin/x86_64-conda-linux-gnu-c++  -I.  -MMD -I/opt/spechunter/chipyard-issue-715/.conda-env/share/verilator/include -I/opt/spechunter/chipyard-issue-715/.conda-env/share/verilator/include/vltstd -DVM_COVERAGE=0 -DVM_SC=0 -DVM_TRACE=1 -DVM_TRACE_FST=0 -DVM_TRACE_VCD=1 -faligned-new -fcf-protection=none -Wno-bool-operation -Wno-sign-compare -Wno-uninitialized -Wno-unused-but-set-variable -Wno-unused-parameter -Wno-unused-variable -Wno-shadow     -O3 -std=c++11 -I/opt/spechunter/chipyard-issue-715/.conda-env/riscv-tools/include -I/opt/spechunter/chipyard-issue-715-repaired/tools/DRAMSim2 -I/opt/spechunter/chipyard-issue-715-repaired/sims/verilator/generated-src/chipyard.TestHarness.SmallBoomConfig    -D__STDC_FORMAT_MACROS -DTEST_HARNESS=VTestHarness -DVERILATOR -include /opt/spechunter/chipyard-issue-715-repaired/sims/verilator/generated-src/chipyard.TestHarness.SmallBoomConfig/chipyard.TestHarness.SmallBoomConfig.plusArgs -include /opt/spechunter/chipyard-issue-715-repaired/sims/verilator/generated-src/chipyard.TestHarness.SmallBoomConfig/verilator.h -include /opt/spechunter/chipyard-issue-715-repaired/sims/verilator/generated-src/chipyard.TestHarness.SmallBoomConfig/chipyard.TestHarness.SmallBoomConfig.debug/VTestHarness.h  -DVL_THREADED -std=c++17 -Os -c -o VTestHarness___024root__DepSet_hcfd557fa__6.o VTestHarness___024root__DepSet_hcfd557fa__6.cpp
In file included from /opt/spechunter/chipyard-issue-715/.conda-env/share/verilator/include/verilated.h:35,
                 from /opt/spechunter/chipyard-issue-715/.conda-env/share/verilator/include/verilated_vcd_c.h:24,
                 from /opt/spechunter/chipyard-issue-715-repaired/sims/verilator/generated-src/chipyard.TestHarness.SmallBoomConfig/verilator.h:4,
                 from <command-line>:
/opt/spechunter/chipyard-issue-715/.conda-env/share/verilator/include/verilatedos.h:291: warning: "__STDC_FORMAT_MACROS" redefined
  291 | #define __STDC_FORMAT_MACROS
      | 
<command-line>: note: this is the location of the previous definition
/opt/spechunter/chipyard-issue-715/.conda-env/bin/x86_64-conda-linux-gnu-c++  -I.  -MMD -I/opt/spechunter/chipyard-issue-715/.conda-env/share/verilator/include -I/opt/spechunter/chipyard-issue-715/.conda-env/share/verilator/include/vltstd -DVM_COVERAGE=0 -DVM_SC=0 -DVM_TRACE=1 -DVM_TRACE_FST=0 -DVM_TRACE_VCD=1 -faligned-new -fcf-protection=none -Wno-bool-operation -Wno-sign-compare -Wno-uninitialized -Wno-unused-but-set-variable -Wno-unused-parameter -Wno-unused-variable -Wno-shadow     -O3 -std=c++11 -I/opt/spechunter/chipyard-issue-715/.conda-env/riscv-tools/include -I/opt/spechunter/chipyard-issue-715-repaired/tools/DRAMSim2 -I/opt/spechunter/chipyard-issue-715-repaired/sims/verilator/generated-src/chipyard.TestHarness.SmallBoomConfig    -D__STDC_FORMAT_MACROS -DTEST_HARNESS=VTestHarness -DVERILATOR -include /opt/spechunter/chipyard-issue-715-repaired/sims/verilator/generated-src/chipyard.TestHarness.SmallBoomConfig/chipyard.TestHarness.SmallBoomConfig.plusArgs -include /opt/spechunter/chipyard-issue-715-repaired/sims/verilator/generated-src/chipyard.TestHarness.SmallBoomConfig/verilator.h -include /opt/spechunter/chipyard-issue-715-repaired/sims/verilator/generated-src/chipyard.TestHarness.SmallBoomConfig/chipyard.TestHarness.SmallBoomConfig.debug/VTestHarness.h  -DVL_THREADED -std=c++17 -Os -c -o VTestHarness___024root__DepSet_hcfd557fa__7.o VTestHarness___024root__DepSet_hcfd557fa__7.cpp
In file included from /opt/spechunter/chipyard-issue-715/.conda-env/share/verilator/include/verilated.h:35,
                 from /opt/spechunter/chipyard-issue-715/.conda-env/share/verilator/include/verilated_vcd_c.h:24,
                 from /opt/spechunter/chipyard-issue-715-repaired/sims/verilator/generated-src/chipyard.TestHarness.SmallBoomConfig/verilator.h:4,
                 from <command-line>:
/opt/spechunter/chipyard-issue-715/.conda-env/share/verilator/include/verilatedos.h:291: warning: "__STDC_FORMAT_MACROS" redefined
  291 | #define __STDC_FORMAT_MACROS
      | 
<command-line>: note: this is the location of the previous definition
/opt/spechunter/chipyard-issue-715/.conda-env/bin/x86_64-conda-linux-gnu-c++  -I.  -MMD -I/opt/spechunter/chipyard-issue-715/.conda-env/share/verilator/include -I/opt/spechunter/chipyard-issue-715/.conda-env/share/verilator/include/vltstd -DVM_COVERAGE=0 -DVM_SC=0 -DVM_TRACE=1 -DVM_TRACE_FST=0 -DVM_TRACE_VCD=1 -faligned-new -fcf-protection=none -Wno-bool-operation -Wno-sign-compare -Wno-uninitialized -Wno-unused-but-set-variable -Wno-unused-parameter -Wno-unused-variable -Wno-shadow     -O3 -std=c++11 -I/opt/spechunter/chipyard-issue-715/.conda-env/riscv-tools/include -I/opt/spechunter/chipyard-issue-715-repaired/tools/DRAMSim2 -I/opt/spechunter/chipyard-issue-715-repaired/sims/verilator/generated-src/chipyard.TestHarness.SmallBoomConfig    -D__STDC_FORMAT_MACROS -DTEST_HARNESS=VTestHarness -DVERILATOR -include /opt/spechunter/chipyard-issue-715-repaired/sims/verilator/generated-src/chipyard.TestHarness.SmallBoomConfig/chipyard.TestHarness.SmallBoomConfig.plusArgs -include /opt/spechunter/chipyard-issue-715-repaired/sims/verilator/generated-src/chipyard.TestHarness.SmallBoomConfig/verilator.h -include /opt/spechunter/chipyard-issue-715-repaired/sims/verilator/generated-src/chipyard.TestHarness.SmallBoomConfig/chipyard.TestHarness.SmallBoomConfig.debug/VTestHarness.h  -DVL_THREADED -std=c++17 -Os -c -o VTestHarness___024root__DepSet_hcfd557fa__8.o VTestHarness___024root__DepSet_hcfd557fa__8.cpp
In file included from /opt/spechunter/chipyard-issue-715/.conda-env/share/verilator/include/verilated.h:35,
                 from /opt/spechunter/chipyard-issue-715/.conda-env/share/verilator/include/verilated_vcd_c.h:24,
                 from /opt/spechunter/chipyard-issue-715-repaired/sims/verilator/generated-src/chipyard.TestHarness.SmallBoomConfig/verilator.h:4,
                 from <command-line>:
/opt/spechunter/chipyard-issue-715/.conda-env/share/verilator/include/verilatedos.h:291: warning: "__STDC_FORMAT_MACROS" redefined
  291 | #define __STDC_FORMAT_MACROS
      | 
<command-line>: note: this is the location of the previous definition
/opt/spechunter/chipyard-issue-715/.conda-env/bin/x86_64-conda-linux-gnu-c++  -I.  -MMD -I/opt/spechunter/chipyard-issue-715/.conda-env/share/verilator/include -I/opt/spechunter/chipyard-issue-715/.conda-env/share/verilator/include/vltstd -DVM_COVERAGE=0 -DVM_SC=0 -DVM_TRACE=1 -DVM_TRACE_FST=0 -DVM_TRACE_VCD=1 -faligned-new -fcf-protection=none -Wno-bool-operation -Wno-sign-compare -Wno-uninitialized -Wno-unused-but-set-variable -Wno-unused-parameter -Wno-unused-variable -Wno-shadow     -O3 -std=c++11 -I/opt/spechunter/chipyard-issue-715/.conda-env/riscv-tools/include -I/opt/spechunter/chipyard-issue-715-repaired/tools/DRAMSim2 -I/opt/spechunter/chipyard-issue-715-repaired/sims/verilator/generated-src/chipyard.TestHarness.SmallBoomConfig    -D__STDC_FORMAT_MACROS -DTEST_HARNESS=VTestHarness -DVERILATOR -include /opt/spechunter/chipyard-issue-715-repaired/sims/verilator/generated-src/chipyard.TestHarness.SmallBoomConfig/chipyard.TestHarness.SmallBoomConfig.plusArgs -include /opt/spechunter/chipyard-issue-715-repaired/sims/verilator/generated-src/chipyard.TestHarness.SmallBoomConfig/verilator.h -include /opt/spechunter/chipyard-issue-715-repaired/sims/verilator/generated-src/chipyard.TestHarness.SmallBoomConfig/chipyard.TestHarness.SmallBoomConfig.debug/VTestHarness.h  -DVL_THREADED -std=c++17 -Os -c -o VTestHarness___024root__DepSet_hcfd557fa__9.o VTestHarness___024root__DepSet_hcfd557fa__9.cpp
In file included from /opt/spechunter/chipyard-issue-715/.conda-env/share/verilator/include/verilated.h:35,
                 from /opt/spechunter/chipyard-issue-715/.conda-env/share/verilator/include/verilated_vcd_c.h:24,
                 from /opt/spechunter/chipyard-issue-715-repaired/sims/verilator/generated-src/chipyard.TestHarness.SmallBoomConfig/verilator.h:4,
                 from <command-line>:
/opt/spechunter/chipyard-issue-715/.conda-env/share/verilator/include/verilatedos.h:291: warning: "__STDC_FORMAT_MACROS" redefined
  291 | #define __STDC_FORMAT_MACROS
      | 
<command-line>: note: this is the location of the previous definition
/opt/spechunter/chipyard-issue-715/.conda-env/bin/x86_64-conda-linux-gnu-c++  -I.  -MMD -I/opt/spechunter/chipyard-issue-715/.conda-env/share/verilator/include -I/opt/spechunter/chipyard-issue-715/.conda-env/share/verilator/include/vltstd -DVM_COVERAGE=0 -DVM_SC=0 -DVM_TRACE=1 -DVM_TRACE_FST=0 -DVM_TRACE_VCD=1 -faligned-new -fcf-protection=none -Wno-bool-operation -Wno-sign-compare -Wno-uninitialized -Wno-unused-but-set-variable -Wno-unused-parameter -Wno-unused-variable -Wno-shadow     -O3 -std=c++11 -I/opt/spechunter/chipyard-issue-715/.conda-env/riscv-tools/include -I/opt/spechunter/chipyard-issue-715-repaired/tools/DRAMSim2 -I/opt/spechunter/chipyard-issue-715-repaired/sims/verilator/generated-src/chipyard.TestHarness.SmallBoomConfig    -D__STDC_FORMAT_MACROS -DTEST_HARNESS=VTestHarness -DVERILATOR -include /opt/spechunter/chipyard-issue-715-repaired/sims/verilator/generated-src/chipyard.TestHarness.SmallBoomConfig/chipyard.TestHarness.SmallBoomConfig.plusArgs -include /opt/spechunter/chipyard-issue-715-repaired/sims/verilator/generated-src/chipyard.TestHarness.SmallBoomConfig/verilator.h -include /opt/spechunter/chipyard-issue-715-repaired/sims/verilator/generated-src/chipyard.TestHarness.SmallBoomConfig/chipyard.TestHarness.SmallBoomConfig.debug/VTestHarness.h  -DVL_THREADED -std=c++17 -Os -c -o VTestHarness___024root__DepSet_hcfd557fa__10.o VTestHarness___024root__DepSet_hcfd557fa__10.cpp
In file included from /opt/spechunter/chipyard-issue-715/.conda-env/share/verilator/include/verilated.h:35,
                 from /opt/spechunter/chipyard-issue-715/.conda-env/share/verilator/include/verilated_vcd_c.h:24,
                 from /opt/spechunter/chipyard-issue-715-repaired/sims/verilator/generated-src/chipyard.TestHarness.SmallBoomConfig/verilator.h:4,
                 from <command-line>:
/opt/spechunter/chipyard-issue-715/.conda-env/share/verilator/include/verilatedos.h:291: warning: "__STDC_FORMAT_MACROS" redefined
  291 | #define __STDC_FORMAT_MACROS
      | 
<command-line>: note: this is the location of the previous definition
/opt/spechunter/chipyard-issue-715/.conda-env/bin/x86_64-conda-linux-gnu-c++  -I.  -MMD -I/opt/spechunter/chipyard-issue-715/.conda-env/share/verilator/include -I/opt/spechunter/chipyard-issue-715/.conda-env/share/verilator/include/vltstd -DVM_COVERAGE=0 -DVM_SC=0 -DVM_TRACE=1 -DVM_TRACE_FST=0 -DVM_TRACE_VCD=1 -faligned-new -fcf-protection=none -Wno-bool-operation -Wno-sign-compare -Wno-uninitialized -Wno-unused-but-set-variable -Wno-unused-parameter -Wno-unused-variable -Wno-shadow     -O3 -std=c++11 -I/opt/spechunter/chipyard-issue-715/.conda-env/riscv-tools/include -I/opt/spechunter/chipyard-issue-715-repaired/tools/DRAMSim2 -I/opt/spechunter/chipyard-issue-715-repaired/sims/verilator/generated-src/chipyard.TestHarness.SmallBoomConfig    -D__STDC_FORMAT_MACROS -DTEST_HARNESS=VTestHarness -DVERILATOR -include /opt/spechunter/chipyard-issue-715-repaired/sims/verilator/generated-src/chipyard.TestHarness.SmallBoomConfig/chipyard.TestHarness.SmallBoomConfig.plusArgs -include /opt/spechunter/chipyard-issue-715-repaired/sims/verilator/generated-src/chipyard.TestHarness.SmallBoomConfig/verilator.h -include /opt/spechunter/chipyard-issue-715-repaired/sims/verilator/generated-src/chipyard.TestHarness.SmallBoomConfig/chipyard.TestHarness.SmallBoomConfig.debug/VTestHarness.h  -DVL_THREADED -std=c++17 -Os -c -o VTestHarness___024root__DepSet_hcfd557fa__11.o VTestHarness___024root__DepSet_hcfd557fa__11.cpp
In file included from /opt/spechunter/chipyard-issue-715/.conda-env/share/verilator/include/verilated.h:35,
                 from /opt/spechunter/chipyard-issue-715/.conda-env/share/verilator/include/verilated_vcd_c.h:24,
                 from /opt/spechunter/chipyard-issue-715-repaired/sims/verilator/generated-src/chipyard.TestHarness.SmallBoomConfig/verilator.h:4,
                 from <command-line>:
/opt/spechunter/chipyard-issue-715/.conda-env/share/verilator/include/verilatedos.h:291: warning: "__STDC_FORMAT_MACROS" redefined
  291 | #define __STDC_FORMAT_MACROS
      | 
<command-line>: note: this is the location of the previous definition
/opt/spechunter/chipyard-issue-715/.conda-env/bin/x86_64-conda-linux-gnu-c++  -I.  -MMD -I/opt/spechunter/chipyard-issue-715/.conda-env/share/verilator/include -I/opt/spechunter/chipyard-issue-715/.conda-env/share/verilator/include/vltstd -DVM_COVERAGE=0 -DVM_SC=0 -DVM_TRACE=1 -DVM_TRACE_FST=0 -DVM_TRACE_VCD=1 -faligned-new -fcf-protection=none -Wno-bool-operation -Wno-sign-compare -Wno-uninitialized -Wno-unused-but-set-variable -Wno-unused-parameter -Wno-unused-variable -Wno-shadow     -O3 -std=c++11 -I/opt/spechunter/chipyard-issue-715/.conda-env/riscv-tools/include -I/opt/spechunter/chipyard-issue-715-repaired/tools/DRAMSim2 -I/opt/spechunter/chipyard-issue-715-repaired/sims/verilator/generated-src/chipyard.TestHarness.SmallBoomConfig    -D__STDC_FORMAT_MACROS -DTEST_HARNESS=VTestHarness -DVERILATOR -include /opt/spechunter/chipyard-issue-715-repaired/sims/verilator/generated-src/chipyard.TestHarness.SmallBoomConfig/chipyard.TestHarness.SmallBoomConfig.plusArgs -include /opt/spechunter/chipyard-issue-715-repaired/sims/verilator/generated-src/chipyard.TestHarness.SmallBoomConfig/verilator.h -include /opt/spechunter/chipyard-issue-715-repaired/sims/verilator/generated-src/chipyard.TestHarness.SmallBoomConfig/chipyard.TestHarness.SmallBoomConfig.debug/VTestHarness.h  -DVL_THREADED -std=c++17 -Os -c -o VTestHarness___024root__DepSet_hcfd557fa__12.o VTestHarness___024root__DepSet_hcfd557fa__12.cpp
In file included from /opt/spechunter/chipyard-issue-715/.conda-env/share/verilator/include/verilated.h:35,
                 from /opt/spechunter/chipyard-issue-715/.conda-env/share/verilator/include/verilated_vcd_c.h:24,
                 from /opt/spechunter/chipyard-issue-715-repaired/sims/verilator/generated-src/chipyard.TestHarness.SmallBoomConfig/verilator.h:4,
                 from <command-line>:
/opt/spechunter/chipyard-issue-715/.conda-env/share/verilator/include/verilatedos.h:291: warning: "__STDC_FORMAT_MACROS" redefined
  291 | #define __STDC_FORMAT_MACROS
      | 
<command-line>: note: this is the location of the previous definition
/opt/spechunter/chipyard-issue-715/.conda-env/bin/x86_64-conda-linux-gnu-c++  -I.  -MMD -I/opt/spechunter/chipyard-issue-715/.conda-env/share/verilator/include -I/opt/spechunter/chipyard-issue-715/.conda-env/share/verilator/include/vltstd -DVM_COVERAGE=0 -DVM_SC=0 -DVM_TRACE=1 -DVM_TRACE_FST=0 -DVM_TRACE_VCD=1 -faligned-new -fcf-protection=none -Wno-bool-operation -Wno-sign-compare -Wno-uninitialized -Wno-unused-but-set-variable -Wno-unused-parameter -Wno-unused-variable -Wno-shadow     -O3 -std=c++11 -I/opt/spechunter/chipyard-issue-715/.conda-env/riscv-tools/include -I/opt/spechunter/chipyard-issue-715-repaired/tools/DRAMSim2 -I/opt/spechunter/chipyard-issue-715-repaired/sims/verilator/generated-src/chipyard.TestHarness.SmallBoomConfig    -D__STDC_FORMAT_MACROS -DTEST_HARNESS=VTestHarness -DVERILATOR -include /opt/spechunter/chipyard-issue-715-repaired/sims/verilator/generated-src/chipyard.TestHarness.SmallBoomConfig/chipyard.TestHarness.SmallBoomConfig.plusArgs -include /opt/spechunter/chipyard-issue-715-repaired/sims/verilator/generated-src/chipyard.TestHarness.SmallBoomConfig/verilator.h -include /opt/spechunter/chipyard-issue-715-repaired/sims/verilator/generated-src/chipyard.TestHarness.SmallBoomConfig/chipyard.TestHarness.SmallBoomConfig.debug/VTestHarness.h  -DVL_THREADED -std=c++17 -Os -c -o VTestHarness___024root__DepSet_hcfd557fa__13.o VTestHarness___024root__DepSet_hcfd557fa__13.cpp
In file included from /opt/spechunter/chipyard-issue-715/.conda-env/share/verilator/include/verilated.h:35,
                 from /opt/spechunter/chipyard-issue-715/.conda-env/share/verilator/include/verilated_vcd_c.h:24,
                 from /opt/spechunter/chipyard-issue-715-repaired/sims/verilator/generated-src/chipyard.TestHarness.SmallBoomConfig/verilator.h:4,
                 from <command-line>:
/opt/spechunter/chipyard-issue-715/.conda-env/share/verilator/include/verilatedos.h:291: warning: "__STDC_FORMAT_MACROS" redefined
  291 | #define __STDC_FORMAT_MACROS
      | 
<command-line>: note: this is the location of the previous definition
/opt/spechunter/chipyard-issue-715/.conda-env/bin/x86_64-conda-linux-gnu-c++  -I.  -MMD -I/opt/spechunter/chipyard-issue-715/.conda-env/share/verilator/include -I/opt/spechunter/chipyard-issue-715/.conda-env/share/verilator/include/vltstd -DVM_COVERAGE=0 -DVM_SC=0 -DVM_TRACE=1 -DVM_TRACE_FST=0 -DVM_TRACE_VCD=1 -faligned-new -fcf-protection=none -Wno-bool-operation -Wno-sign-compare -Wno-uninitialized -Wno-unused-but-set-variable -Wno-unused-parameter -Wno-unused-variable -Wno-shadow     -O3 -std=c++11 -I/opt/spechunter/chipyard-issue-715/.conda-env/riscv-tools/include -I/opt/spechunter/chipyard-issue-715-repaired/tools/DRAMSim2 -I/opt/spechunter/chipyard-issue-715-repaired/sims/verilator/generated-src/chipyard.TestHarness.SmallBoomConfig    -D__STDC_FORMAT_MACROS -DTEST_HARNESS=VTestHarness -DVERILATOR -include /opt/spechunter/chipyard-issue-715-repaired/sims/verilator/generated-src/chipyard.TestHarness.SmallBoomConfig/chipyard.TestHarness.SmallBoomConfig.plusArgs -include /opt/spechunter/chipyard-issue-715-repaired/sims/verilator/generated-src/chipyard.TestHarness.SmallBoomConfig/verilator.h -include /opt/spechunter/chipyard-issue-715-repaired/sims/verilator/generated-src/chipyard.TestHarness.SmallBoomConfig/chipyard.TestHarness.SmallBoomConfig.debug/VTestHarness.h  -DVL_THREADED -std=c++17 -Os -c -o VTestHarness___024root__DepSet_hcfd557fa__14.o VTestHarness___024root__DepSet_hcfd557fa__14.cpp
In file included from /opt/spechunter/chipyard-issue-715/.conda-env/share/verilator/include/verilated.h:35,
                 from /opt/spechunter/chipyard-issue-715/.conda-env/share/verilator/include/verilated_vcd_c.h:24,
                 from /opt/spechunter/chipyard-issue-715-repaired/sims/verilator/generated-src/chipyard.TestHarness.SmallBoomConfig/verilator.h:4,
                 from <command-line>:
/opt/spechunter/chipyard-issue-715/.conda-env/share/verilator/include/verilatedos.h:291: warning: "__STDC_FORMAT_MACROS" redefined
  291 | #define __STDC_FORMAT_MACROS
      | 
<command-line>: note: this is the location of the previous definition
/opt/spechunter/chipyard-issue-715/.conda-env/bin/x86_64-conda-linux-gnu-c++  -I.  -MMD -I/opt/spechunter/chipyard-issue-715/.conda-env/share/verilator/include -I/opt/spechunter/chipyard-issue-715/.conda-env/share/verilator/include/vltstd -DVM_COVERAGE=0 -DVM_SC=0 -DVM_TRACE=1 -DVM_TRACE_FST=0 -DVM_TRACE_VCD=1 -faligned-new -fcf-protection=none -Wno-bool-operation -Wno-sign-compare -Wno-uninitialized -Wno-unused-but-set-variable -Wno-unused-parameter -Wno-unused-variable -Wno-shadow     -O3 -std=c++11 -I/opt/spechunter/chipyard-issue-715/.conda-env/riscv-tools/include -I/opt/spechunter/chipyard-issue-715-repaired/tools/DRAMSim2 -I/opt/spechunter/chipyard-issue-715-repaired/sims/verilator/generated-src/chipyard.TestHarness.SmallBoomConfig    -D__STDC_FORMAT_MACROS -DTEST_HARNESS=VTestHarness -DVERILATOR -include /opt/spechunter/chipyard-issue-715-repaired/sims/verilator/generated-src/chipyard.TestHarness.SmallBoomConfig/chipyard.TestHarness.SmallBoomConfig.plusArgs -include /opt/spechunter/chipyard-issue-715-repaired/sims/verilator/generated-src/chipyard.TestHarness.SmallBoomConfig/verilator.h -include /opt/spechunter/chipyard-issue-715-repaired/sims/verilator/generated-src/chipyard.TestHarness.SmallBoomConfig/chipyard.TestHarness.SmallBoomConfig.debug/VTestHarness.h  -DVL_THREADED -std=c++17 -Os -c -o VTestHarness___024root__DepSet_hcfd557fa__15.o VTestHarness___024root__DepSet_hcfd557fa__15.cpp
In file included from /opt/spechunter/chipyard-issue-715/.conda-env/share/verilator/include/verilated.h:35,
                 from /opt/spechunter/chipyard-issue-715/.conda-env/share/verilator/include/verilated_vcd_c.h:24,
                 from /opt/spechunter/chipyard-issue-715-repaired/sims/verilator/generated-src/chipyard.TestHarness.SmallBoomConfig/verilator.h:4,
                 from <command-line>:
/opt/spechunter/chipyard-issue-715/.conda-env/share/verilator/include/verilatedos.h:291: warning: "__STDC_FORMAT_MACROS" redefined
  291 | #define __STDC_FORMAT_MACROS
      | 
<command-line>: note: this is the location of the previous definition
/opt/spechunter/chipyard-issue-715/.conda-env/bin/x86_64-conda-linux-gnu-c++  -I.  -MMD -I/opt/spechunter/chipyard-issue-715/.conda-env/share/verilator/include -I/opt/spechunter/chipyard-issue-715/.conda-env/share/verilator/include/vltstd -DVM_COVERAGE=0 -DVM_SC=0 -DVM_TRACE=1 -DVM_TRACE_FST=0 -DVM_TRACE_VCD=1 -faligned-new -fcf-protection=none -Wno-bool-operation -Wno-sign-compare -Wno-uninitialized -Wno-unused-but-set-variable -Wno-unused-parameter -Wno-unused-variable -Wno-shadow     -O3 -std=c++11 -I/opt/spechunter/chipyard-issue-715/.conda-env/riscv-tools/include -I/opt/spechunter/chipyard-issue-715-repaired/tools/DRAMSim2 -I/opt/spechunter/chipyard-issue-715-repaired/sims/verilator/generated-src/chipyard.TestHarness.SmallBoomConfig    -D__STDC_FORMAT_MACROS -DTEST_HARNESS=VTestHarness -DVERILATOR -include /opt/spechunter/chipyard-issue-715-repaired/sims/verilator/generated-src/chipyard.TestHarness.SmallBoomConfig/chipyard.TestHarness.SmallBoomConfig.plusArgs -include /opt/spechunter/chipyard-issue-715-repaired/sims/verilator/generated-src/chipyard.TestHarness.SmallBoomConfig/verilator.h -include /opt/spechunter/chipyard-issue-715-repaired/sims/verilator/generated-src/chipyard.TestHarness.SmallBoomConfig/chipyard.TestHarness.SmallBoomConfig.debug/VTestHarness.h  -DVL_THREADED -std=c++17 -Os -c -o VTestHarness___024root__DepSet_hcfd557fa__16.o VTestHarness___024root__DepSet_hcfd557fa__16.cpp
In file included from /opt/spechunter/chipyard-issue-715/.conda-env/share/verilator/include/verilated.h:35,
                 from /opt/spechunter/chipyard-issue-715/.conda-env/share/verilator/include/verilated_vcd_c.h:24,
                 from /opt/spechunter/chipyard-issue-715-repaired/sims/verilator/generated-src/chipyard.TestHarness.SmallBoomConfig/verilator.h:4,
                 from <command-line>:
/opt/spechunter/chipyard-issue-715/.conda-env/share/verilator/include/verilatedos.h:291: warning: "__STDC_FORMAT_MACROS" redefined
  291 | #define __STDC_FORMAT_MACROS
      | 
<command-line>: note: this is the location of the previous definition
/opt/spechunter/chipyard-issue-715/.conda-env/bin/x86_64-conda-linux-gnu-c++  -I.  -MMD -I/opt/spechunter/chipyard-issue-715/.conda-env/share/verilator/include -I/opt/spechunter/chipyard-issue-715/.conda-env/share/verilator/include/vltstd -DVM_COVERAGE=0 -DVM_SC=0 -DVM_TRACE=1 -DVM_TRACE_FST=0 -DVM_TRACE_VCD=1 -faligned-new -fcf-protection=none -Wno-bool-operation -Wno-sign-compare -Wno-uninitialized -Wno-unused-but-set-variable -Wno-unused-parameter -Wno-unused-variable -Wno-shadow     -O3 -std=c++11 -I/opt/spechunter/chipyard-issue-715/.conda-env/riscv-tools/include -I/opt/spechunter/chipyard-issue-715-repaired/tools/DRAMSim2 -I/opt/spechunter/chipyard-issue-715-repaired/sims/verilator/generated-src/chipyard.TestHarness.SmallBoomConfig    -D__STDC_FORMAT_MACROS -DTEST_HARNESS=VTestHarness -DVERILATOR -include /opt/spechunter/chipyard-issue-715-repaired/sims/verilator/generated-src/chipyard.TestHarness.SmallBoomConfig/chipyard.TestHarness.SmallBoomConfig.plusArgs -include /opt/spechunter/chipyard-issue-715-repaired/sims/verilator/generated-src/chipyard.TestHarness.SmallBoomConfig/verilator.h -include /opt/spechunter/chipyard-issue-715-repaired/sims/verilator/generated-src/chipyard.TestHarness.SmallBoomConfig/chipyard.TestHarness.SmallBoomConfig.debug/VTestHarness.h  -DVL_THREADED -std=c++17 -Os -c -o VTestHarness___024root__DepSet_hcfd557fa__17.o VTestHarness___024root__DepSet_hcfd557fa__17.cpp
In file included from /opt/spechunter/chipyard-issue-715/.conda-env/share/verilator/include/verilated.h:35,
                 from /opt/spechunter/chipyard-issue-715/.conda-env/share/verilator/include/verilated_vcd_c.h:24,
                 from /opt/spechunter/chipyard-issue-715-repaired/sims/verilator/generated-src/chipyard.TestHarness.SmallBoomConfig/verilator.h:4,
                 from <command-line>:
/opt/spechunter/chipyard-issue-715/.conda-env/share/verilator/include/verilatedos.h:291: warning: "__STDC_FORMAT_MACROS" redefined
  291 | #define __STDC_FORMAT_MACROS
      | 
<command-line>: note: this is the location of the previous definition
/opt/spechunter/chipyard-issue-715/.conda-env/bin/x86_64-conda-linux-gnu-c++  -I.  -MMD -I/opt/spechunter/chipyard-issue-715/.conda-env/share/verilator/include -I/opt/spechunter/chipyard-issue-715/.conda-env/share/verilator/include/vltstd -DVM_COVERAGE=0 -DVM_SC=0 -DVM_TRACE=1 -DVM_TRACE_FST=0 -DVM_TRACE_VCD=1 -faligned-new -fcf-protection=none -Wno-bool-operation -Wno-sign-compare -Wno-uninitialized -Wno-unused-but-set-variable -Wno-unused-parameter -Wno-unused-variable -Wno-shadow     -O3 -std=c++11 -I/opt/spechunter/chipyard-issue-715/.conda-env/riscv-tools/include -I/opt/spechunter/chipyard-issue-715-repaired/tools/DRAMSim2 -I/opt/spechunter/chipyard-issue-715-repaired/sims/verilator/generated-src/chipyard.TestHarness.SmallBoomConfig    -D__STDC_FORMAT_MACROS -DTEST_HARNESS=VTestHarness -DVERILATOR -include /opt/spechunter/chipyard-issue-715-repaired/sims/verilator/generated-src/chipyard.TestHarness.SmallBoomConfig/chipyard.TestHarness.SmallBoomConfig.plusArgs -include /opt/spechunter/chipyard-issue-715-repaired/sims/verilator/generated-src/chipyard.TestHarness.SmallBoomConfig/verilator.h -include /opt/spechunter/chipyard-issue-715-repaired/sims/verilator/generated-src/chipyard.TestHarness.SmallBoomConfig/chipyard.TestHarness.SmallBoomConfig.debug/VTestHarness.h  -DVL_THREADED -std=c++17 -Os -c -o VTestHarness___024root__DepSet_hcfd557fa__18.o VTestHarness___024root__DepSet_hcfd557fa__18.cpp
In file included from /opt/spechunter/chipyard-issue-715/.conda-env/share/verilator/include/verilated.h:35,
                 from /opt/spechunter/chipyard-issue-715/.conda-env/share/verilator/include/verilated_vcd_c.h:24,
                 from /opt/spechunter/chipyard-issue-715-repaired/sims/verilator/generated-src/chipyard.TestHarness.SmallBoomConfig/verilator.h:4,
                 from <command-line>:
/opt/spechunter/chipyard-issue-715/.conda-env/share/verilator/include/verilatedos.h:291: warning: "__STDC_FORMAT_MACROS" redefined
  291 | #define __STDC_FORMAT_MACROS
      | 
<command-line>: note: this is the location of the previous definition
/opt/spechunter/chipyard-issue-715/.conda-env/bin/x86_64-conda-linux-gnu-c++  -I.  -MMD -I/opt/spechunter/chipyard-issue-715/.conda-env/share/verilator/include -I/opt/spechunter/chipyard-issue-715/.conda-env/share/verilator/include/vltstd -DVM_COVERAGE=0 -DVM_SC=0 -DVM_TRACE=1 -DVM_TRACE_FST=0 -DVM_TRACE_VCD=1 -faligned-new -fcf-protection=none -Wno-bool-operation -Wno-sign-compare -Wno-uninitialized -Wno-unused-but-set-variable -Wno-unused-parameter -Wno-unused-variable -Wno-shadow     -O3 -std=c++11 -I/opt/spechunter/chipyard-issue-715/.conda-env/riscv-tools/include -I/opt/spechunter/chipyard-issue-715-repaired/tools/DRAMSim2 -I/opt/spechunter/chipyard-issue-715-repaired/sims/verilator/generated-src/chipyard.TestHarness.SmallBoomConfig    -D__STDC_FORMAT_MACROS -DTEST_HARNESS=VTestHarness -DVERILATOR -include /opt/spechunter/chipyard-issue-715-repaired/sims/verilator/generated-src/chipyard.TestHarness.SmallBoomConfig/chipyard.TestHarness.SmallBoomConfig.plusArgs -include /opt/spechunter/chipyard-issue-715-repaired/sims/verilator/generated-src/chipyard.TestHarness.SmallBoomConfig/verilator.h -include /opt/spechunter/chipyard-issue-715-repaired/sims/verilator/generated-src/chipyard.TestHarness.SmallBoomConfig/chipyard.TestHarness.SmallBoomConfig.debug/VTestHarness.h  -DVL_THREADED -std=c++17 -Os -c -o VTestHarness___024root__DepSet_hcfd557fa__19.o VTestHarness___024root__DepSet_hcfd557fa__19.cpp
In file included from /opt/spechunter/chipyard-issue-715/.conda-env/share/verilator/include/verilated.h:35,
                 from /opt/spechunter/chipyard-issue-715/.conda-env/share/verilator/include/verilated_vcd_c.h:24,
                 from /opt/spechunter/chipyard-issue-715-repaired/sims/verilator/generated-src/chipyard.TestHarness.SmallBoomConfig/verilator.h:4,
                 from <command-line>:
/opt/spechunter/chipyard-issue-715/.conda-env/share/verilator/include/verilatedos.h:291: warning: "__STDC_FORMAT_MACROS" redefined
  291 | #define __STDC_FORMAT_MACROS
      | 
<command-line>: note: this is the location of the previous definition
/opt/spechunter/chipyard-issue-715/.conda-env/bin/x86_64-conda-linux-gnu-c++  -I.  -MMD -I/opt/spechunter/chipyard-issue-715/.conda-env/share/verilator/include -I/opt/spechunter/chipyard-issue-715/.conda-env/share/verilator/include/vltstd -DVM_COVERAGE=0 -DVM_SC=0 -DVM_TRACE=1 -DVM_TRACE_FST=0 -DVM_TRACE_VCD=1 -faligned-new -fcf-protection=none -Wno-bool-operation -Wno-sign-compare -Wno-uninitialized -Wno-unused-but-set-variable -Wno-unused-parameter -Wno-unused-variable -Wno-shadow     -O3 -std=c++11 -I/opt/spechunter/chipyard-issue-715/.conda-env/riscv-tools/include -I/opt/spechunter/chipyard-issue-715-repaired/tools/DRAMSim2 -I/opt/spechunter/chipyard-issue-715-repaired/sims/verilator/generated-src/chipyard.TestHarness.SmallBoomConfig    -D__STDC_FORMAT_MACROS -DTEST_HARNESS=VTestHarness -DVERILATOR -include /opt/spechunter/chipyard-issue-715-repaired/sims/verilator/generated-src/chipyard.TestHarness.SmallBoomConfig/chipyard.TestHarness.SmallBoomConfig.plusArgs -include /opt/spechunter/chipyard-issue-715-repaired/sims/verilator/generated-src/chipyard.TestHarness.SmallBoomConfig/verilator.h -include /opt/spechunter/chipyard-issue-715-repaired/sims/verilator/generated-src/chipyard.TestHarness.SmallBoomConfig/chipyard.TestHarness.SmallBoomConfig.debug/VTestHarness.h  -DVL_THREADED -std=c++17 -Os -c -o VTestHarness___024root__DepSet_hcfd557fa__20.o VTestHarness___024root__DepSet_hcfd557fa__20.cpp
In file included from /opt/spechunter/chipyard-issue-715/.conda-env/share/verilator/include/verilated.h:35,
                 from /opt/spechunter/chipyard-issue-715/.conda-env/share/verilator/include/verilated_vcd_c.h:24,
                 from /opt/spechunter/chipyard-issue-715-repaired/sims/verilator/generated-src/chipyard.TestHarness.SmallBoomConfig/verilator.h:4,
                 from <command-line>:
/opt/spechunter/chipyard-issue-715/.conda-env/share/verilator/include/verilatedos.h:291: warning: "__STDC_FORMAT_MACROS" redefined
  291 | #define __STDC_FORMAT_MACROS
      | 
<command-line>: note: this is the location of the previous definition
/opt/spechunter/chipyard-issue-715/.conda-env/bin/x86_64-conda-linux-gnu-c++  -I.  -MMD -I/opt/spechunter/chipyard-issue-715/.conda-env/share/verilator/include -I/opt/spechunter/chipyard-issue-715/.conda-env/share/verilator/include/vltstd -DVM_COVERAGE=0 -DVM_SC=0 -DVM_TRACE=1 -DVM_TRACE_FST=0 -DVM_TRACE_VCD=1 -faligned-new -fcf-protection=none -Wno-bool-operation -Wno-sign-compare -Wno-uninitialized -Wno-unused-but-set-variable -Wno-unused-parameter -Wno-unused-variable -Wno-shadow     -O3 -std=c++11 -I/opt/spechunter/chipyard-issue-715/.conda-env/riscv-tools/include -I/opt/spechunter/chipyard-issue-715-repaired/tools/DRAMSim2 -I/opt/spechunter/chipyard-issue-715-repaired/sims/verilator/generated-src/chipyard.TestHarness.SmallBoomConfig    -D__STDC_FORMAT_MACROS -DTEST_HARNESS=VTestHarness -DVERILATOR -include /opt/spechunter/chipyard-issue-715-repaired/sims/verilator/generated-src/chipyard.TestHarness.SmallBoomConfig/chipyard.TestHarness.SmallBoomConfig.plusArgs -include /opt/spechunter/chipyard-issue-715-repaired/sims/verilator/generated-src/chipyard.TestHarness.SmallBoomConfig/verilator.h -include /opt/spechunter/chipyard-issue-715-repaired/sims/verilator/generated-src/chipyard.TestHarness.SmallBoomConfig/chipyard.TestHarness.SmallBoomConfig.debug/VTestHarness.h  -DVL_THREADED -std=c++17 -Os -c -o VTestHarness___024root__DepSet_hcfd557fa__21.o VTestHarness___024root__DepSet_hcfd557fa__21.cpp
/opt/spechunter/chipyard-issue-715/.conda-env/bin/x86_64-conda-linux-gnu-c++  -I.  -MMD -I/opt/spechunter/chipyard-issue-715/.conda-env/share/verilator/include -I/opt/spechunter/chipyard-issue-715/.conda-env/share/verilator/include/vltstd -DVM_COVERAGE=0 -DVM_SC=0 -DVM_TRACE=1 -DVM_TRACE_FST=0 -DVM_TRACE_VCD=1 -faligned-new -fcf-protection=none -Wno-bool-operation -Wno-sign-compare -Wno-uninitialized -Wno-unused-but-set-variable -Wno-unused-parameter -Wno-unused-variable -Wno-shadow     -O3 -std=c++11 -I/opt/spechunter/chipyard-issue-715/.conda-env/riscv-tools/include -I/opt/spechunter/chipyard-issue-715-repaired/tools/DRAMSim2 -I/opt/spechunter/chipyard-issue-715-repaired/sims/verilator/generated-src/chipyard.TestHarness.SmallBoomConfig    -D__STDC_FORMAT_MACROS -DTEST_HARNESS=VTestHarness -DVERILATOR -include /opt/spechunter/chipyard-issue-715-repaired/sims/verilator/generated-src/chipyard.TestHarness.SmallBoomConfig/chipyard.TestHarness.SmallBoomConfig.plusArgs -include /opt/spechunter/chipyard-issue-715-repaired/sims/verilator/generated-src/chipyard.TestHarness.SmallBoomConfig/verilator.h -include /opt/spechunter/chipyard-issue-715-repaired/sims/verilator/generated-src/chipyard.TestHarness.SmallBoomConfig/chipyard.TestHarness.SmallBoomConfig.debug/VTestHarness.h  -DVL_THREADED -std=c++17 -Os -c -o VTestHarness___024root__DepSet_hcfd557fa__22.o VTestHarness___024root__DepSet_hcfd557fa__22.cpp
In file included from /opt/spechunter/chipyard-issue-715/.conda-env/share/verilator/include/verilated.h:35,
                 from /opt/spechunter/chipyard-issue-715/.conda-env/share/verilator/include/verilated_vcd_c.h:24,
                 from /opt/spechunter/chipyard-issue-715-repaired/sims/verilator/generated-src/chipyard.TestHarness.SmallBoomConfig/verilator.h:4,
                 from <command-line>:
/opt/spechunter/chipyard-issue-715/.conda-env/share/verilator/include/verilatedos.h:291: warning: "__STDC_FORMAT_MACROS" redefined
  291 | #define __STDC_FORMAT_MACROS
      | 
<command-line>: note: this is the location of the previous definition
In file included from /opt/spechunter/chipyard-issue-715/.conda-env/share/verilator/include/verilated.h:35,
                 from /opt/spechunter/chipyard-issue-715/.conda-env/share/verilator/include/verilated_vcd_c.h:24,
                 from /opt/spechunter/chipyard-issue-715-repaired/sims/verilator/generated-src/chipyard.TestHarness.SmallBoomConfig/verilator.h:4,
                 from <command-line>:
/opt/spechunter/chipyard-issue-715/.conda-env/share/verilator/include/verilatedos.h:291: warning: "__STDC_FORMAT_MACROS" redefined
  291 | #define __STDC_FORMAT_MACROS
      | 
<command-line>: note: this is the location of the previous definition
/opt/spechunter/chipyard-issue-715/.conda-env/bin/x86_64-conda-linux-gnu-c++  -I.  -MMD -I/opt/spechunter/chipyard-issue-715/.conda-env/share/verilator/include -I/opt/spechunter/chipyard-issue-715/.conda-env/share/verilator/include/vltstd -DVM_COVERAGE=0 -DVM_SC=0 -DVM_TRACE=1 -DVM_TRACE_FST=0 -DVM_TRACE_VCD=1 -faligned-new -fcf-protection=none -Wno-bool-operation -Wno-sign-compare -Wno-uninitialized -Wno-unused-but-set-variable -Wno-unused-parameter -Wno-unused-variable -Wno-shadow     -O3 -std=c++11 -I/opt/spechunter/chipyard-issue-715/.conda-env/riscv-tools/include -I/opt/spechunter/chipyard-issue-715-repaired/tools/DRAMSim2 -I/opt/spechunter/chipyard-issue-715-repaired/sims/verilator/generated-src/chipyard.TestHarness.SmallBoomConfig    -D__STDC_FORMAT_MACROS -DTEST_HARNESS=VTestHarness -DVERILATOR -include /opt/spechunter/chipyard-issue-715-repaired/sims/verilator/generated-src/chipyard.TestHarness.SmallBoomConfig/chipyard.TestHarness.SmallBoomConfig.plusArgs -include /opt/spechunter/chipyard-issue-715-repaired/sims/verilator/generated-src/chipyard.TestHarness.SmallBoomConfig/verilator.h -include /opt/spechunter/chipyard-issue-715-repaired/sims/verilator/generated-src/chipyard.TestHarness.SmallBoomConfig/chipyard.TestHarness.SmallBoomConfig.debug/VTestHarness.h  -DVL_THREADED -std=c++17 -Os -c -o VTestHarness___024root__DepSet_hcfd557fa__23.o VTestHarness___024root__DepSet_hcfd557fa__23.cpp
In file included from /opt/spechunter/chipyard-issue-715/.conda-env/share/verilator/include/verilated.h:35,
                 from /opt/spechunter/chipyard-issue-715/.conda-env/share/verilator/include/verilated_vcd_c.h:24,
                 from /opt/spechunter/chipyard-issue-715-repaired/sims/verilator/generated-src/chipyard.TestHarness.SmallBoomConfig/verilator.h:4,
                 from <command-line>:
/opt/spechunter/chipyard-issue-715/.conda-env/share/verilator/include/verilatedos.h:291: warning: "__STDC_FORMAT_MACROS" redefined
  291 | #define __STDC_FORMAT_MACROS
      | 
<command-line>: note: this is the location of the previous definition
/opt/spechunter/chipyard-issue-715/.conda-env/bin/x86_64-conda-linux-gnu-c++  -I.  -MMD -I/opt/spechunter/chipyard-issue-715/.conda-env/share/verilator/include -I/opt/spechunter/chipyard-issue-715/.conda-env/share/verilator/include/vltstd -DVM_COVERAGE=0 -DVM_SC=0 -DVM_TRACE=1 -DVM_TRACE_FST=0 -DVM_TRACE_VCD=1 -faligned-new -fcf-protection=none -Wno-bool-operation -Wno-sign-compare -Wno-uninitialized -Wno-unused-but-set-variable -Wno-unused-parameter -Wno-unused-variable -Wno-shadow     -O3 -std=c++11 -I/opt/spechunter/chipyard-issue-715/.conda-env/riscv-tools/include -I/opt/spechunter/chipyard-issue-715-repaired/tools/DRAMSim2 -I/opt/spechunter/chipyard-issue-715-repaired/sims/verilator/generated-src/chipyard.TestHarness.SmallBoomConfig    -D__STDC_FORMAT_MACROS -DTEST_HARNESS=VTestHarness -DVERILATOR -include /opt/spechunter/chipyard-issue-715-repaired/sims/verilator/generated-src/chipyard.TestHarness.SmallBoomConfig/chipyard.TestHarness.SmallBoomConfig.plusArgs -include /opt/spechunter/chipyard-issue-715-repaired/sims/verilator/generated-src/chipyard.TestHarness.SmallBoomConfig/verilator.h -include /opt/spechunter/chipyard-issue-715-repaired/sims/verilator/generated-src/chipyard.TestHarness.SmallBoomConfig/chipyard.TestHarness.SmallBoomConfig.debug/VTestHarness.h  -DVL_THREADED -std=c++17 -Os -c -o VTestHarness___024root__DepSet_hcfd557fa__24.o VTestHarness___024root__DepSet_hcfd557fa__24.cpp
In file included from /opt/spechunter/chipyard-issue-715/.conda-env/share/verilator/include/verilated.h:35,
                 from /opt/spechunter/chipyard-issue-715/.conda-env/share/verilator/include/verilated_vcd_c.h:24,
                 from /opt/spechunter/chipyard-issue-715-repaired/sims/verilator/generated-src/chipyard.TestHarness.SmallBoomConfig/verilator.h:4,
                 from <command-line>:
/opt/spechunter/chipyard-issue-715/.conda-env/share/verilator/include/verilatedos.h:291: warning: "__STDC_FORMAT_MACROS" redefined
  291 | #define __STDC_FORMAT_MACROS
      | 
<command-line>: note: this is the location of the previous definition
/opt/spechunter/chipyard-issue-715/.conda-env/bin/x86_64-conda-linux-gnu-c++  -I.  -MMD -I/opt/spechunter/chipyard-issue-715/.conda-env/share/verilator/include -I/opt/spechunter/chipyard-issue-715/.conda-env/share/verilator/include/vltstd -DVM_COVERAGE=0 -DVM_SC=0 -DVM_TRACE=1 -DVM_TRACE_FST=0 -DVM_TRACE_VCD=1 -faligned-new -fcf-protection=none -Wno-bool-operation -Wno-sign-compare -Wno-uninitialized -Wno-unused-but-set-variable -Wno-unused-parameter -Wno-unused-variable -Wno-shadow     -O3 -std=c++11 -I/opt/spechunter/chipyard-issue-715/.conda-env/riscv-tools/include -I/opt/spechunter/chipyard-issue-715-repaired/tools/DRAMSim2 -I/opt/spechunter/chipyard-issue-715-repaired/sims/verilator/generated-src/chipyard.TestHarness.SmallBoomConfig    -D__STDC_FORMAT_MACROS -DTEST_HARNESS=VTestHarness -DVERILATOR -include /opt/spechunter/chipyard-issue-715-repaired/sims/verilator/generated-src/chipyard.TestHarness.SmallBoomConfig/chipyard.TestHarness.SmallBoomConfig.plusArgs -include /opt/spechunter/chipyard-issue-715-repaired/sims/verilator/generated-src/chipyard.TestHarness.SmallBoomConfig/verilator.h -include /opt/spechunter/chipyard-issue-715-repaired/sims/verilator/generated-src/chipyard.TestHarness.SmallBoomConfig/chipyard.TestHarness.SmallBoomConfig.debug/VTestHarness.h  -DVL_THREADED -std=c++17 -Os -c -o VTestHarness___024root__DepSet_hcfd557fa__25.o VTestHarness___024root__DepSet_hcfd557fa__25.cpp
In file included from /opt/spechunter/chipyard-issue-715/.conda-env/share/verilator/include/verilated.h:35,
                 from /opt/spechunter/chipyard-issue-715/.conda-env/share/verilator/include/verilated_vcd_c.h:24,
                 from /opt/spechunter/chipyard-issue-715-repaired/sims/verilator/generated-src/chipyard.TestHarness.SmallBoomConfig/verilator.h:4,
                 from <command-line>:
/opt/spechunter/chipyard-issue-715/.conda-env/share/verilator/include/verilatedos.h:291: warning: "__STDC_FORMAT_MACROS" redefined
  291 | #define __STDC_FORMAT_MACROS
      | 
<command-line>: note: this is the location of the previous definition
/opt/spechunter/chipyard-issue-715/.conda-env/bin/x86_64-conda-linux-gnu-c++  -I.  -MMD -I/opt/spechunter/chipyard-issue-715/.conda-env/share/verilator/include -I/opt/spechunter/chipyard-issue-715/.conda-env/share/verilator/include/vltstd -DVM_COVERAGE=0 -DVM_SC=0 -DVM_TRACE=1 -DVM_TRACE_FST=0 -DVM_TRACE_VCD=1 -faligned-new -fcf-protection=none -Wno-bool-operation -Wno-sign-compare -Wno-uninitialized -Wno-unused-but-set-variable -Wno-unused-parameter -Wno-unused-variable -Wno-shadow     -O3 -std=c++11 -I/opt/spechunter/chipyard-issue-715/.conda-env/riscv-tools/include -I/opt/spechunter/chipyard-issue-715-repaired/tools/DRAMSim2 -I/opt/spechunter/chipyard-issue-715-repaired/sims/verilator/generated-src/chipyard.TestHarness.SmallBoomConfig    -D__STDC_FORMAT_MACROS -DTEST_HARNESS=VTestHarness -DVERILATOR -include /opt/spechunter/chipyard-issue-715-repaired/sims/verilator/generated-src/chipyard.TestHarness.SmallBoomConfig/chipyard.TestHarness.SmallBoomConfig.plusArgs -include /opt/spechunter/chipyard-issue-715-repaired/sims/verilator/generated-src/chipyard.TestHarness.SmallBoomConfig/verilator.h -include /opt/spechunter/chipyard-issue-715-repaired/sims/verilator/generated-src/chipyard.TestHarness.SmallBoomConfig/chipyard.TestHarness.SmallBoomConfig.debug/VTestHarness.h  -DVL_THREADED -std=c++17 -Os -c -o VTestHarness___024root__DepSet_hcfd557fa__26.o VTestHarness___024root__DepSet_hcfd557fa__26.cpp
In file included from /opt/spechunter/chipyard-issue-715/.conda-env/share/verilator/include/verilated.h:35,
                 from /opt/spechunter/chipyard-issue-715/.conda-env/share/verilator/include/verilated_vcd_c.h:24,
                 from /opt/spechunter/chipyard-issue-715-repaired/sims/verilator/generated-src/chipyard.TestHarness.SmallBoomConfig/verilator.h:4,
                 from <command-line>:
/opt/spechunter/chipyard-issue-715/.conda-env/share/verilator/include/verilatedos.h:291: warning: "__STDC_FORMAT_MACROS" redefined
  291 | #define __STDC_FORMAT_MACROS
      | 
<command-line>: note: this is the location of the previous definition
/opt/spechunter/chipyard-issue-715/.conda-env/bin/x86_64-conda-linux-gnu-c++  -I.  -MMD -I/opt/spechunter/chipyard-issue-715/.conda-env/share/verilator/include -I/opt/spechunter/chipyard-issue-715/.conda-env/share/verilator/include/vltstd -DVM_COVERAGE=0 -DVM_SC=0 -DVM_TRACE=1 -DVM_TRACE_FST=0 -DVM_TRACE_VCD=1 -faligned-new -fcf-protection=none -Wno-bool-operation -Wno-sign-compare -Wno-uninitialized -Wno-unused-but-set-variable -Wno-unused-parameter -Wno-unused-variable -Wno-shadow     -O3 -std=c++11 -I/opt/spechunter/chipyard-issue-715/.conda-env/riscv-tools/include -I/opt/spechunter/chipyard-issue-715-repaired/tools/DRAMSim2 -I/opt/spechunter/chipyard-issue-715-repaired/sims/verilator/generated-src/chipyard.TestHarness.SmallBoomConfig    -D__STDC_FORMAT_MACROS -DTEST_HARNESS=VTestHarness -DVERILATOR -include /opt/spechunter/chipyard-issue-715-repaired/sims/verilator/generated-src/chipyard.TestHarness.SmallBoomConfig/chipyard.TestHarness.SmallBoomConfig.plusArgs -include /opt/spechunter/chipyard-issue-715-repaired/sims/verilator/generated-src/chipyard.TestHarness.SmallBoomConfig/verilator.h -include /opt/spechunter/chipyard-issue-715-repaired/sims/verilator/generated-src/chipyard.TestHarness.SmallBoomConfig/chipyard.TestHarness.SmallBoomConfig.debug/VTestHarness.h  -DVL_THREADED -std=c++17 -Os -c -o VTestHarness___024root__DepSet_hcfd557fa__27.o VTestHarness___024root__DepSet_hcfd557fa__27.cpp
In file included from /opt/spechunter/chipyard-issue-715/.conda-env/share/verilator/include/verilated.h:35,
                 from /opt/spechunter/chipyard-issue-715/.conda-env/share/verilator/include/verilated_vcd_c.h:24,
                 from /opt/spechunter/chipyard-issue-715-repaired/sims/verilator/generated-src/chipyard.TestHarness.SmallBoomConfig/verilator.h:4,
                 from <command-line>:
/opt/spechunter/chipyard-issue-715/.conda-env/share/verilator/include/verilatedos.h:291: warning: "__STDC_FORMAT_MACROS" redefined
  291 | #define __STDC_FORMAT_MACROS
      | 
<command-line>: note: this is the location of the previous definition
/opt/spechunter/chipyard-issue-715/.conda-env/bin/x86_64-conda-linux-gnu-c++  -I.  -MMD -I/opt/spechunter/chipyard-issue-715/.conda-env/share/verilator/include -I/opt/spechunter/chipyard-issue-715/.conda-env/share/verilator/include/vltstd -DVM_COVERAGE=0 -DVM_SC=0 -DVM_TRACE=1 -DVM_TRACE_FST=0 -DVM_TRACE_VCD=1 -faligned-new -fcf-protection=none -Wno-bool-operation -Wno-sign-compare -Wno-uninitialized -Wno-unused-but-set-variable -Wno-unused-parameter -Wno-unused-variable -Wno-shadow     -O3 -std=c++11 -I/opt/spechunter/chipyard-issue-715/.conda-env/riscv-tools/include -I/opt/spechunter/chipyard-issue-715-repaired/tools/DRAMSim2 -I/opt/spechunter/chipyard-issue-715-repaired/sims/verilator/generated-src/chipyard.TestHarness.SmallBoomConfig    -D__STDC_FORMAT_MACROS -DTEST_HARNESS=VTestHarness -DVERILATOR -include /opt/spechunter/chipyard-issue-715-repaired/sims/verilator/generated-src/chipyard.TestHarness.SmallBoomConfig/chipyard.TestHarness.SmallBoomConfig.plusArgs -include /opt/spechunter/chipyard-issue-715-repaired/sims/verilator/generated-src/chipyard.TestHarness.SmallBoomConfig/verilator.h -include /opt/spechunter/chipyard-issue-715-repaired/sims/verilator/generated-src/chipyard.TestHarness.SmallBoomConfig/chipyard.TestHarness.SmallBoomConfig.debug/VTestHarness.h  -DVL_THREADED -std=c++17 -Os -c -o VTestHarness___024root__DepSet_hcfd557fa__28.o VTestHarness___024root__DepSet_hcfd557fa__28.cpp
In file included from /opt/spechunter/chipyard-issue-715/.conda-env/share/verilator/include/verilated.h:35,
                 from /opt/spechunter/chipyard-issue-715/.conda-env/share/verilator/include/verilated_vcd_c.h:24,
                 from /opt/spechunter/chipyard-issue-715-repaired/sims/verilator/generated-src/chipyard.TestHarness.SmallBoomConfig/verilator.h:4,
                 from <command-line>:
/opt/spechunter/chipyard-issue-715/.conda-env/share/verilator/include/verilatedos.h:291: warning: "__STDC_FORMAT_MACROS" redefined
  291 | #define __STDC_FORMAT_MACROS
      | 
<command-line>: note: this is the location of the previous definition
/opt/spechunter/chipyard-issue-715/.conda-env/bin/x86_64-conda-linux-gnu-c++  -I.  -MMD -I/opt/spechunter/chipyard-issue-715/.conda-env/share/verilator/include -I/opt/spechunter/chipyard-issue-715/.conda-env/share/verilator/include/vltstd -DVM_COVERAGE=0 -DVM_SC=0 -DVM_TRACE=1 -DVM_TRACE_FST=0 -DVM_TRACE_VCD=1 -faligned-new -fcf-protection=none -Wno-bool-operation -Wno-sign-compare -Wno-uninitialized -Wno-unused-but-set-variable -Wno-unused-parameter -Wno-unused-variable -Wno-shadow     -O3 -std=c++11 -I/opt/spechunter/chipyard-issue-715/.conda-env/riscv-tools/include -I/opt/spechunter/chipyard-issue-715-repaired/tools/DRAMSim2 -I/opt/spechunter/chipyard-issue-715-repaired/sims/verilator/generated-src/chipyard.TestHarness.SmallBoomConfig    -D__STDC_FORMAT_MACROS -DTEST_HARNESS=VTestHarness -DVERILATOR -include /opt/spechunter/chipyard-issue-715-repaired/sims/verilator/generated-src/chipyard.TestHarness.SmallBoomConfig/chipyard.TestHarness.SmallBoomConfig.plusArgs -include /opt/spechunter/chipyard-issue-715-repaired/sims/verilator/generated-src/chipyard.TestHarness.SmallBoomConfig/verilator.h -include /opt/spechunter/chipyard-issue-715-repaired/sims/verilator/generated-src/chipyard.TestHarness.SmallBoomConfig/chipyard.TestHarness.SmallBoomConfig.debug/VTestHarness.h  -DVL_THREADED -std=c++17 -Os -c -o VTestHarness___024root__DepSet_hcfd557fa__29.o VTestHarness___024root__DepSet_hcfd557fa__29.cpp
In file included from /opt/spechunter/chipyard-issue-715/.conda-env/share/verilator/include/verilated.h:35,
                 from /opt/spechunter/chipyard-issue-715/.conda-env/share/verilator/include/verilated_vcd_c.h:24,
                 from /opt/spechunter/chipyard-issue-715-repaired/sims/verilator/generated-src/chipyard.TestHarness.SmallBoomConfig/verilator.h:4,
                 from <command-line>:
/opt/spechunter/chipyard-issue-715/.conda-env/share/verilator/include/verilatedos.h:291: warning: "__STDC_FORMAT_MACROS" redefined
  291 | #define __STDC_FORMAT_MACROS
      | 
<command-line>: note: this is the location of the previous definition
/opt/spechunter/chipyard-issue-715/.conda-env/bin/x86_64-conda-linux-gnu-c++  -I.  -MMD -I/opt/spechunter/chipyard-issue-715/.conda-env/share/verilator/include -I/opt/spechunter/chipyard-issue-715/.conda-env/share/verilator/include/vltstd -DVM_COVERAGE=0 -DVM_SC=0 -DVM_TRACE=1 -DVM_TRACE_FST=0 -DVM_TRACE_VCD=1 -faligned-new -fcf-protection=none -Wno-bool-operation -Wno-sign-compare -Wno-uninitialized -Wno-unused-but-set-variable -Wno-unused-parameter -Wno-unused-variable -Wno-shadow     -O3 -std=c++11 -I/opt/spechunter/chipyard-issue-715/.conda-env/riscv-tools/include -I/opt/spechunter/chipyard-issue-715-repaired/tools/DRAMSim2 -I/opt/spechunter/chipyard-issue-715-repaired/sims/verilator/generated-src/chipyard.TestHarness.SmallBoomConfig    -D__STDC_FORMAT_MACROS -DTEST_HARNESS=VTestHarness -DVERILATOR -include /opt/spechunter/chipyard-issue-715-repaired/sims/verilator/generated-src/chipyard.TestHarness.SmallBoomConfig/chipyard.TestHarness.SmallBoomConfig.plusArgs -include /opt/spechunter/chipyard-issue-715-repaired/sims/verilator/generated-src/chipyard.TestHarness.SmallBoomConfig/verilator.h -include /opt/spechunter/chipyard-issue-715-repaired/sims/verilator/generated-src/chipyard.TestHarness.SmallBoomConfig/chipyard.TestHarness.SmallBoomConfig.debug/VTestHarness.h  -DVL_THREADED -std=c++17 -Os -c -o VTestHarness___024root__DepSet_hcfd557fa__30.o VTestHarness___024root__DepSet_hcfd557fa__30.cpp
In file included from /opt/spechunter/chipyard-issue-715/.conda-env/share/verilator/include/verilated.h:35,
                 from /opt/spechunter/chipyard-issue-715/.conda-env/share/verilator/include/verilated_vcd_c.h:24,
                 from /opt/spechunter/chipyard-issue-715-repaired/sims/verilator/generated-src/chipyard.TestHarness.SmallBoomConfig/verilator.h:4,
                 from <command-line>:
/opt/spechunter/chipyard-issue-715/.conda-env/share/verilator/include/verilatedos.h:291: warning: "__STDC_FORMAT_MACROS" redefined
  291 | #define __STDC_FORMAT_MACROS
      | 
<command-line>: note: this is the location of the previous definition
/opt/spechunter/chipyard-issue-715/.conda-env/bin/x86_64-conda-linux-gnu-c++  -I.  -MMD -I/opt/spechunter/chipyard-issue-715/.conda-env/share/verilator/include -I/opt/spechunter/chipyard-issue-715/.conda-env/share/verilator/include/vltstd -DVM_COVERAGE=0 -DVM_SC=0 -DVM_TRACE=1 -DVM_TRACE_FST=0 -DVM_TRACE_VCD=1 -faligned-new -fcf-protection=none -Wno-bool-operation -Wno-sign-compare -Wno-uninitialized -Wno-unused-but-set-variable -Wno-unused-parameter -Wno-unused-variable -Wno-shadow     -O3 -std=c++11 -I/opt/spechunter/chipyard-issue-715/.conda-env/riscv-tools/include -I/opt/spechunter/chipyard-issue-715-repaired/tools/DRAMSim2 -I/opt/spechunter/chipyard-issue-715-repaired/sims/verilator/generated-src/chipyard.TestHarness.SmallBoomConfig    -D__STDC_FORMAT_MACROS -DTEST_HARNESS=VTestHarness -DVERILATOR -include /opt/spechunter/chipyard-issue-715-repaired/sims/verilator/generated-src/chipyard.TestHarness.SmallBoomConfig/chipyard.TestHarness.SmallBoomConfig.plusArgs -include /opt/spechunter/chipyard-issue-715-repaired/sims/verilator/generated-src/chipyard.TestHarness.SmallBoomConfig/verilator.h -include /opt/spechunter/chipyard-issue-715-repaired/sims/verilator/generated-src/chipyard.TestHarness.SmallBoomConfig/chipyard.TestHarness.SmallBoomConfig.debug/VTestHarness.h  -DVL_THREADED -std=c++17 -Os -c -o VTestHarness___024root__DepSet_hcfd557fa__31.o VTestHarness___024root__DepSet_hcfd557fa__31.cpp
In file included from /opt/spechunter/chipyard-issue-715/.conda-env/share/verilator/include/verilated.h:35,
                 from /opt/spechunter/chipyard-issue-715/.conda-env/share/verilator/include/verilated_vcd_c.h:24,
                 from /opt/spechunter/chipyard-issue-715-repaired/sims/verilator/generated-src/chipyard.TestHarness.SmallBoomConfig/verilator.h:4,
                 from <command-line>:
/opt/spechunter/chipyard-issue-715/.conda-env/share/verilator/include/verilatedos.h:291: warning: "__STDC_FORMAT_MACROS" redefined
  291 | #define __STDC_FORMAT_MACROS
      | 
<command-line>: note: this is the location of the previous definition
/opt/spechunter/chipyard-issue-715/.conda-env/bin/x86_64-conda-linux-gnu-c++  -I.  -MMD -I/opt/spechunter/chipyard-issue-715/.conda-env/share/verilator/include -I/opt/spechunter/chipyard-issue-715/.conda-env/share/verilator/include/vltstd -DVM_COVERAGE=0 -DVM_SC=0 -DVM_TRACE=1 -DVM_TRACE_FST=0 -DVM_TRACE_VCD=1 -faligned-new -fcf-protection=none -Wno-bool-operation -Wno-sign-compare -Wno-uninitialized -Wno-unused-but-set-variable -Wno-unused-parameter -Wno-unused-variable -Wno-shadow     -O3 -std=c++11 -I/opt/spechunter/chipyard-issue-715/.conda-env/riscv-tools/include -I/opt/spechunter/chipyard-issue-715-repaired/tools/DRAMSim2 -I/opt/spechunter/chipyard-issue-715-repaired/sims/verilator/generated-src/chipyard.TestHarness.SmallBoomConfig    -D__STDC_FORMAT_MACROS -DTEST_HARNESS=VTestHarness -DVERILATOR -include /opt/spechunter/chipyard-issue-715-repaired/sims/verilator/generated-src/chipyard.TestHarness.SmallBoomConfig/chipyard.TestHarness.SmallBoomConfig.plusArgs -include /opt/spechunter/chipyard-issue-715-repaired/sims/verilator/generated-src/chipyard.TestHarness.SmallBoomConfig/verilator.h -include /opt/spechunter/chipyard-issue-715-repaired/sims/verilator/generated-src/chipyard.TestHarness.SmallBoomConfig/chipyard.TestHarness.SmallBoomConfig.debug/VTestHarness.h  -DVL_THREADED -std=c++17 -Os -c -o VTestHarness___024root__DepSet_hcfd557fa__32.o VTestHarness___024root__DepSet_hcfd557fa__32.cpp
In file included from /opt/spechunter/chipyard-issue-715/.conda-env/share/verilator/include/verilated.h:35,
                 from /opt/spechunter/chipyard-issue-715/.conda-env/share/verilator/include/verilated_vcd_c.h:24,
                 from /opt/spechunter/chipyard-issue-715-repaired/sims/verilator/generated-src/chipyard.TestHarness.SmallBoomConfig/verilator.h:4,
                 from <command-line>:
/opt/spechunter/chipyard-issue-715/.conda-env/share/verilator/include/verilatedos.h:291: warning: "__STDC_FORMAT_MACROS" redefined
  291 | #define __STDC_FORMAT_MACROS
      | 
<command-line>: note: this is the location of the previous definition
/opt/spechunter/chipyard-issue-715/.conda-env/bin/x86_64-conda-linux-gnu-c++  -I.  -MMD -I/opt/spechunter/chipyard-issue-715/.conda-env/share/verilator/include -I/opt/spechunter/chipyard-issue-715/.conda-env/share/verilator/include/vltstd -DVM_COVERAGE=0 -DVM_SC=0 -DVM_TRACE=1 -DVM_TRACE_FST=0 -DVM_TRACE_VCD=1 -faligned-new -fcf-protection=none -Wno-bool-operation -Wno-sign-compare -Wno-uninitialized -Wno-unused-but-set-variable -Wno-unused-parameter -Wno-unused-variable -Wno-shadow     -O3 -std=c++11 -I/opt/spechunter/chipyard-issue-715/.conda-env/riscv-tools/include -I/opt/spechunter/chipyard-issue-715-repaired/tools/DRAMSim2 -I/opt/spechunter/chipyard-issue-715-repaired/sims/verilator/generated-src/chipyard.TestHarness.SmallBoomConfig    -D__STDC_FORMAT_MACROS -DTEST_HARNESS=VTestHarness -DVERILATOR -include /opt/spechunter/chipyard-issue-715-repaired/sims/verilator/generated-src/chipyard.TestHarness.SmallBoomConfig/chipyard.TestHarness.SmallBoomConfig.plusArgs -include /opt/spechunter/chipyard-issue-715-repaired/sims/verilator/generated-src/chipyard.TestHarness.SmallBoomConfig/verilator.h -include /opt/spechunter/chipyard-issue-715-repaired/sims/verilator/generated-src/chipyard.TestHarness.SmallBoomConfig/chipyard.TestHarness.SmallBoomConfig.debug/VTestHarness.h  -DVL_THREADED -std=c++17 -Os -c -o VTestHarness___024root__DepSet_hcfd557fa__33.o VTestHarness___024root__DepSet_hcfd557fa__33.cpp
In file included from /opt/spechunter/chipyard-issue-715/.conda-env/share/verilator/include/verilated.h:35,
                 from /opt/spechunter/chipyard-issue-715/.conda-env/share/verilator/include/verilated_vcd_c.h:24,
                 from /opt/spechunter/chipyard-issue-715-repaired/sims/verilator/generated-src/chipyard.TestHarness.SmallBoomConfig/verilator.h:4,
                 from <command-line>:
/opt/spechunter/chipyard-issue-715/.conda-env/share/verilator/include/verilatedos.h:291: warning: "__STDC_FORMAT_MACROS" redefined
  291 | #define __STDC_FORMAT_MACROS
      | 
<command-line>: note: this is the location of the previous definition
/opt/spechunter/chipyard-issue-715/.conda-env/bin/x86_64-conda-linux-gnu-c++  -I.  -MMD -I/opt/spechunter/chipyard-issue-715/.conda-env/share/verilator/include -I/opt/spechunter/chipyard-issue-715/.conda-env/share/verilator/include/vltstd -DVM_COVERAGE=0 -DVM_SC=0 -DVM_TRACE=1 -DVM_TRACE_FST=0 -DVM_TRACE_VCD=1 -faligned-new -fcf-protection=none -Wno-bool-operation -Wno-sign-compare -Wno-uninitialized -Wno-unused-but-set-variable -Wno-unused-parameter -Wno-unused-variable -Wno-shadow     -O3 -std=c++11 -I/opt/spechunter/chipyard-issue-715/.conda-env/riscv-tools/include -I/opt/spechunter/chipyard-issue-715-repaired/tools/DRAMSim2 -I/opt/spechunter/chipyard-issue-715-repaired/sims/verilator/generated-src/chipyard.TestHarness.SmallBoomConfig    -D__STDC_FORMAT_MACROS -DTEST_HARNESS=VTestHarness -DVERILATOR -include /opt/spechunter/chipyard-issue-715-repaired/sims/verilator/generated-src/chipyard.TestHarness.SmallBoomConfig/chipyard.TestHarness.SmallBoomConfig.plusArgs -include /opt/spechunter/chipyard-issue-715-repaired/sims/verilator/generated-src/chipyard.TestHarness.SmallBoomConfig/verilator.h -include /opt/spechunter/chipyard-issue-715-repaired/sims/verilator/generated-src/chipyard.TestHarness.SmallBoomConfig/chipyard.TestHarness.SmallBoomConfig.debug/VTestHarness.h  -DVL_THREADED -std=c++17 -Os -c -o VTestHarness___024root__DepSet_hcfd557fa__34.o VTestHarness___024root__DepSet_hcfd557fa__34.cpp
In file included from /opt/spechunter/chipyard-issue-715/.conda-env/share/verilator/include/verilated.h:35,
                 from /opt/spechunter/chipyard-issue-715/.conda-env/share/verilator/include/verilated_vcd_c.h:24,
                 from /opt/spechunter/chipyard-issue-715-repaired/sims/verilator/generated-src/chipyard.TestHarness.SmallBoomConfig/verilator.h:4,
                 from <command-line>:
/opt/spechunter/chipyard-issue-715/.conda-env/share/verilator/include/verilatedos.h:291: warning: "__STDC_FORMAT_MACROS" redefined
  291 | #define __STDC_FORMAT_MACROS
      | 
<command-line>: note: this is the location of the previous definition
/opt/spechunter/chipyard-issue-715/.conda-env/bin/x86_64-conda-linux-gnu-c++  -I.  -MMD -I/opt/spechunter/chipyard-issue-715/.conda-env/share/verilator/include -I/opt/spechunter/chipyard-issue-715/.conda-env/share/verilator/include/vltstd -DVM_COVERAGE=0 -DVM_SC=0 -DVM_TRACE=1 -DVM_TRACE_FST=0 -DVM_TRACE_VCD=1 -faligned-new -fcf-protection=none -Wno-bool-operation -Wno-sign-compare -Wno-uninitialized -Wno-unused-but-set-variable -Wno-unused-parameter -Wno-unused-variable -Wno-shadow     -O3 -std=c++11 -I/opt/spechunter/chipyard-issue-715/.conda-env/riscv-tools/include -I/opt/spechunter/chipyard-issue-715-repaired/tools/DRAMSim2 -I/opt/spechunter/chipyard-issue-715-repaired/sims/verilator/generated-src/chipyard.TestHarness.SmallBoomConfig    -D__STDC_FORMAT_MACROS -DTEST_HARNESS=VTestHarness -DVERILATOR -include /opt/spechunter/chipyard-issue-715-repaired/sims/verilator/generated-src/chipyard.TestHarness.SmallBoomConfig/chipyard.TestHarness.SmallBoomConfig.plusArgs -include /opt/spechunter/chipyard-issue-715-repaired/sims/verilator/generated-src/chipyard.TestHarness.SmallBoomConfig/verilator.h -include /opt/spechunter/chipyard-issue-715-repaired/sims/verilator/generated-src/chipyard.TestHarness.SmallBoomConfig/chipyard.TestHarness.SmallBoomConfig.debug/VTestHarness.h  -DVL_THREADED -std=c++17 -Os -c -o VTestHarness___024root__DepSet_hcfd557fa__35.o VTestHarness___024root__DepSet_hcfd557fa__35.cpp
In file included from /opt/spechunter/chipyard-issue-715/.conda-env/share/verilator/include/verilated.h:35,
                 from /opt/spechunter/chipyard-issue-715/.conda-env/share/verilator/include/verilated_vcd_c.h:24,
                 from /opt/spechunter/chipyard-issue-715-repaired/sims/verilator/generated-src/chipyard.TestHarness.SmallBoomConfig/verilator.h:4,
                 from <command-line>:
/opt/spechunter/chipyard-issue-715/.conda-env/share/verilator/include/verilatedos.h:291: warning: "__STDC_FORMAT_MACROS" redefined
  291 | #define __STDC_FORMAT_MACROS
      | 
<command-line>: note: this is the location of the previous definition
/opt/spechunter/chipyard-issue-715/.conda-env/bin/x86_64-conda-linux-gnu-c++  -I.  -MMD -I/opt/spechunter/chipyard-issue-715/.conda-env/share/verilator/include -I/opt/spechunter/chipyard-issue-715/.conda-env/share/verilator/include/vltstd -DVM_COVERAGE=0 -DVM_SC=0 -DVM_TRACE=1 -DVM_TRACE_FST=0 -DVM_TRACE_VCD=1 -faligned-new -fcf-protection=none -Wno-bool-operation -Wno-sign-compare -Wno-uninitialized -Wno-unused-but-set-variable -Wno-unused-parameter -Wno-unused-variable -Wno-shadow     -O3 -std=c++11 -I/opt/spechunter/chipyard-issue-715/.conda-env/riscv-tools/include -I/opt/spechunter/chipyard-issue-715-repaired/tools/DRAMSim2 -I/opt/spechunter/chipyard-issue-715-repaired/sims/verilator/generated-src/chipyard.TestHarness.SmallBoomConfig    -D__STDC_FORMAT_MACROS -DTEST_HARNESS=VTestHarness -DVERILATOR -include /opt/spechunter/chipyard-issue-715-repaired/sims/verilator/generated-src/chipyard.TestHarness.SmallBoomConfig/chipyard.TestHarness.SmallBoomConfig.plusArgs -include /opt/spechunter/chipyard-issue-715-repaired/sims/verilator/generated-src/chipyard.TestHarness.SmallBoomConfig/verilator.h -include /opt/spechunter/chipyard-issue-715-repaired/sims/verilator/generated-src/chipyard.TestHarness.SmallBoomConfig/chipyard.TestHarness.SmallBoomConfig.debug/VTestHarness.h  -DVL_THREADED -std=c++17 -Os -c -o VTestHarness___024root__DepSet_hcfd557fa__36.o VTestHarness___024root__DepSet_hcfd557fa__36.cpp
In file included from /opt/spechunter/chipyard-issue-715/.conda-env/share/verilator/include/verilated.h:35,
                 from /opt/spechunter/chipyard-issue-715/.conda-env/share/verilator/include/verilated_vcd_c.h:24,
                 from /opt/spechunter/chipyard-issue-715-repaired/sims/verilator/generated-src/chipyard.TestHarness.SmallBoomConfig/verilator.h:4,
                 from <command-line>:
/opt/spechunter/chipyard-issue-715/.conda-env/share/verilator/include/verilatedos.h:291: warning: "__STDC_FORMAT_MACROS" redefined
  291 | #define __STDC_FORMAT_MACROS
      | 
<command-line>: note: this is the location of the previous definition
/opt/spechunter/chipyard-issue-715/.conda-env/bin/x86_64-conda-linux-gnu-c++  -I.  -MMD -I/opt/spechunter/chipyard-issue-715/.conda-env/share/verilator/include -I/opt/spechunter/chipyard-issue-715/.conda-env/share/verilator/include/vltstd -DVM_COVERAGE=0 -DVM_SC=0 -DVM_TRACE=1 -DVM_TRACE_FST=0 -DVM_TRACE_VCD=1 -faligned-new -fcf-protection=none -Wno-bool-operation -Wno-sign-compare -Wno-uninitialized -Wno-unused-but-set-variable -Wno-unused-parameter -Wno-unused-variable -Wno-shadow     -O3 -std=c++11 -I/opt/spechunter/chipyard-issue-715/.conda-env/riscv-tools/include -I/opt/spechunter/chipyard-issue-715-repaired/tools/DRAMSim2 -I/opt/spechunter/chipyard-issue-715-repaired/sims/verilator/generated-src/chipyard.TestHarness.SmallBoomConfig    -D__STDC_FORMAT_MACROS -DTEST_HARNESS=VTestHarness -DVERILATOR -include /opt/spechunter/chipyard-issue-715-repaired/sims/verilator/generated-src/chipyard.TestHarness.SmallBoomConfig/chipyard.TestHarness.SmallBoomConfig.plusArgs -include /opt/spechunter/chipyard-issue-715-repaired/sims/verilator/generated-src/chipyard.TestHarness.SmallBoomConfig/verilator.h -include /opt/spechunter/chipyard-issue-715-repaired/sims/verilator/generated-src/chipyard.TestHarness.SmallBoomConfig/chipyard.TestHarness.SmallBoomConfig.debug/VTestHarness.h  -DVL_THREADED -std=c++17 -Os -c -o VTestHarness___024root__DepSet_hcfd557fa__37.o VTestHarness___024root__DepSet_hcfd557fa__37.cpp
In file included from /opt/spechunter/chipyard-issue-715/.conda-env/share/verilator/include/verilated.h:35,
                 from /opt/spechunter/chipyard-issue-715/.conda-env/share/verilator/include/verilated_vcd_c.h:24,
                 from /opt/spechunter/chipyard-issue-715-repaired/sims/verilator/generated-src/chipyard.TestHarness.SmallBoomConfig/verilator.h:4,
                 from <command-line>:
/opt/spechunter/chipyard-issue-715/.conda-env/share/verilator/include/verilatedos.h:291: warning: "__STDC_FORMAT_MACROS" redefined
  291 | #define __STDC_FORMAT_MACROS
      | 
<command-line>: note: this is the location of the previous definition
/opt/spechunter/chipyard-issue-715/.conda-env/bin/x86_64-conda-linux-gnu-c++  -I.  -MMD -I/opt/spechunter/chipyard-issue-715/.conda-env/share/verilator/include -I/opt/spechunter/chipyard-issue-715/.conda-env/share/verilator/include/vltstd -DVM_COVERAGE=0 -DVM_SC=0 -DVM_TRACE=1 -DVM_TRACE_FST=0 -DVM_TRACE_VCD=1 -faligned-new -fcf-protection=none -Wno-bool-operation -Wno-sign-compare -Wno-uninitialized -Wno-unused-but-set-variable -Wno-unused-parameter -Wno-unused-variable -Wno-shadow     -O3 -std=c++11 -I/opt/spechunter/chipyard-issue-715/.conda-env/riscv-tools/include -I/opt/spechunter/chipyard-issue-715-repaired/tools/DRAMSim2 -I/opt/spechunter/chipyard-issue-715-repaired/sims/verilator/generated-src/chipyard.TestHarness.SmallBoomConfig    -D__STDC_FORMAT_MACROS -DTEST_HARNESS=VTestHarness -DVERILATOR -include /opt/spechunter/chipyard-issue-715-repaired/sims/verilator/generated-src/chipyard.TestHarness.SmallBoomConfig/chipyard.TestHarness.SmallBoomConfig.plusArgs -include /opt/spechunter/chipyard-issue-715-repaired/sims/verilator/generated-src/chipyard.TestHarness.SmallBoomConfig/verilator.h -include /opt/spechunter/chipyard-issue-715-repaired/sims/verilator/generated-src/chipyard.TestHarness.SmallBoomConfig/chipyard.TestHarness.SmallBoomConfig.debug/VTestHarness.h  -DVL_THREADED -std=c++17 -Os -c -o VTestHarness___024root__DepSet_hcfd557fa__38.o VTestHarness___024root__DepSet_hcfd557fa__38.cpp
In file included from /opt/spechunter/chipyard-issue-715/.conda-env/share/verilator/include/verilated.h:35,
                 from /opt/spechunter/chipyard-issue-715/.conda-env/share/verilator/include/verilated_vcd_c.h:24,
                 from /opt/spechunter/chipyard-issue-715-repaired/sims/verilator/generated-src/chipyard.TestHarness.SmallBoomConfig/verilator.h:4,
                 from <command-line>:
/opt/spechunter/chipyard-issue-715/.conda-env/share/verilator/include/verilatedos.h:291: warning: "__STDC_FORMAT_MACROS" redefined
  291 | #define __STDC_FORMAT_MACROS
      | 
<command-line>: note: this is the location of the previous definition
/opt/spechunter/chipyard-issue-715/.conda-env/bin/x86_64-conda-linux-gnu-c++  -I.  -MMD -I/opt/spechunter/chipyard-issue-715/.conda-env/share/verilator/include -I/opt/spechunter/chipyard-issue-715/.conda-env/share/verilator/include/vltstd -DVM_COVERAGE=0 -DVM_SC=0 -DVM_TRACE=1 -DVM_TRACE_FST=0 -DVM_TRACE_VCD=1 -faligned-new -fcf-protection=none -Wno-bool-operation -Wno-sign-compare -Wno-uninitialized -Wno-unused-but-set-variable -Wno-unused-parameter -Wno-unused-variable -Wno-shadow     -O3 -std=c++11 -I/opt/spechunter/chipyard-issue-715/.conda-env/riscv-tools/include -I/opt/spechunter/chipyard-issue-715-repaired/tools/DRAMSim2 -I/opt/spechunter/chipyard-issue-715-repaired/sims/verilator/generated-src/chipyard.TestHarness.SmallBoomConfig    -D__STDC_FORMAT_MACROS -DTEST_HARNESS=VTestHarness -DVERILATOR -include /opt/spechunter/chipyard-issue-715-repaired/sims/verilator/generated-src/chipyard.TestHarness.SmallBoomConfig/chipyard.TestHarness.SmallBoomConfig.plusArgs -include /opt/spechunter/chipyard-issue-715-repaired/sims/verilator/generated-src/chipyard.TestHarness.SmallBoomConfig/verilator.h -include /opt/spechunter/chipyard-issue-715-repaired/sims/verilator/generated-src/chipyard.TestHarness.SmallBoomConfig/chipyard.TestHarness.SmallBoomConfig.debug/VTestHarness.h  -DVL_THREADED -std=c++17 -Os -c -o VTestHarness___024root__DepSet_hcfd557fa__39.o VTestHarness___024root__DepSet_hcfd557fa__39.cpp
In file included from /opt/spechunter/chipyard-issue-715/.conda-env/share/verilator/include/verilated.h:35,
                 from /opt/spechunter/chipyard-issue-715/.conda-env/share/verilator/include/verilated_vcd_c.h:24,
                 from /opt/spechunter/chipyard-issue-715-repaired/sims/verilator/generated-src/chipyard.TestHarness.SmallBoomConfig/verilator.h:4,
                 from <command-line>:
/opt/spechunter/chipyard-issue-715/.conda-env/share/verilator/include/verilatedos.h:291: warning: "__STDC_FORMAT_MACROS" redefined
  291 | #define __STDC_FORMAT_MACROS
      | 
<command-line>: note: this is the location of the previous definition
/opt/spechunter/chipyard-issue-715/.conda-env/bin/x86_64-conda-linux-gnu-c++  -I.  -MMD -I/opt/spechunter/chipyard-issue-715/.conda-env/share/verilator/include -I/opt/spechunter/chipyard-issue-715/.conda-env/share/verilator/include/vltstd -DVM_COVERAGE=0 -DVM_SC=0 -DVM_TRACE=1 -DVM_TRACE_FST=0 -DVM_TRACE_VCD=1 -faligned-new -fcf-protection=none -Wno-bool-operation -Wno-sign-compare -Wno-uninitialized -Wno-unused-but-set-variable -Wno-unused-parameter -Wno-unused-variable -Wno-shadow     -O3 -std=c++11 -I/opt/spechunter/chipyard-issue-715/.conda-env/riscv-tools/include -I/opt/spechunter/chipyard-issue-715-repaired/tools/DRAMSim2 -I/opt/spechunter/chipyard-issue-715-repaired/sims/verilator/generated-src/chipyard.TestHarness.SmallBoomConfig    -D__STDC_FORMAT_MACROS -DTEST_HARNESS=VTestHarness -DVERILATOR -include /opt/spechunter/chipyard-issue-715-repaired/sims/verilator/generated-src/chipyard.TestHarness.SmallBoomConfig/chipyard.TestHarness.SmallBoomConfig.plusArgs -include /opt/spechunter/chipyard-issue-715-repaired/sims/verilator/generated-src/chipyard.TestHarness.SmallBoomConfig/verilator.h -include /opt/spechunter/chipyard-issue-715-repaired/sims/verilator/generated-src/chipyard.TestHarness.SmallBoomConfig/chipyard.TestHarness.SmallBoomConfig.debug/VTestHarness.h  -DVL_THREADED -std=c++17 -Os -c -o VTestHarness___024root__DepSet_hcfd557fa__40.o VTestHarness___024root__DepSet_hcfd557fa__40.cpp
In file included from /opt/spechunter/chipyard-issue-715/.conda-env/share/verilator/include/verilated.h:35,
                 from /opt/spechunter/chipyard-issue-715/.conda-env/share/verilator/include/verilated_vcd_c.h:24,
                 from /opt/spechunter/chipyard-issue-715-repaired/sims/verilator/generated-src/chipyard.TestHarness.SmallBoomConfig/verilator.h:4,
                 from <command-line>:
/opt/spechunter/chipyard-issue-715/.conda-env/share/verilator/include/verilatedos.h:291: warning: "__STDC_FORMAT_MACROS" redefined
  291 | #define __STDC_FORMAT_MACROS
      | 
<command-line>: note: this is the location of the previous definition
/opt/spechunter/chipyard-issue-715/.conda-env/bin/x86_64-conda-linux-gnu-c++  -I.  -MMD -I/opt/spechunter/chipyard-issue-715/.conda-env/share/verilator/include -I/opt/spechunter/chipyard-issue-715/.conda-env/share/verilator/include/vltstd -DVM_COVERAGE=0 -DVM_SC=0 -DVM_TRACE=1 -DVM_TRACE_FST=0 -DVM_TRACE_VCD=1 -faligned-new -fcf-protection=none -Wno-bool-operation -Wno-sign-compare -Wno-uninitialized -Wno-unused-but-set-variable -Wno-unused-parameter -Wno-unused-variable -Wno-shadow     -O3 -std=c++11 -I/opt/spechunter/chipyard-issue-715/.conda-env/riscv-tools/include -I/opt/spechunter/chipyard-issue-715-repaired/tools/DRAMSim2 -I/opt/spechunter/chipyard-issue-715-repaired/sims/verilator/generated-src/chipyard.TestHarness.SmallBoomConfig    -D__STDC_FORMAT_MACROS -DTEST_HARNESS=VTestHarness -DVERILATOR -include /opt/spechunter/chipyard-issue-715-repaired/sims/verilator/generated-src/chipyard.TestHarness.SmallBoomConfig/chipyard.TestHarness.SmallBoomConfig.plusArgs -include /opt/spechunter/chipyard-issue-715-repaired/sims/verilator/generated-src/chipyard.TestHarness.SmallBoomConfig/verilator.h -include /opt/spechunter/chipyard-issue-715-repaired/sims/verilator/generated-src/chipyard.TestHarness.SmallBoomConfig/chipyard.TestHarness.SmallBoomConfig.debug/VTestHarness.h  -DVL_THREADED -std=c++17 -Os -c -o VTestHarness___024root__DepSet_hcfd557fa__41.o VTestHarness___024root__DepSet_hcfd557fa__41.cpp
In file included from /opt/spechunter/chipyard-issue-715/.conda-env/share/verilator/include/verilated.h:35,
                 from /opt/spechunter/chipyard-issue-715/.conda-env/share/verilator/include/verilated_vcd_c.h:24,
                 from /opt/spechunter/chipyard-issue-715-repaired/sims/verilator/generated-src/chipyard.TestHarness.SmallBoomConfig/verilator.h:4,
                 from <command-line>:
/opt/spechunter/chipyard-issue-715/.conda-env/share/verilator/include/verilatedos.h:291: warning: "__STDC_FORMAT_MACROS" redefined
  291 | #define __STDC_FORMAT_MACROS
      | 
<command-line>: note: this is the location of the previous definition
/opt/spechunter/chipyard-issue-715/.conda-env/bin/x86_64-conda-linux-gnu-c++  -I.  -MMD -I/opt/spechunter/chipyard-issue-715/.conda-env/share/verilator/include -I/opt/spechunter/chipyard-issue-715/.conda-env/share/verilator/include/vltstd -DVM_COVERAGE=0 -DVM_SC=0 -DVM_TRACE=1 -DVM_TRACE_FST=0 -DVM_TRACE_VCD=1 -faligned-new -fcf-protection=none -Wno-bool-operation -Wno-sign-compare -Wno-uninitialized -Wno-unused-but-set-variable -Wno-unused-parameter -Wno-unused-variable -Wno-shadow     -O3 -std=c++11 -I/opt/spechunter/chipyard-issue-715/.conda-env/riscv-tools/include -I/opt/spechunter/chipyard-issue-715-repaired/tools/DRAMSim2 -I/opt/spechunter/chipyard-issue-715-repaired/sims/verilator/generated-src/chipyard.TestHarness.SmallBoomConfig    -D__STDC_FORMAT_MACROS -DTEST_HARNESS=VTestHarness -DVERILATOR -include /opt/spechunter/chipyard-issue-715-repaired/sims/verilator/generated-src/chipyard.TestHarness.SmallBoomConfig/chipyard.TestHarness.SmallBoomConfig.plusArgs -include /opt/spechunter/chipyard-issue-715-repaired/sims/verilator/generated-src/chipyard.TestHarness.SmallBoomConfig/verilator.h -include /opt/spechunter/chipyard-issue-715-repaired/sims/verilator/generated-src/chipyard.TestHarness.SmallBoomConfig/chipyard.TestHarness.SmallBoomConfig.debug/VTestHarness.h  -DVL_THREADED -std=c++17 -Os -c -o VTestHarness___024root__DepSet_hcfd557fa__42.o VTestHarness___024root__DepSet_hcfd557fa__42.cpp
In file included from /opt/spechunter/chipyard-issue-715/.conda-env/share/verilator/include/verilated.h:35,
                 from /opt/spechunter/chipyard-issue-715/.conda-env/share/verilator/include/verilated_vcd_c.h:24,
                 from /opt/spechunter/chipyard-issue-715-repaired/sims/verilator/generated-src/chipyard.TestHarness.SmallBoomConfig/verilator.h:4,
                 from <command-line>:
/opt/spechunter/chipyard-issue-715/.conda-env/share/verilator/include/verilatedos.h:291: warning: "__STDC_FORMAT_MACROS" redefined
  291 | #define __STDC_FORMAT_MACROS
      | 
<command-line>: note: this is the location of the previous definition
/opt/spechunter/chipyard-issue-715/.conda-env/bin/x86_64-conda-linux-gnu-c++  -I.  -MMD -I/opt/spechunter/chipyard-issue-715/.conda-env/share/verilator/include -I/opt/spechunter/chipyard-issue-715/.conda-env/share/verilator/include/vltstd -DVM_COVERAGE=0 -DVM_SC=0 -DVM_TRACE=1 -DVM_TRACE_FST=0 -DVM_TRACE_VCD=1 -faligned-new -fcf-protection=none -Wno-bool-operation -Wno-sign-compare -Wno-uninitialized -Wno-unused-but-set-variable -Wno-unused-parameter -Wno-unused-variable -Wno-shadow     -O3 -std=c++11 -I/opt/spechunter/chipyard-issue-715/.conda-env/riscv-tools/include -I/opt/spechunter/chipyard-issue-715-repaired/tools/DRAMSim2 -I/opt/spechunter/chipyard-issue-715-repaired/sims/verilator/generated-src/chipyard.TestHarness.SmallBoomConfig    -D__STDC_FORMAT_MACROS -DTEST_HARNESS=VTestHarness -DVERILATOR -include /opt/spechunter/chipyard-issue-715-repaired/sims/verilator/generated-src/chipyard.TestHarness.SmallBoomConfig/chipyard.TestHarness.SmallBoomConfig.plusArgs -include /opt/spechunter/chipyard-issue-715-repaired/sims/verilator/generated-src/chipyard.TestHarness.SmallBoomConfig/verilator.h -include /opt/spechunter/chipyard-issue-715-repaired/sims/verilator/generated-src/chipyard.TestHarness.SmallBoomConfig/chipyard.TestHarness.SmallBoomConfig.debug/VTestHarness.h  -DVL_THREADED -std=c++17 -Os -c -o VTestHarness___024root__DepSet_hcfd557fa__43.o VTestHarness___024root__DepSet_hcfd557fa__43.cpp
/opt/spechunter/chipyard-issue-715/.conda-env/bin/x86_64-conda-linux-gnu-c++  -I.  -MMD -I/opt/spechunter/chipyard-issue-715/.conda-env/share/verilator/include -I/opt/spechunter/chipyard-issue-715/.conda-env/share/verilator/include/vltstd -DVM_COVERAGE=0 -DVM_SC=0 -DVM_TRACE=1 -DVM_TRACE_FST=0 -DVM_TRACE_VCD=1 -faligned-new -fcf-protection=none -Wno-bool-operation -Wno-sign-compare -Wno-uninitialized -Wno-unused-but-set-variable -Wno-unused-parameter -Wno-unused-variable -Wno-shadow     -O3 -std=c++11 -I/opt/spechunter/chipyard-issue-715/.conda-env/riscv-tools/include -I/opt/spechunter/chipyard-issue-715-repaired/tools/DRAMSim2 -I/opt/spechunter/chipyard-issue-715-repaired/sims/verilator/generated-src/chipyard.TestHarness.SmallBoomConfig    -D__STDC_FORMAT_MACROS -DTEST_HARNESS=VTestHarness -DVERILATOR -include /opt/spechunter/chipyard-issue-715-repaired/sims/verilator/generated-src/chipyard.TestHarness.SmallBoomConfig/chipyard.TestHarness.SmallBoomConfig.plusArgs -include /opt/spechunter/chipyard-issue-715-repaired/sims/verilator/generated-src/chipyard.TestHarness.SmallBoomConfig/verilator.h -include /opt/spechunter/chipyard-issue-715-repaired/sims/verilator/generated-src/chipyard.TestHarness.SmallBoomConfig/chipyard.TestHarness.SmallBoomConfig.debug/VTestHarness.h  -DVL_THREADED -std=c++17 -Os -c -o VTestHarness___024root__DepSet_hcfd557fa__44.o VTestHarness___024root__DepSet_hcfd557fa__44.cpp
In file included from /opt/spechunter/chipyard-issue-715/.conda-env/share/verilator/include/verilated.h:35,
                 from /opt/spechunter/chipyard-issue-715/.conda-env/share/verilator/include/verilated_vcd_c.h:24,
                 from /opt/spechunter/chipyard-issue-715-repaired/sims/verilator/generated-src/chipyard.TestHarness.SmallBoomConfig/verilator.h:4,
                 from <command-line>:
/opt/spechunter/chipyard-issue-715/.conda-env/share/verilator/include/verilatedos.h:291: warning: "__STDC_FORMAT_MACROS" redefined
  291 | #define __STDC_FORMAT_MACROS
      | 
<command-line>: note: this is the location of the previous definition
In file included from /opt/spechunter/chipyard-issue-715/.conda-env/share/verilator/include/verilated.h:35,
                 from /opt/spechunter/chipyard-issue-715/.conda-env/share/verilator/include/verilated_vcd_c.h:24,
                 from /opt/spechunter/chipyard-issue-715-repaired/sims/verilator/generated-src/chipyard.TestHarness.SmallBoomConfig/verilator.h:4,
                 from <command-line>:
/opt/spechunter/chipyard-issue-715/.conda-env/share/verilator/include/verilatedos.h:291: warning: "__STDC_FORMAT_MACROS" redefined
  291 | #define __STDC_FORMAT_MACROS
      | 
<command-line>: note: this is the location of the previous definition
/opt/spechunter/chipyard-issue-715/.conda-env/bin/x86_64-conda-linux-gnu-c++  -I.  -MMD -I/opt/spechunter/chipyard-issue-715/.conda-env/share/verilator/include -I/opt/spechunter/chipyard-issue-715/.conda-env/share/verilator/include/vltstd -DVM_COVERAGE=0 -DVM_SC=0 -DVM_TRACE=1 -DVM_TRACE_FST=0 -DVM_TRACE_VCD=1 -faligned-new -fcf-protection=none -Wno-bool-operation -Wno-sign-compare -Wno-uninitialized -Wno-unused-but-set-variable -Wno-unused-parameter -Wno-unused-variable -Wno-shadow     -O3 -std=c++11 -I/opt/spechunter/chipyard-issue-715/.conda-env/riscv-tools/include -I/opt/spechunter/chipyard-issue-715-repaired/tools/DRAMSim2 -I/opt/spechunter/chipyard-issue-715-repaired/sims/verilator/generated-src/chipyard.TestHarness.SmallBoomConfig    -D__STDC_FORMAT_MACROS -DTEST_HARNESS=VTestHarness -DVERILATOR -include /opt/spechunter/chipyard-issue-715-repaired/sims/verilator/generated-src/chipyard.TestHarness.SmallBoomConfig/chipyard.TestHarness.SmallBoomConfig.plusArgs -include /opt/spechunter/chipyard-issue-715-repaired/sims/verilator/generated-src/chipyard.TestHarness.SmallBoomConfig/verilator.h -include /opt/spechunter/chipyard-issue-715-repaired/sims/verilator/generated-src/chipyard.TestHarness.SmallBoomConfig/chipyard.TestHarness.SmallBoomConfig.debug/VTestHarness.h  -DVL_THREADED -std=c++17 -Os -c -o VTestHarness___024root__DepSet_hcfd557fa__45.o VTestHarness___024root__DepSet_hcfd557fa__45.cpp
In file included from /opt/spechunter/chipyard-issue-715/.conda-env/share/verilator/include/verilated.h:35,
                 from /opt/spechunter/chipyard-issue-715/.conda-env/share/verilator/include/verilated_vcd_c.h:24,
                 from /opt/spechunter/chipyard-issue-715-repaired/sims/verilator/generated-src/chipyard.TestHarness.SmallBoomConfig/verilator.h:4,
                 from <command-line>:
/opt/spechunter/chipyard-issue-715/.conda-env/share/verilator/include/verilatedos.h:291: warning: "__STDC_FORMAT_MACROS" redefined
  291 | #define __STDC_FORMAT_MACROS
      | 
<command-line>: note: this is the location of the previous definition
/opt/spechunter/chipyard-issue-715/.conda-env/bin/x86_64-conda-linux-gnu-c++  -I.  -MMD -I/opt/spechunter/chipyard-issue-715/.conda-env/share/verilator/include -I/opt/spechunter/chipyard-issue-715/.conda-env/share/verilator/include/vltstd -DVM_COVERAGE=0 -DVM_SC=0 -DVM_TRACE=1 -DVM_TRACE_FST=0 -DVM_TRACE_VCD=1 -faligned-new -fcf-protection=none -Wno-bool-operation -Wno-sign-compare -Wno-uninitialized -Wno-unused-but-set-variable -Wno-unused-parameter -Wno-unused-variable -Wno-shadow     -O3 -std=c++11 -I/opt/spechunter/chipyard-issue-715/.conda-env/riscv-tools/include -I/opt/spechunter/chipyard-issue-715-repaired/tools/DRAMSim2 -I/opt/spechunter/chipyard-issue-715-repaired/sims/verilator/generated-src/chipyard.TestHarness.SmallBoomConfig    -D__STDC_FORMAT_MACROS -DTEST_HARNESS=VTestHarness -DVERILATOR -include /opt/spechunter/chipyard-issue-715-repaired/sims/verilator/generated-src/chipyard.TestHarness.SmallBoomConfig/chipyard.TestHarness.SmallBoomConfig.plusArgs -include /opt/spechunter/chipyard-issue-715-repaired/sims/verilator/generated-src/chipyard.TestHarness.SmallBoomConfig/verilator.h -include /opt/spechunter/chipyard-issue-715-repaired/sims/verilator/generated-src/chipyard.TestHarness.SmallBoomConfig/chipyard.TestHarness.SmallBoomConfig.debug/VTestHarness.h  -DVL_THREADED -std=c++17 -Os -c -o VTestHarness___024root__DepSet_hcfd557fa__46.o VTestHarness___024root__DepSet_hcfd557fa__46.cpp
In file included from /opt/spechunter/chipyard-issue-715/.conda-env/share/verilator/include/verilated.h:35,
                 from /opt/spechunter/chipyard-issue-715/.conda-env/share/verilator/include/verilated_vcd_c.h:24,
                 from /opt/spechunter/chipyard-issue-715-repaired/sims/verilator/generated-src/chipyard.TestHarness.SmallBoomConfig/verilator.h:4,
                 from <command-line>:
/opt/spechunter/chipyard-issue-715/.conda-env/share/verilator/include/verilatedos.h:291: warning: "__STDC_FORMAT_MACROS" redefined
  291 | #define __STDC_FORMAT_MACROS
      | 
<command-line>: note: this is the location of the previous definition
/opt/spechunter/chipyard-issue-715/.conda-env/bin/x86_64-conda-linux-gnu-c++  -I.  -MMD -I/opt/spechunter/chipyard-issue-715/.conda-env/share/verilator/include -I/opt/spechunter/chipyard-issue-715/.conda-env/share/verilator/include/vltstd -DVM_COVERAGE=0 -DVM_SC=0 -DVM_TRACE=1 -DVM_TRACE_FST=0 -DVM_TRACE_VCD=1 -faligned-new -fcf-protection=none -Wno-bool-operation -Wno-sign-compare -Wno-uninitialized -Wno-unused-but-set-variable -Wno-unused-parameter -Wno-unused-variable -Wno-shadow     -O3 -std=c++11 -I/opt/spechunter/chipyard-issue-715/.conda-env/riscv-tools/include -I/opt/spechunter/chipyard-issue-715-repaired/tools/DRAMSim2 -I/opt/spechunter/chipyard-issue-715-repaired/sims/verilator/generated-src/chipyard.TestHarness.SmallBoomConfig    -D__STDC_FORMAT_MACROS -DTEST_HARNESS=VTestHarness -DVERILATOR -include /opt/spechunter/chipyard-issue-715-repaired/sims/verilator/generated-src/chipyard.TestHarness.SmallBoomConfig/chipyard.TestHarness.SmallBoomConfig.plusArgs -include /opt/spechunter/chipyard-issue-715-repaired/sims/verilator/generated-src/chipyard.TestHarness.SmallBoomConfig/verilator.h -include /opt/spechunter/chipyard-issue-715-repaired/sims/verilator/generated-src/chipyard.TestHarness.SmallBoomConfig/chipyard.TestHarness.SmallBoomConfig.debug/VTestHarness.h  -DVL_THREADED -std=c++17 -Os -c -o VTestHarness___024root__DepSet_hcfd557fa__47.o VTestHarness___024root__DepSet_hcfd557fa__47.cpp
In file included from /opt/spechunter/chipyard-issue-715/.conda-env/share/verilator/include/verilated.h:35,
                 from /opt/spechunter/chipyard-issue-715/.conda-env/share/verilator/include/verilated_vcd_c.h:24,
                 from /opt/spechunter/chipyard-issue-715-repaired/sims/verilator/generated-src/chipyard.TestHarness.SmallBoomConfig/verilator.h:4,
                 from <command-line>:
/opt/spechunter/chipyard-issue-715/.conda-env/share/verilator/include/verilatedos.h:291: warning: "__STDC_FORMAT_MACROS" redefined
  291 | #define __STDC_FORMAT_MACROS
      | 
<command-line>: note: this is the location of the previous definition
/opt/spechunter/chipyard-issue-715/.conda-env/bin/x86_64-conda-linux-gnu-c++  -I.  -MMD -I/opt/spechunter/chipyard-issue-715/.conda-env/share/verilator/include -I/opt/spechunter/chipyard-issue-715/.conda-env/share/verilator/include/vltstd -DVM_COVERAGE=0 -DVM_SC=0 -DVM_TRACE=1 -DVM_TRACE_FST=0 -DVM_TRACE_VCD=1 -faligned-new -fcf-protection=none -Wno-bool-operation -Wno-sign-compare -Wno-uninitialized -Wno-unused-but-set-variable -Wno-unused-parameter -Wno-unused-variable -Wno-shadow     -O3 -std=c++11 -I/opt/spechunter/chipyard-issue-715/.conda-env/riscv-tools/include -I/opt/spechunter/chipyard-issue-715-repaired/tools/DRAMSim2 -I/opt/spechunter/chipyard-issue-715-repaired/sims/verilator/generated-src/chipyard.TestHarness.SmallBoomConfig    -D__STDC_FORMAT_MACROS -DTEST_HARNESS=VTestHarness -DVERILATOR -include /opt/spechunter/chipyard-issue-715-repaired/sims/verilator/generated-src/chipyard.TestHarness.SmallBoomConfig/chipyard.TestHarness.SmallBoomConfig.plusArgs -include /opt/spechunter/chipyard-issue-715-repaired/sims/verilator/generated-src/chipyard.TestHarness.SmallBoomConfig/verilator.h -include /opt/spechunter/chipyard-issue-715-repaired/sims/verilator/generated-src/chipyard.TestHarness.SmallBoomConfig/chipyard.TestHarness.SmallBoomConfig.debug/VTestHarness.h  -DVL_THREADED -std=c++17 -Os -c -o VTestHarness___024root__DepSet_hcfd557fa__48.o VTestHarness___024root__DepSet_hcfd557fa__48.cpp
In file included from /opt/spechunter/chipyard-issue-715/.conda-env/share/verilator/include/verilated.h:35,
                 from /opt/spechunter/chipyard-issue-715/.conda-env/share/verilator/include/verilated_vcd_c.h:24,
                 from /opt/spechunter/chipyard-issue-715-repaired/sims/verilator/generated-src/chipyard.TestHarness.SmallBoomConfig/verilator.h:4,
                 from <command-line>:
/opt/spechunter/chipyard-issue-715/.conda-env/share/verilator/include/verilatedos.h:291: warning: "__STDC_FORMAT_MACROS" redefined
  291 | #define __STDC_FORMAT_MACROS
      | 
<command-line>: note: this is the location of the previous definition
/opt/spechunter/chipyard-issue-715/.conda-env/bin/x86_64-conda-linux-gnu-c++  -I.  -MMD -I/opt/spechunter/chipyard-issue-715/.conda-env/share/verilator/include -I/opt/spechunter/chipyard-issue-715/.conda-env/share/verilator/include/vltstd -DVM_COVERAGE=0 -DVM_SC=0 -DVM_TRACE=1 -DVM_TRACE_FST=0 -DVM_TRACE_VCD=1 -faligned-new -fcf-protection=none -Wno-bool-operation -Wno-sign-compare -Wno-uninitialized -Wno-unused-but-set-variable -Wno-unused-parameter -Wno-unused-variable -Wno-shadow     -O3 -std=c++11 -I/opt/spechunter/chipyard-issue-715/.conda-env/riscv-tools/include -I/opt/spechunter/chipyard-issue-715-repaired/tools/DRAMSim2 -I/opt/spechunter/chipyard-issue-715-repaired/sims/verilator/generated-src/chipyard.TestHarness.SmallBoomConfig    -D__STDC_FORMAT_MACROS -DTEST_HARNESS=VTestHarness -DVERILATOR -include /opt/spechunter/chipyard-issue-715-repaired/sims/verilator/generated-src/chipyard.TestHarness.SmallBoomConfig/chipyard.TestHarness.SmallBoomConfig.plusArgs -include /opt/spechunter/chipyard-issue-715-repaired/sims/verilator/generated-src/chipyard.TestHarness.SmallBoomConfig/verilator.h -include /opt/spechunter/chipyard-issue-715-repaired/sims/verilator/generated-src/chipyard.TestHarness.SmallBoomConfig/chipyard.TestHarness.SmallBoomConfig.debug/VTestHarness.h  -DVL_THREADED -std=c++17 -Os -c -o VTestHarness___024root__DepSet_hcfd557fa__49.o VTestHarness___024root__DepSet_hcfd557fa__49.cpp
In file included from /opt/spechunter/chipyard-issue-715/.conda-env/share/verilator/include/verilated.h:35,
                 from /opt/spechunter/chipyard-issue-715/.conda-env/share/verilator/include/verilated_vcd_c.h:24,
                 from /opt/spechunter/chipyard-issue-715-repaired/sims/verilator/generated-src/chipyard.TestHarness.SmallBoomConfig/verilator.h:4,
                 from <command-line>:
/opt/spechunter/chipyard-issue-715/.conda-env/share/verilator/include/verilatedos.h:291: warning: "__STDC_FORMAT_MACROS" redefined
  291 | #define __STDC_FORMAT_MACROS
      | 
<command-line>: note: this is the location of the previous definition
/opt/spechunter/chipyard-issue-715/.conda-env/bin/x86_64-conda-linux-gnu-c++  -I.  -MMD -I/opt/spechunter/chipyard-issue-715/.conda-env/share/verilator/include -I/opt/spechunter/chipyard-issue-715/.conda-env/share/verilator/include/vltstd -DVM_COVERAGE=0 -DVM_SC=0 -DVM_TRACE=1 -DVM_TRACE_FST=0 -DVM_TRACE_VCD=1 -faligned-new -fcf-protection=none -Wno-bool-operation -Wno-sign-compare -Wno-uninitialized -Wno-unused-but-set-variable -Wno-unused-parameter -Wno-unused-variable -Wno-shadow     -O3 -std=c++11 -I/opt/spechunter/chipyard-issue-715/.conda-env/riscv-tools/include -I/opt/spechunter/chipyard-issue-715-repaired/tools/DRAMSim2 -I/opt/spechunter/chipyard-issue-715-repaired/sims/verilator/generated-src/chipyard.TestHarness.SmallBoomConfig    -D__STDC_FORMAT_MACROS -DTEST_HARNESS=VTestHarness -DVERILATOR -include /opt/spechunter/chipyard-issue-715-repaired/sims/verilator/generated-src/chipyard.TestHarness.SmallBoomConfig/chipyard.TestHarness.SmallBoomConfig.plusArgs -include /opt/spechunter/chipyard-issue-715-repaired/sims/verilator/generated-src/chipyard.TestHarness.SmallBoomConfig/verilator.h -include /opt/spechunter/chipyard-issue-715-repaired/sims/verilator/generated-src/chipyard.TestHarness.SmallBoomConfig/chipyard.TestHarness.SmallBoomConfig.debug/VTestHarness.h  -DVL_THREADED -std=c++17 -Os -c -o VTestHarness___024root__DepSet_hcfd557fa__50.o VTestHarness___024root__DepSet_hcfd557fa__50.cpp
In file included from /opt/spechunter/chipyard-issue-715/.conda-env/share/verilator/include/verilated.h:35,
                 from /opt/spechunter/chipyard-issue-715/.conda-env/share/verilator/include/verilated_vcd_c.h:24,
                 from /opt/spechunter/chipyard-issue-715-repaired/sims/verilator/generated-src/chipyard.TestHarness.SmallBoomConfig/verilator.h:4,
                 from <command-line>:
/opt/spechunter/chipyard-issue-715/.conda-env/share/verilator/include/verilatedos.h:291: warning: "__STDC_FORMAT_MACROS" redefined
  291 | #define __STDC_FORMAT_MACROS
      | 
<command-line>: note: this is the location of the previous definition
/opt/spechunter/chipyard-issue-715/.conda-env/bin/x86_64-conda-linux-gnu-c++  -I.  -MMD -I/opt/spechunter/chipyard-issue-715/.conda-env/share/verilator/include -I/opt/spechunter/chipyard-issue-715/.conda-env/share/verilator/include/vltstd -DVM_COVERAGE=0 -DVM_SC=0 -DVM_TRACE=1 -DVM_TRACE_FST=0 -DVM_TRACE_VCD=1 -faligned-new -fcf-protection=none -Wno-bool-operation -Wno-sign-compare -Wno-uninitialized -Wno-unused-but-set-variable -Wno-unused-parameter -Wno-unused-variable -Wno-shadow     -O3 -std=c++11 -I/opt/spechunter/chipyard-issue-715/.conda-env/riscv-tools/include -I/opt/spechunter/chipyard-issue-715-repaired/tools/DRAMSim2 -I/opt/spechunter/chipyard-issue-715-repaired/sims/verilator/generated-src/chipyard.TestHarness.SmallBoomConfig    -D__STDC_FORMAT_MACROS -DTEST_HARNESS=VTestHarness -DVERILATOR -include /opt/spechunter/chipyard-issue-715-repaired/sims/verilator/generated-src/chipyard.TestHarness.SmallBoomConfig/chipyard.TestHarness.SmallBoomConfig.plusArgs -include /opt/spechunter/chipyard-issue-715-repaired/sims/verilator/generated-src/chipyard.TestHarness.SmallBoomConfig/verilator.h -include /opt/spechunter/chipyard-issue-715-repaired/sims/verilator/generated-src/chipyard.TestHarness.SmallBoomConfig/chipyard.TestHarness.SmallBoomConfig.debug/VTestHarness.h  -DVL_THREADED -std=c++17 -Os -c -o VTestHarness___024root__DepSet_hcfd557fa__51.o VTestHarness___024root__DepSet_hcfd557fa__51.cpp
In file included from /opt/spechunter/chipyard-issue-715/.conda-env/share/verilator/include/verilated.h:35,
                 from /opt/spechunter/chipyard-issue-715/.conda-env/share/verilator/include/verilated_vcd_c.h:24,
                 from /opt/spechunter/chipyard-issue-715-repaired/sims/verilator/generated-src/chipyard.TestHarness.SmallBoomConfig/verilator.h:4,
                 from <command-line>:
/opt/spechunter/chipyard-issue-715/.conda-env/share/verilator/include/verilatedos.h:291: warning: "__STDC_FORMAT_MACROS" redefined
  291 | #define __STDC_FORMAT_MACROS
      | 
<command-line>: note: this is the location of the previous definition
/opt/spechunter/chipyard-issue-715/.conda-env/bin/x86_64-conda-linux-gnu-c++  -I.  -MMD -I/opt/spechunter/chipyard-issue-715/.conda-env/share/verilator/include -I/opt/spechunter/chipyard-issue-715/.conda-env/share/verilator/include/vltstd -DVM_COVERAGE=0 -DVM_SC=0 -DVM_TRACE=1 -DVM_TRACE_FST=0 -DVM_TRACE_VCD=1 -faligned-new -fcf-protection=none -Wno-bool-operation -Wno-sign-compare -Wno-uninitialized -Wno-unused-but-set-variable -Wno-unused-parameter -Wno-unused-variable -Wno-shadow     -O3 -std=c++11 -I/opt/spechunter/chipyard-issue-715/.conda-env/riscv-tools/include -I/opt/spechunter/chipyard-issue-715-repaired/tools/DRAMSim2 -I/opt/spechunter/chipyard-issue-715-repaired/sims/verilator/generated-src/chipyard.TestHarness.SmallBoomConfig    -D__STDC_FORMAT_MACROS -DTEST_HARNESS=VTestHarness -DVERILATOR -include /opt/spechunter/chipyard-issue-715-repaired/sims/verilator/generated-src/chipyard.TestHarness.SmallBoomConfig/chipyard.TestHarness.SmallBoomConfig.plusArgs -include /opt/spechunter/chipyard-issue-715-repaired/sims/verilator/generated-src/chipyard.TestHarness.SmallBoomConfig/verilator.h -include /opt/spechunter/chipyard-issue-715-repaired/sims/verilator/generated-src/chipyard.TestHarness.SmallBoomConfig/chipyard.TestHarness.SmallBoomConfig.debug/VTestHarness.h  -DVL_THREADED -std=c++17 -Os -c -o VTestHarness___024root__DepSet_hcfd557fa__52.o VTestHarness___024root__DepSet_hcfd557fa__52.cpp
In file included from /opt/spechunter/chipyard-issue-715/.conda-env/share/verilator/include/verilated.h:35,
                 from /opt/spechunter/chipyard-issue-715/.conda-env/share/verilator/include/verilated_vcd_c.h:24,
                 from /opt/spechunter/chipyard-issue-715-repaired/sims/verilator/generated-src/chipyard.TestHarness.SmallBoomConfig/verilator.h:4,
                 from <command-line>:
/opt/spechunter/chipyard-issue-715/.conda-env/share/verilator/include/verilatedos.h:291: warning: "__STDC_FORMAT_MACROS" redefined
  291 | #define __STDC_FORMAT_MACROS
      | 
<command-line>: note: this is the location of the previous definition
/opt/spechunter/chipyard-issue-715/.conda-env/bin/x86_64-conda-linux-gnu-c++  -I.  -MMD -I/opt/spechunter/chipyard-issue-715/.conda-env/share/verilator/include -I/opt/spechunter/chipyard-issue-715/.conda-env/share/verilator/include/vltstd -DVM_COVERAGE=0 -DVM_SC=0 -DVM_TRACE=1 -DVM_TRACE_FST=0 -DVM_TRACE_VCD=1 -faligned-new -fcf-protection=none -Wno-bool-operation -Wno-sign-compare -Wno-uninitialized -Wno-unused-but-set-variable -Wno-unused-parameter -Wno-unused-variable -Wno-shadow     -O3 -std=c++11 -I/opt/spechunter/chipyard-issue-715/.conda-env/riscv-tools/include -I/opt/spechunter/chipyard-issue-715-repaired/tools/DRAMSim2 -I/opt/spechunter/chipyard-issue-715-repaired/sims/verilator/generated-src/chipyard.TestHarness.SmallBoomConfig    -D__STDC_FORMAT_MACROS -DTEST_HARNESS=VTestHarness -DVERILATOR -include /opt/spechunter/chipyard-issue-715-repaired/sims/verilator/generated-src/chipyard.TestHarness.SmallBoomConfig/chipyard.TestHarness.SmallBoomConfig.plusArgs -include /opt/spechunter/chipyard-issue-715-repaired/sims/verilator/generated-src/chipyard.TestHarness.SmallBoomConfig/verilator.h -include /opt/spechunter/chipyard-issue-715-repaired/sims/verilator/generated-src/chipyard.TestHarness.SmallBoomConfig/chipyard.TestHarness.SmallBoomConfig.debug/VTestHarness.h  -DVL_THREADED -std=c++17 -Os -c -o VTestHarness___024root__DepSet_hcfd557fa__53.o VTestHarness___024root__DepSet_hcfd557fa__53.cpp
In file included from /opt/spechunter/chipyard-issue-715/.conda-env/share/verilator/include/verilated.h:35,
                 from /opt/spechunter/chipyard-issue-715/.conda-env/share/verilator/include/verilated_vcd_c.h:24,
                 from /opt/spechunter/chipyard-issue-715-repaired/sims/verilator/generated-src/chipyard.TestHarness.SmallBoomConfig/verilator.h:4,
                 from <command-line>:
/opt/spechunter/chipyard-issue-715/.conda-env/share/verilator/include/verilatedos.h:291: warning: "__STDC_FORMAT_MACROS" redefined
  291 | #define __STDC_FORMAT_MACROS
      | 
<command-line>: note: this is the location of the previous definition
/opt/spechunter/chipyard-issue-715/.conda-env/bin/x86_64-conda-linux-gnu-c++  -I.  -MMD -I/opt/spechunter/chipyard-issue-715/.conda-env/share/verilator/include -I/opt/spechunter/chipyard-issue-715/.conda-env/share/verilator/include/vltstd -DVM_COVERAGE=0 -DVM_SC=0 -DVM_TRACE=1 -DVM_TRACE_FST=0 -DVM_TRACE_VCD=1 -faligned-new -fcf-protection=none -Wno-bool-operation -Wno-sign-compare -Wno-uninitialized -Wno-unused-but-set-variable -Wno-unused-parameter -Wno-unused-variable -Wno-shadow     -O3 -std=c++11 -I/opt/spechunter/chipyard-issue-715/.conda-env/riscv-tools/include -I/opt/spechunter/chipyard-issue-715-repaired/tools/DRAMSim2 -I/opt/spechunter/chipyard-issue-715-repaired/sims/verilator/generated-src/chipyard.TestHarness.SmallBoomConfig    -D__STDC_FORMAT_MACROS -DTEST_HARNESS=VTestHarness -DVERILATOR -include /opt/spechunter/chipyard-issue-715-repaired/sims/verilator/generated-src/chipyard.TestHarness.SmallBoomConfig/chipyard.TestHarness.SmallBoomConfig.plusArgs -include /opt/spechunter/chipyard-issue-715-repaired/sims/verilator/generated-src/chipyard.TestHarness.SmallBoomConfig/verilator.h -include /opt/spechunter/chipyard-issue-715-repaired/sims/verilator/generated-src/chipyard.TestHarness.SmallBoomConfig/chipyard.TestHarness.SmallBoomConfig.debug/VTestHarness.h  -DVL_THREADED -std=c++17 -Os -c -o VTestHarness___024root__DepSet_hcfd557fa__54.o VTestHarness___024root__DepSet_hcfd557fa__54.cpp
In file included from /opt/spechunter/chipyard-issue-715/.conda-env/share/verilator/include/verilated.h:35,
                 from /opt/spechunter/chipyard-issue-715/.conda-env/share/verilator/include/verilated_vcd_c.h:24,
                 from /opt/spechunter/chipyard-issue-715-repaired/sims/verilator/generated-src/chipyard.TestHarness.SmallBoomConfig/verilator.h:4,
                 from <command-line>:
/opt/spechunter/chipyard-issue-715/.conda-env/share/verilator/include/verilatedos.h:291: warning: "__STDC_FORMAT_MACROS" redefined
  291 | #define __STDC_FORMAT_MACROS
      | 
<command-line>: note: this is the location of the previous definition
/opt/spechunter/chipyard-issue-715/.conda-env/bin/x86_64-conda-linux-gnu-c++  -I.  -MMD -I/opt/spechunter/chipyard-issue-715/.conda-env/share/verilator/include -I/opt/spechunter/chipyard-issue-715/.conda-env/share/verilator/include/vltstd -DVM_COVERAGE=0 -DVM_SC=0 -DVM_TRACE=1 -DVM_TRACE_FST=0 -DVM_TRACE_VCD=1 -faligned-new -fcf-protection=none -Wno-bool-operation -Wno-sign-compare -Wno-uninitialized -Wno-unused-but-set-variable -Wno-unused-parameter -Wno-unused-variable -Wno-shadow     -O3 -std=c++11 -I/opt/spechunter/chipyard-issue-715/.conda-env/riscv-tools/include -I/opt/spechunter/chipyard-issue-715-repaired/tools/DRAMSim2 -I/opt/spechunter/chipyard-issue-715-repaired/sims/verilator/generated-src/chipyard.TestHarness.SmallBoomConfig    -D__STDC_FORMAT_MACROS -DTEST_HARNESS=VTestHarness -DVERILATOR -include /opt/spechunter/chipyard-issue-715-repaired/sims/verilator/generated-src/chipyard.TestHarness.SmallBoomConfig/chipyard.TestHarness.SmallBoomConfig.plusArgs -include /opt/spechunter/chipyard-issue-715-repaired/sims/verilator/generated-src/chipyard.TestHarness.SmallBoomConfig/verilator.h -include /opt/spechunter/chipyard-issue-715-repaired/sims/verilator/generated-src/chipyard.TestHarness.SmallBoomConfig/chipyard.TestHarness.SmallBoomConfig.debug/VTestHarness.h  -DVL_THREADED -std=c++17 -Os -c -o VTestHarness___024root__DepSet_hcfd557fa__55.o VTestHarness___024root__DepSet_hcfd557fa__55.cpp
In file included from /opt/spechunter/chipyard-issue-715/.conda-env/share/verilator/include/verilated.h:35,
                 from /opt/spechunter/chipyard-issue-715/.conda-env/share/verilator/include/verilated_vcd_c.h:24,
                 from /opt/spechunter/chipyard-issue-715-repaired/sims/verilator/generated-src/chipyard.TestHarness.SmallBoomConfig/verilator.h:4,
                 from <command-line>:
/opt/spechunter/chipyard-issue-715/.conda-env/share/verilator/include/verilatedos.h:291: warning: "__STDC_FORMAT_MACROS" redefined
  291 | #define __STDC_FORMAT_MACROS
      | 
<command-line>: note: this is the location of the previous definition
/opt/spechunter/chipyard-issue-715/.conda-env/bin/x86_64-conda-linux-gnu-c++  -I.  -MMD -I/opt/spechunter/chipyard-issue-715/.conda-env/share/verilator/include -I/opt/spechunter/chipyard-issue-715/.conda-env/share/verilator/include/vltstd -DVM_COVERAGE=0 -DVM_SC=0 -DVM_TRACE=1 -DVM_TRACE_FST=0 -DVM_TRACE_VCD=1 -faligned-new -fcf-protection=none -Wno-bool-operation -Wno-sign-compare -Wno-uninitialized -Wno-unused-but-set-variable -Wno-unused-parameter -Wno-unused-variable -Wno-shadow     -O3 -std=c++11 -I/opt/spechunter/chipyard-issue-715/.conda-env/riscv-tools/include -I/opt/spechunter/chipyard-issue-715-repaired/tools/DRAMSim2 -I/opt/spechunter/chipyard-issue-715-repaired/sims/verilator/generated-src/chipyard.TestHarness.SmallBoomConfig    -D__STDC_FORMAT_MACROS -DTEST_HARNESS=VTestHarness -DVERILATOR -include /opt/spechunter/chipyard-issue-715-repaired/sims/verilator/generated-src/chipyard.TestHarness.SmallBoomConfig/chipyard.TestHarness.SmallBoomConfig.plusArgs -include /opt/spechunter/chipyard-issue-715-repaired/sims/verilator/generated-src/chipyard.TestHarness.SmallBoomConfig/verilator.h -include /opt/spechunter/chipyard-issue-715-repaired/sims/verilator/generated-src/chipyard.TestHarness.SmallBoomConfig/chipyard.TestHarness.SmallBoomConfig.debug/VTestHarness.h  -DVL_THREADED -std=c++17 -Os -c -o VTestHarness___024root__DepSet_hcfd557fa__56.o VTestHarness___024root__DepSet_hcfd557fa__56.cpp
In file included from /opt/spechunter/chipyard-issue-715/.conda-env/share/verilator/include/verilated.h:35,
                 from /opt/spechunter/chipyard-issue-715/.conda-env/share/verilator/include/verilated_vcd_c.h:24,
                 from /opt/spechunter/chipyard-issue-715-repaired/sims/verilator/generated-src/chipyard.TestHarness.SmallBoomConfig/verilator.h:4,
                 from <command-line>:
/opt/spechunter/chipyard-issue-715/.conda-env/share/verilator/include/verilatedos.h:291: warning: "__STDC_FORMAT_MACROS" redefined
  291 | #define __STDC_FORMAT_MACROS
      | 
<command-line>: note: this is the location of the previous definition
/opt/spechunter/chipyard-issue-715/.conda-env/bin/x86_64-conda-linux-gnu-c++  -I.  -MMD -I/opt/spechunter/chipyard-issue-715/.conda-env/share/verilator/include -I/opt/spechunter/chipyard-issue-715/.conda-env/share/verilator/include/vltstd -DVM_COVERAGE=0 -DVM_SC=0 -DVM_TRACE=1 -DVM_TRACE_FST=0 -DVM_TRACE_VCD=1 -faligned-new -fcf-protection=none -Wno-bool-operation -Wno-sign-compare -Wno-uninitialized -Wno-unused-but-set-variable -Wno-unused-parameter -Wno-unused-variable -Wno-shadow     -O3 -std=c++11 -I/opt/spechunter/chipyard-issue-715/.conda-env/riscv-tools/include -I/opt/spechunter/chipyard-issue-715-repaired/tools/DRAMSim2 -I/opt/spechunter/chipyard-issue-715-repaired/sims/verilator/generated-src/chipyard.TestHarness.SmallBoomConfig    -D__STDC_FORMAT_MACROS -DTEST_HARNESS=VTestHarness -DVERILATOR -include /opt/spechunter/chipyard-issue-715-repaired/sims/verilator/generated-src/chipyard.TestHarness.SmallBoomConfig/chipyard.TestHarness.SmallBoomConfig.plusArgs -include /opt/spechunter/chipyard-issue-715-repaired/sims/verilator/generated-src/chipyard.TestHarness.SmallBoomConfig/verilator.h -include /opt/spechunter/chipyard-issue-715-repaired/sims/verilator/generated-src/chipyard.TestHarness.SmallBoomConfig/chipyard.TestHarness.SmallBoomConfig.debug/VTestHarness.h  -DVL_THREADED -std=c++17 -Os -c -o VTestHarness___024root__DepSet_hcfd557fa__57.o VTestHarness___024root__DepSet_hcfd557fa__57.cpp
In file included from /opt/spechunter/chipyard-issue-715/.conda-env/share/verilator/include/verilated.h:35,
                 from /opt/spechunter/chipyard-issue-715/.conda-env/share/verilator/include/verilated_vcd_c.h:24,
                 from /opt/spechunter/chipyard-issue-715-repaired/sims/verilator/generated-src/chipyard.TestHarness.SmallBoomConfig/verilator.h:4,
                 from <command-line>:
/opt/spechunter/chipyard-issue-715/.conda-env/share/verilator/include/verilatedos.h:291: warning: "__STDC_FORMAT_MACROS" redefined
  291 | #define __STDC_FORMAT_MACROS
      | 
<command-line>: note: this is the location of the previous definition
/opt/spechunter/chipyard-issue-715/.conda-env/bin/x86_64-conda-linux-gnu-c++  -I.  -MMD -I/opt/spechunter/chipyard-issue-715/.conda-env/share/verilator/include -I/opt/spechunter/chipyard-issue-715/.conda-env/share/verilator/include/vltstd -DVM_COVERAGE=0 -DVM_SC=0 -DVM_TRACE=1 -DVM_TRACE_FST=0 -DVM_TRACE_VCD=1 -faligned-new -fcf-protection=none -Wno-bool-operation -Wno-sign-compare -Wno-uninitialized -Wno-unused-but-set-variable -Wno-unused-parameter -Wno-unused-variable -Wno-shadow     -O3 -std=c++11 -I/opt/spechunter/chipyard-issue-715/.conda-env/riscv-tools/include -I/opt/spechunter/chipyard-issue-715-repaired/tools/DRAMSim2 -I/opt/spechunter/chipyard-issue-715-repaired/sims/verilator/generated-src/chipyard.TestHarness.SmallBoomConfig    -D__STDC_FORMAT_MACROS -DTEST_HARNESS=VTestHarness -DVERILATOR -include /opt/spechunter/chipyard-issue-715-repaired/sims/verilator/generated-src/chipyard.TestHarness.SmallBoomConfig/chipyard.TestHarness.SmallBoomConfig.plusArgs -include /opt/spechunter/chipyard-issue-715-repaired/sims/verilator/generated-src/chipyard.TestHarness.SmallBoomConfig/verilator.h -include /opt/spechunter/chipyard-issue-715-repaired/sims/verilator/generated-src/chipyard.TestHarness.SmallBoomConfig/chipyard.TestHarness.SmallBoomConfig.debug/VTestHarness.h  -DVL_THREADED -std=c++17 -Os -c -o VTestHarness___024root__DepSet_hcfd557fa__58.o VTestHarness___024root__DepSet_hcfd557fa__58.cpp
In file included from /opt/spechunter/chipyard-issue-715/.conda-env/share/verilator/include/verilated.h:35,
                 from /opt/spechunter/chipyard-issue-715/.conda-env/share/verilator/include/verilated_vcd_c.h:24,
                 from /opt/spechunter/chipyard-issue-715-repaired/sims/verilator/generated-src/chipyard.TestHarness.SmallBoomConfig/verilator.h:4,
                 from <command-line>:
/opt/spechunter/chipyard-issue-715/.conda-env/share/verilator/include/verilatedos.h:291: warning: "__STDC_FORMAT_MACROS" redefined
  291 | #define __STDC_FORMAT_MACROS
      | 
<command-line>: note: this is the location of the previous definition
/opt/spechunter/chipyard-issue-715/.conda-env/bin/x86_64-conda-linux-gnu-c++  -I.  -MMD -I/opt/spechunter/chipyard-issue-715/.conda-env/share/verilator/include -I/opt/spechunter/chipyard-issue-715/.conda-env/share/verilator/include/vltstd -DVM_COVERAGE=0 -DVM_SC=0 -DVM_TRACE=1 -DVM_TRACE_FST=0 -DVM_TRACE_VCD=1 -faligned-new -fcf-protection=none -Wno-bool-operation -Wno-sign-compare -Wno-uninitialized -Wno-unused-but-set-variable -Wno-unused-parameter -Wno-unused-variable -Wno-shadow     -O3 -std=c++11 -I/opt/spechunter/chipyard-issue-715/.conda-env/riscv-tools/include -I/opt/spechunter/chipyard-issue-715-repaired/tools/DRAMSim2 -I/opt/spechunter/chipyard-issue-715-repaired/sims/verilator/generated-src/chipyard.TestHarness.SmallBoomConfig    -D__STDC_FORMAT_MACROS -DTEST_HARNESS=VTestHarness -DVERILATOR -include /opt/spechunter/chipyard-issue-715-repaired/sims/verilator/generated-src/chipyard.TestHarness.SmallBoomConfig/chipyard.TestHarness.SmallBoomConfig.plusArgs -include /opt/spechunter/chipyard-issue-715-repaired/sims/verilator/generated-src/chipyard.TestHarness.SmallBoomConfig/verilator.h -include /opt/spechunter/chipyard-issue-715-repaired/sims/verilator/generated-src/chipyard.TestHarness.SmallBoomConfig/chipyard.TestHarness.SmallBoomConfig.debug/VTestHarness.h  -DVL_THREADED -std=c++17 -Os -c -o VTestHarness___024root__DepSet_hcfd557fa__59.o VTestHarness___024root__DepSet_hcfd557fa__59.cpp
In file included from /opt/spechunter/chipyard-issue-715/.conda-env/share/verilator/include/verilated.h:35,
                 from /opt/spechunter/chipyard-issue-715/.conda-env/share/verilator/include/verilated_vcd_c.h:24,
                 from /opt/spechunter/chipyard-issue-715-repaired/sims/verilator/generated-src/chipyard.TestHarness.SmallBoomConfig/verilator.h:4,
                 from <command-line>:
/opt/spechunter/chipyard-issue-715/.conda-env/share/verilator/include/verilatedos.h:291: warning: "__STDC_FORMAT_MACROS" redefined
  291 | #define __STDC_FORMAT_MACROS
      | 
<command-line>: note: this is the location of the previous definition
/opt/spechunter/chipyard-issue-715/.conda-env/bin/x86_64-conda-linux-gnu-c++  -I.  -MMD -I/opt/spechunter/chipyard-issue-715/.conda-env/share/verilator/include -I/opt/spechunter/chipyard-issue-715/.conda-env/share/verilator/include/vltstd -DVM_COVERAGE=0 -DVM_SC=0 -DVM_TRACE=1 -DVM_TRACE_FST=0 -DVM_TRACE_VCD=1 -faligned-new -fcf-protection=none -Wno-bool-operation -Wno-sign-compare -Wno-uninitialized -Wno-unused-but-set-variable -Wno-unused-parameter -Wno-unused-variable -Wno-shadow     -O3 -std=c++11 -I/opt/spechunter/chipyard-issue-715/.conda-env/riscv-tools/include -I/opt/spechunter/chipyard-issue-715-repaired/tools/DRAMSim2 -I/opt/spechunter/chipyard-issue-715-repaired/sims/verilator/generated-src/chipyard.TestHarness.SmallBoomConfig    -D__STDC_FORMAT_MACROS -DTEST_HARNESS=VTestHarness -DVERILATOR -include /opt/spechunter/chipyard-issue-715-repaired/sims/verilator/generated-src/chipyard.TestHarness.SmallBoomConfig/chipyard.TestHarness.SmallBoomConfig.plusArgs -include /opt/spechunter/chipyard-issue-715-repaired/sims/verilator/generated-src/chipyard.TestHarness.SmallBoomConfig/verilator.h -include /opt/spechunter/chipyard-issue-715-repaired/sims/verilator/generated-src/chipyard.TestHarness.SmallBoomConfig/chipyard.TestHarness.SmallBoomConfig.debug/VTestHarness.h  -DVL_THREADED -std=c++17 -Os -c -o VTestHarness___024root__DepSet_hcfd557fa__60.o VTestHarness___024root__DepSet_hcfd557fa__60.cpp
In file included from /opt/spechunter/chipyard-issue-715/.conda-env/share/verilator/include/verilated.h:35,
                 from /opt/spechunter/chipyard-issue-715/.conda-env/share/verilator/include/verilated_vcd_c.h:24,
                 from /opt/spechunter/chipyard-issue-715-repaired/sims/verilator/generated-src/chipyard.TestHarness.SmallBoomConfig/verilator.h:4,
                 from <command-line>:
/opt/spechunter/chipyard-issue-715/.conda-env/share/verilator/include/verilatedos.h:291: warning: "__STDC_FORMAT_MACROS" redefined
  291 | #define __STDC_FORMAT_MACROS
      | 
<command-line>: note: this is the location of the previous definition
/opt/spechunter/chipyard-issue-715/.conda-env/bin/x86_64-conda-linux-gnu-c++  -I.  -MMD -I/opt/spechunter/chipyard-issue-715/.conda-env/share/verilator/include -I/opt/spechunter/chipyard-issue-715/.conda-env/share/verilator/include/vltstd -DVM_COVERAGE=0 -DVM_SC=0 -DVM_TRACE=1 -DVM_TRACE_FST=0 -DVM_TRACE_VCD=1 -faligned-new -fcf-protection=none -Wno-bool-operation -Wno-sign-compare -Wno-uninitialized -Wno-unused-but-set-variable -Wno-unused-parameter -Wno-unused-variable -Wno-shadow     -O3 -std=c++11 -I/opt/spechunter/chipyard-issue-715/.conda-env/riscv-tools/include -I/opt/spechunter/chipyard-issue-715-repaired/tools/DRAMSim2 -I/opt/spechunter/chipyard-issue-715-repaired/sims/verilator/generated-src/chipyard.TestHarness.SmallBoomConfig    -D__STDC_FORMAT_MACROS -DTEST_HARNESS=VTestHarness -DVERILATOR -include /opt/spechunter/chipyard-issue-715-repaired/sims/verilator/generated-src/chipyard.TestHarness.SmallBoomConfig/chipyard.TestHarness.SmallBoomConfig.plusArgs -include /opt/spechunter/chipyard-issue-715-repaired/sims/verilator/generated-src/chipyard.TestHarness.SmallBoomConfig/verilator.h -include /opt/spechunter/chipyard-issue-715-repaired/sims/verilator/generated-src/chipyard.TestHarness.SmallBoomConfig/chipyard.TestHarness.SmallBoomConfig.debug/VTestHarness.h  -DVL_THREADED -std=c++17 -Os -c -o VTestHarness___024root__DepSet_hcfd557fa__61.o VTestHarness___024root__DepSet_hcfd557fa__61.cpp
In file included from /opt/spechunter/chipyard-issue-715/.conda-env/share/verilator/include/verilated.h:35,
                 from /opt/spechunter/chipyard-issue-715/.conda-env/share/verilator/include/verilated_vcd_c.h:24,
                 from /opt/spechunter/chipyard-issue-715-repaired/sims/verilator/generated-src/chipyard.TestHarness.SmallBoomConfig/verilator.h:4,
                 from <command-line>:
/opt/spechunter/chipyard-issue-715/.conda-env/share/verilator/include/verilatedos.h:291: warning: "__STDC_FORMAT_MACROS" redefined
  291 | #define __STDC_FORMAT_MACROS
      | 
<command-line>: note: this is the location of the previous definition
/opt/spechunter/chipyard-issue-715/.conda-env/bin/x86_64-conda-linux-gnu-c++  -I.  -MMD -I/opt/spechunter/chipyard-issue-715/.conda-env/share/verilator/include -I/opt/spechunter/chipyard-issue-715/.conda-env/share/verilator/include/vltstd -DVM_COVERAGE=0 -DVM_SC=0 -DVM_TRACE=1 -DVM_TRACE_FST=0 -DVM_TRACE_VCD=1 -faligned-new -fcf-protection=none -Wno-bool-operation -Wno-sign-compare -Wno-uninitialized -Wno-unused-but-set-variable -Wno-unused-parameter -Wno-unused-variable -Wno-shadow     -O3 -std=c++11 -I/opt/spechunter/chipyard-issue-715/.conda-env/riscv-tools/include -I/opt/spechunter/chipyard-issue-715-repaired/tools/DRAMSim2 -I/opt/spechunter/chipyard-issue-715-repaired/sims/verilator/generated-src/chipyard.TestHarness.SmallBoomConfig    -D__STDC_FORMAT_MACROS -DTEST_HARNESS=VTestHarness -DVERILATOR -include /opt/spechunter/chipyard-issue-715-repaired/sims/verilator/generated-src/chipyard.TestHarness.SmallBoomConfig/chipyard.TestHarness.SmallBoomConfig.plusArgs -include /opt/spechunter/chipyard-issue-715-repaired/sims/verilator/generated-src/chipyard.TestHarness.SmallBoomConfig/verilator.h -include /opt/spechunter/chipyard-issue-715-repaired/sims/verilator/generated-src/chipyard.TestHarness.SmallBoomConfig/chipyard.TestHarness.SmallBoomConfig.debug/VTestHarness.h  -DVL_THREADED -std=c++17 -Os -c -o VTestHarness___024unit__DepSet_hc9fa512f__0.o VTestHarness___024unit__DepSet_hc9fa512f__0.cpp
In file included from /opt/spechunter/chipyard-issue-715/.conda-env/share/verilator/include/verilated.h:35,
                 from /opt/spechunter/chipyard-issue-715/.conda-env/share/verilator/include/verilated_vcd_c.h:24,
                 from /opt/spechunter/chipyard-issue-715-repaired/sims/verilator/generated-src/chipyard.TestHarness.SmallBoomConfig/verilator.h:4,
                 from <command-line>:
/opt/spechunter/chipyard-issue-715/.conda-env/share/verilator/include/verilatedos.h:291: warning: "__STDC_FORMAT_MACROS" redefined
  291 | #define __STDC_FORMAT_MACROS
      | 
<command-line>: note: this is the location of the previous definition
/opt/spechunter/chipyard-issue-715/.conda-env/bin/x86_64-conda-linux-gnu-c++  -I.  -MMD -I/opt/spechunter/chipyard-issue-715/.conda-env/share/verilator/include -I/opt/spechunter/chipyard-issue-715/.conda-env/share/verilator/include/vltstd -DVM_COVERAGE=0 -DVM_SC=0 -DVM_TRACE=1 -DVM_TRACE_FST=0 -DVM_TRACE_VCD=1 -faligned-new -fcf-protection=none -Wno-bool-operation -Wno-sign-compare -Wno-uninitialized -Wno-unused-but-set-variable -Wno-unused-parameter -Wno-unused-variable -Wno-shadow     -O3 -std=c++11 -I/opt/spechunter/chipyard-issue-715/.conda-env/riscv-tools/include -I/opt/spechunter/chipyard-issue-715-repaired/tools/DRAMSim2 -I/opt/spechunter/chipyard-issue-715-repaired/sims/verilator/generated-src/chipyard.TestHarness.SmallBoomConfig    -D__STDC_FORMAT_MACROS -DTEST_HARNESS=VTestHarness -DVERILATOR -include /opt/spechunter/chipyard-issue-715-repaired/sims/verilator/generated-src/chipyard.TestHarness.SmallBoomConfig/chipyard.TestHarness.SmallBoomConfig.plusArgs -include /opt/spechunter/chipyard-issue-715-repaired/sims/verilator/generated-src/chipyard.TestHarness.SmallBoomConfig/verilator.h -include /opt/spechunter/chipyard-issue-715-repaired/sims/verilator/generated-src/chipyard.TestHarness.SmallBoomConfig/chipyard.TestHarness.SmallBoomConfig.debug/VTestHarness.h  -DVL_THREADED -std=c++17 -Os -c -o VTestHarness__Dpi.o VTestHarness__Dpi.cpp
In file included from /opt/spechunter/chipyard-issue-715/.conda-env/share/verilator/include/verilated.h:35,
                 from /opt/spechunter/chipyard-issue-715/.conda-env/share/verilator/include/verilated_vcd_c.h:24,
                 from /opt/spechunter/chipyard-issue-715-repaired/sims/verilator/generated-src/chipyard.TestHarness.SmallBoomConfig/verilator.h:4,
                 from <command-line>:
/opt/spechunter/chipyard-issue-715/.conda-env/share/verilator/include/verilatedos.h:291: warning: "__STDC_FORMAT_MACROS" redefined
  291 | #define __STDC_FORMAT_MACROS
      | 
<command-line>: note: this is the location of the previous definition
/opt/spechunter/chipyard-issue-715/.conda-env/bin/x86_64-conda-linux-gnu-c++  -I.  -MMD -I/opt/spechunter/chipyard-issue-715/.conda-env/share/verilator/include -I/opt/spechunter/chipyard-issue-715/.conda-env/share/verilator/include/vltstd -DVM_COVERAGE=0 -DVM_SC=0 -DVM_TRACE=1 -DVM_TRACE_FST=0 -DVM_TRACE_VCD=1 -faligned-new -fcf-protection=none -Wno-bool-operation -Wno-sign-compare -Wno-uninitialized -Wno-unused-but-set-variable -Wno-unused-parameter -Wno-unused-variable -Wno-shadow     -O3 -std=c++11 -I/opt/spechunter/chipyard-issue-715/.conda-env/riscv-tools/include -I/opt/spechunter/chipyard-issue-715-repaired/tools/DRAMSim2 -I/opt/spechunter/chipyard-issue-715-repaired/sims/verilator/generated-src/chipyard.TestHarness.SmallBoomConfig    -D__STDC_FORMAT_MACROS -DTEST_HARNESS=VTestHarness -DVERILATOR -include /opt/spechunter/chipyard-issue-715-repaired/sims/verilator/generated-src/chipyard.TestHarness.SmallBoomConfig/chipyard.TestHarness.SmallBoomConfig.plusArgs -include /opt/spechunter/chipyard-issue-715-repaired/sims/verilator/generated-src/chipyard.TestHarness.SmallBoomConfig/verilator.h -include /opt/spechunter/chipyard-issue-715-repaired/sims/verilator/generated-src/chipyard.TestHarness.SmallBoomConfig/chipyard.TestHarness.SmallBoomConfig.debug/VTestHarness.h  -DVL_THREADED -std=c++17 -Os -c -o VTestHarness__Trace__0.o VTestHarness__Trace__0.cpp
In file included from /opt/spechunter/chipyard-issue-715/.conda-env/share/verilator/include/verilated.h:35,
                 from /opt/spechunter/chipyard-issue-715/.conda-env/share/verilator/include/verilated_vcd_c.h:24,
                 from /opt/spechunter/chipyard-issue-715-repaired/sims/verilator/generated-src/chipyard.TestHarness.SmallBoomConfig/verilator.h:4,
                 from <command-line>:
/opt/spechunter/chipyard-issue-715/.conda-env/share/verilator/include/verilatedos.h:291: warning: "__STDC_FORMAT_MACROS" redefined
  291 | #define __STDC_FORMAT_MACROS
      | 
<command-line>: note: this is the location of the previous definition
/opt/spechunter/chipyard-issue-715/.conda-env/bin/x86_64-conda-linux-gnu-c++  -I.  -MMD -I/opt/spechunter/chipyard-issue-715/.conda-env/share/verilator/include -I/opt/spechunter/chipyard-issue-715/.conda-env/share/verilator/include/vltstd -DVM_COVERAGE=0 -DVM_SC=0 -DVM_TRACE=1 -DVM_TRACE_FST=0 -DVM_TRACE_VCD=1 -faligned-new -fcf-protection=none -Wno-bool-operation -Wno-sign-compare -Wno-uninitialized -Wno-unused-but-set-variable -Wno-unused-parameter -Wno-unused-variable -Wno-shadow     -O3 -std=c++11 -I/opt/spechunter/chipyard-issue-715/.conda-env/riscv-tools/include -I/opt/spechunter/chipyard-issue-715-repaired/tools/DRAMSim2 -I/opt/spechunter/chipyard-issue-715-repaired/sims/verilator/generated-src/chipyard.TestHarness.SmallBoomConfig    -D__STDC_FORMAT_MACROS -DTEST_HARNESS=VTestHarness -DVERILATOR -include /opt/spechunter/chipyard-issue-715-repaired/sims/verilator/generated-src/chipyard.TestHarness.SmallBoomConfig/chipyard.TestHarness.SmallBoomConfig.plusArgs -include /opt/spechunter/chipyard-issue-715-repaired/sims/verilator/generated-src/chipyard.TestHarness.SmallBoomConfig/verilator.h -include /opt/spechunter/chipyard-issue-715-repaired/sims/verilator/generated-src/chipyard.TestHarness.SmallBoomConfig/chipyard.TestHarness.SmallBoomConfig.debug/VTestHarness.h  -DVL_THREADED -std=c++17 -Os -c -o VTestHarness__Trace__1.o VTestHarness__Trace__1.cpp
In file included from /opt/spechunter/chipyard-issue-715/.conda-env/share/verilator/include/verilated.h:35,
                 from /opt/spechunter/chipyard-issue-715/.conda-env/share/verilator/include/verilated_vcd_c.h:24,
                 from /opt/spechunter/chipyard-issue-715-repaired/sims/verilator/generated-src/chipyard.TestHarness.SmallBoomConfig/verilator.h:4,
                 from <command-line>:
/opt/spechunter/chipyard-issue-715/.conda-env/share/verilator/include/verilatedos.h:291: warning: "__STDC_FORMAT_MACROS" redefined
  291 | #define __STDC_FORMAT_MACROS
      | 
<command-line>: note: this is the location of the previous definition
/opt/spechunter/chipyard-issue-715/.conda-env/bin/x86_64-conda-linux-gnu-c++  -I.  -MMD -I/opt/spechunter/chipyard-issue-715/.conda-env/share/verilator/include -I/opt/spechunter/chipyard-issue-715/.conda-env/share/verilator/include/vltstd -DVM_COVERAGE=0 -DVM_SC=0 -DVM_TRACE=1 -DVM_TRACE_FST=0 -DVM_TRACE_VCD=1 -faligned-new -fcf-protection=none -Wno-bool-operation -Wno-sign-compare -Wno-uninitialized -Wno-unused-but-set-variable -Wno-unused-parameter -Wno-unused-variable -Wno-shadow     -O3 -std=c++11 -I/opt/spechunter/chipyard-issue-715/.conda-env/riscv-tools/include -I/opt/spechunter/chipyard-issue-715-repaired/tools/DRAMSim2 -I/opt/spechunter/chipyard-issue-715-repaired/sims/verilator/generated-src/chipyard.TestHarness.SmallBoomConfig    -D__STDC_FORMAT_MACROS -DTEST_HARNESS=VTestHarness -DVERILATOR -include /opt/spechunter/chipyard-issue-715-repaired/sims/verilator/generated-src/chipyard.TestHarness.SmallBoomConfig/chipyard.TestHarness.SmallBoomConfig.plusArgs -include /opt/spechunter/chipyard-issue-715-repaired/sims/verilator/generated-src/chipyard.TestHarness.SmallBoomConfig/verilator.h -include /opt/spechunter/chipyard-issue-715-repaired/sims/verilator/generated-src/chipyard.TestHarness.SmallBoomConfig/chipyard.TestHarness.SmallBoomConfig.debug/VTestHarness.h  -DVL_THREADED -std=c++17 -Os -c -o VTestHarness__Trace__2.o VTestHarness__Trace__2.cpp
In file included from /opt/spechunter/chipyard-issue-715/.conda-env/share/verilator/include/verilated.h:35,
                 from /opt/spechunter/chipyard-issue-715/.conda-env/share/verilator/include/verilated_vcd_c.h:24,
                 from /opt/spechunter/chipyard-issue-715-repaired/sims/verilator/generated-src/chipyard.TestHarness.SmallBoomConfig/verilator.h:4,
                 from <command-line>:
/opt/spechunter/chipyard-issue-715/.conda-env/share/verilator/include/verilatedos.h:291: warning: "__STDC_FORMAT_MACROS" redefined
  291 | #define __STDC_FORMAT_MACROS
      | 
<command-line>: note: this is the location of the previous definition
/opt/spechunter/chipyard-issue-715/.conda-env/bin/x86_64-conda-linux-gnu-c++  -I.  -MMD -I/opt/spechunter/chipyard-issue-715/.conda-env/share/verilator/include -I/opt/spechunter/chipyard-issue-715/.conda-env/share/verilator/include/vltstd -DVM_COVERAGE=0 -DVM_SC=0 -DVM_TRACE=1 -DVM_TRACE_FST=0 -DVM_TRACE_VCD=1 -faligned-new -fcf-protection=none -Wno-bool-operation -Wno-sign-compare -Wno-uninitialized -Wno-unused-but-set-variable -Wno-unused-parameter -Wno-unused-variable -Wno-shadow     -O3 -std=c++11 -I/opt/spechunter/chipyard-issue-715/.conda-env/riscv-tools/include -I/opt/spechunter/chipyard-issue-715-repaired/tools/DRAMSim2 -I/opt/spechunter/chipyard-issue-715-repaired/sims/verilator/generated-src/chipyard.TestHarness.SmallBoomConfig    -D__STDC_FORMAT_MACROS -DTEST_HARNESS=VTestHarness -DVERILATOR -include /opt/spechunter/chipyard-issue-715-repaired/sims/verilator/generated-src/chipyard.TestHarness.SmallBoomConfig/chipyard.TestHarness.SmallBoomConfig.plusArgs -include /opt/spechunter/chipyard-issue-715-repaired/sims/verilator/generated-src/chipyard.TestHarness.SmallBoomConfig/verilator.h -include /opt/spechunter/chipyard-issue-715-repaired/sims/verilator/generated-src/chipyard.TestHarness.SmallBoomConfig/chipyard.TestHarness.SmallBoomConfig.debug/VTestHarness.h  -DVL_THREADED -std=c++17 -Os -c -o VTestHarness__Trace__3.o VTestHarness__Trace__3.cpp
In file included from /opt/spechunter/chipyard-issue-715/.conda-env/share/verilator/include/verilated.h:35,
                 from /opt/spechunter/chipyard-issue-715/.conda-env/share/verilator/include/verilated_vcd_c.h:24,
                 from /opt/spechunter/chipyard-issue-715-repaired/sims/verilator/generated-src/chipyard.TestHarness.SmallBoomConfig/verilator.h:4,
                 from <command-line>:
/opt/spechunter/chipyard-issue-715/.conda-env/share/verilator/include/verilatedos.h:291: warning: "__STDC_FORMAT_MACROS" redefined
  291 | #define __STDC_FORMAT_MACROS
      | 
<command-line>: note: this is the location of the previous definition
/opt/spechunter/chipyard-issue-715/.conda-env/bin/x86_64-conda-linux-gnu-c++  -I.  -MMD -I/opt/spechunter/chipyard-issue-715/.conda-env/share/verilator/include -I/opt/spechunter/chipyard-issue-715/.conda-env/share/verilator/include/vltstd -DVM_COVERAGE=0 -DVM_SC=0 -DVM_TRACE=1 -DVM_TRACE_FST=0 -DVM_TRACE_VCD=1 -faligned-new -fcf-protection=none -Wno-bool-operation -Wno-sign-compare -Wno-uninitialized -Wno-unused-but-set-variable -Wno-unused-parameter -Wno-unused-variable -Wno-shadow     -O3 -std=c++11 -I/opt/spechunter/chipyard-issue-715/.conda-env/riscv-tools/include -I/opt/spechunter/chipyard-issue-715-repaired/tools/DRAMSim2 -I/opt/spechunter/chipyard-issue-715-repaired/sims/verilator/generated-src/chipyard.TestHarness.SmallBoomConfig    -D__STDC_FORMAT_MACROS -DTEST_HARNESS=VTestHarness -DVERILATOR -include /opt/spechunter/chipyard-issue-715-repaired/sims/verilator/generated-src/chipyard.TestHarness.SmallBoomConfig/chipyard.TestHarness.SmallBoomConfig.plusArgs -include /opt/spechunter/chipyard-issue-715-repaired/sims/verilator/generated-src/chipyard.TestHarness.SmallBoomConfig/verilator.h -include /opt/spechunter/chipyard-issue-715-repaired/sims/verilator/generated-src/chipyard.TestHarness.SmallBoomConfig/chipyard.TestHarness.SmallBoomConfig.debug/VTestHarness.h  -DVL_THREADED -std=c++17 -Os -c -o VTestHarness__Trace__4.o VTestHarness__Trace__4.cpp
In file included from /opt/spechunter/chipyard-issue-715/.conda-env/share/verilator/include/verilated.h:35,
                 from /opt/spechunter/chipyard-issue-715/.conda-env/share/verilator/include/verilated_vcd_c.h:24,
                 from /opt/spechunter/chipyard-issue-715-repaired/sims/verilator/generated-src/chipyard.TestHarness.SmallBoomConfig/verilator.h:4,
                 from <command-line>:
/opt/spechunter/chipyard-issue-715/.conda-env/share/verilator/include/verilatedos.h:291: warning: "__STDC_FORMAT_MACROS" redefined
  291 | #define __STDC_FORMAT_MACROS
      | 
<command-line>: note: this is the location of the previous definition
/opt/spechunter/chipyard-issue-715/.conda-env/bin/x86_64-conda-linux-gnu-c++  -I.  -MMD -I/opt/spechunter/chipyard-issue-715/.conda-env/share/verilator/include -I/opt/spechunter/chipyard-issue-715/.conda-env/share/verilator/include/vltstd -DVM_COVERAGE=0 -DVM_SC=0 -DVM_TRACE=1 -DVM_TRACE_FST=0 -DVM_TRACE_VCD=1 -faligned-new -fcf-protection=none -Wno-bool-operation -Wno-sign-compare -Wno-uninitialized -Wno-unused-but-set-variable -Wno-unused-parameter -Wno-unused-variable -Wno-shadow     -O3 -std=c++11 -I/opt/spechunter/chipyard-issue-715/.conda-env/riscv-tools/include -I/opt/spechunter/chipyard-issue-715-repaired/tools/DRAMSim2 -I/opt/spechunter/chipyard-issue-715-repaired/sims/verilator/generated-src/chipyard.TestHarness.SmallBoomConfig    -D__STDC_FORMAT_MACROS -DTEST_HARNESS=VTestHarness -DVERILATOR -include /opt/spechunter/chipyard-issue-715-repaired/sims/verilator/generated-src/chipyard.TestHarness.SmallBoomConfig/chipyard.TestHarness.SmallBoomConfig.plusArgs -include /opt/spechunter/chipyard-issue-715-repaired/sims/verilator/generated-src/chipyard.TestHarness.SmallBoomConfig/verilator.h -include /opt/spechunter/chipyard-issue-715-repaired/sims/verilator/generated-src/chipyard.TestHarness.SmallBoomConfig/chipyard.TestHarness.SmallBoomConfig.debug/VTestHarness.h  -DVL_THREADED -std=c++17 -Os -c -o VTestHarness__Trace__5.o VTestHarness__Trace__5.cpp
In file included from /opt/spechunter/chipyard-issue-715/.conda-env/share/verilator/include/verilated.h:35,
                 from /opt/spechunter/chipyard-issue-715/.conda-env/share/verilator/include/verilated_vcd_c.h:24,
                 from /opt/spechunter/chipyard-issue-715-repaired/sims/verilator/generated-src/chipyard.TestHarness.SmallBoomConfig/verilator.h:4,
                 from <command-line>:
/opt/spechunter/chipyard-issue-715/.conda-env/share/verilator/include/verilatedos.h:291: warning: "__STDC_FORMAT_MACROS" redefined
  291 | #define __STDC_FORMAT_MACROS
      | 
<command-line>: note: this is the location of the previous definition
/opt/spechunter/chipyard-issue-715/.conda-env/bin/x86_64-conda-linux-gnu-c++  -I.  -MMD -I/opt/spechunter/chipyard-issue-715/.conda-env/share/verilator/include -I/opt/spechunter/chipyard-issue-715/.conda-env/share/verilator/include/vltstd -DVM_COVERAGE=0 -DVM_SC=0 -DVM_TRACE=1 -DVM_TRACE_FST=0 -DVM_TRACE_VCD=1 -faligned-new -fcf-protection=none -Wno-bool-operation -Wno-sign-compare -Wno-uninitialized -Wno-unused-but-set-variable -Wno-unused-parameter -Wno-unused-variable -Wno-shadow     -O3 -std=c++11 -I/opt/spechunter/chipyard-issue-715/.conda-env/riscv-tools/include -I/opt/spechunter/chipyard-issue-715-repaired/tools/DRAMSim2 -I/opt/spechunter/chipyard-issue-715-repaired/sims/verilator/generated-src/chipyard.TestHarness.SmallBoomConfig    -D__STDC_FORMAT_MACROS -DTEST_HARNESS=VTestHarness -DVERILATOR -include /opt/spechunter/chipyard-issue-715-repaired/sims/verilator/generated-src/chipyard.TestHarness.SmallBoomConfig/chipyard.TestHarness.SmallBoomConfig.plusArgs -include /opt/spechunter/chipyard-issue-715-repaired/sims/verilator/generated-src/chipyard.TestHarness.SmallBoomConfig/verilator.h -include /opt/spechunter/chipyard-issue-715-repaired/sims/verilator/generated-src/chipyard.TestHarness.SmallBoomConfig/chipyard.TestHarness.SmallBoomConfig.debug/VTestHarness.h  -DVL_THREADED -std=c++17 -Os -c -o VTestHarness__Trace__6.o VTestHarness__Trace__6.cpp
In file included from /opt/spechunter/chipyard-issue-715/.conda-env/share/verilator/include/verilated.h:35,
                 from /opt/spechunter/chipyard-issue-715/.conda-env/share/verilator/include/verilated_vcd_c.h:24,
                 from /opt/spechunter/chipyard-issue-715-repaired/sims/verilator/generated-src/chipyard.TestHarness.SmallBoomConfig/verilator.h:4,
                 from <command-line>:
/opt/spechunter/chipyard-issue-715/.conda-env/share/verilator/include/verilatedos.h:291: warning: "__STDC_FORMAT_MACROS" redefined
  291 | #define __STDC_FORMAT_MACROS
      | 
<command-line>: note: this is the location of the previous definition
/opt/spechunter/chipyard-issue-715/.conda-env/bin/x86_64-conda-linux-gnu-c++  -I.  -MMD -I/opt/spechunter/chipyard-issue-715/.conda-env/share/verilator/include -I/opt/spechunter/chipyard-issue-715/.conda-env/share/verilator/include/vltstd -DVM_COVERAGE=0 -DVM_SC=0 -DVM_TRACE=1 -DVM_TRACE_FST=0 -DVM_TRACE_VCD=1 -faligned-new -fcf-protection=none -Wno-bool-operation -Wno-sign-compare -Wno-uninitialized -Wno-unused-but-set-variable -Wno-unused-parameter -Wno-unused-variable -Wno-shadow     -O3 -std=c++11 -I/opt/spechunter/chipyard-issue-715/.conda-env/riscv-tools/include -I/opt/spechunter/chipyard-issue-715-repaired/tools/DRAMSim2 -I/opt/spechunter/chipyard-issue-715-repaired/sims/verilator/generated-src/chipyard.TestHarness.SmallBoomConfig    -D__STDC_FORMAT_MACROS -DTEST_HARNESS=VTestHarness -DVERILATOR -include /opt/spechunter/chipyard-issue-715-repaired/sims/verilator/generated-src/chipyard.TestHarness.SmallBoomConfig/chipyard.TestHarness.SmallBoomConfig.plusArgs -include /opt/spechunter/chipyard-issue-715-repaired/sims/verilator/generated-src/chipyard.TestHarness.SmallBoomConfig/verilator.h -include /opt/spechunter/chipyard-issue-715-repaired/sims/verilator/generated-src/chipyard.TestHarness.SmallBoomConfig/chipyard.TestHarness.SmallBoomConfig.debug/VTestHarness.h  -DVL_THREADED -std=c++17 -Os -c -o VTestHarness__Trace__7.o VTestHarness__Trace__7.cpp
In file included from /opt/spechunter/chipyard-issue-715/.conda-env/share/verilator/include/verilated.h:35,
                 from /opt/spechunter/chipyard-issue-715/.conda-env/share/verilator/include/verilated_vcd_c.h:24,
                 from /opt/spechunter/chipyard-issue-715-repaired/sims/verilator/generated-src/chipyard.TestHarness.SmallBoomConfig/verilator.h:4,
                 from <command-line>:
/opt/spechunter/chipyard-issue-715/.conda-env/share/verilator/include/verilatedos.h:291: warning: "__STDC_FORMAT_MACROS" redefined
  291 | #define __STDC_FORMAT_MACROS
      | 
<command-line>: note: this is the location of the previous definition
/opt/spechunter/chipyard-issue-715/.conda-env/bin/x86_64-conda-linux-gnu-c++  -I.  -MMD -I/opt/spechunter/chipyard-issue-715/.conda-env/share/verilator/include -I/opt/spechunter/chipyard-issue-715/.conda-env/share/verilator/include/vltstd -DVM_COVERAGE=0 -DVM_SC=0 -DVM_TRACE=1 -DVM_TRACE_FST=0 -DVM_TRACE_VCD=1 -faligned-new -fcf-protection=none -Wno-bool-operation -Wno-sign-compare -Wno-uninitialized -Wno-unused-but-set-variable -Wno-unused-parameter -Wno-unused-variable -Wno-shadow     -O3 -std=c++11 -I/opt/spechunter/chipyard-issue-715/.conda-env/riscv-tools/include -I/opt/spechunter/chipyard-issue-715-repaired/tools/DRAMSim2 -I/opt/spechunter/chipyard-issue-715-repaired/sims/verilator/generated-src/chipyard.TestHarness.SmallBoomConfig    -D__STDC_FORMAT_MACROS -DTEST_HARNESS=VTestHarness -DVERILATOR -include /opt/spechunter/chipyard-issue-715-repaired/sims/verilator/generated-src/chipyard.TestHarness.SmallBoomConfig/chipyard.TestHarness.SmallBoomConfig.plusArgs -include /opt/spechunter/chipyard-issue-715-repaired/sims/verilator/generated-src/chipyard.TestHarness.SmallBoomConfig/verilator.h -include /opt/spechunter/chipyard-issue-715-repaired/sims/verilator/generated-src/chipyard.TestHarness.SmallBoomConfig/chipyard.TestHarness.SmallBoomConfig.debug/VTestHarness.h  -DVL_THREADED -std=c++17 -Os -c -o VTestHarness__Trace__8.o VTestHarness__Trace__8.cpp
In file included from /opt/spechunter/chipyard-issue-715/.conda-env/share/verilator/include/verilated.h:35,
                 from /opt/spechunter/chipyard-issue-715/.conda-env/share/verilator/include/verilated_vcd_c.h:24,
                 from /opt/spechunter/chipyard-issue-715-repaired/sims/verilator/generated-src/chipyard.TestHarness.SmallBoomConfig/verilator.h:4,
                 from <command-line>:
/opt/spechunter/chipyard-issue-715/.conda-env/share/verilator/include/verilatedos.h:291: warning: "__STDC_FORMAT_MACROS" redefined
  291 | #define __STDC_FORMAT_MACROS
      | 
<command-line>: note: this is the location of the previous definition
/opt/spechunter/chipyard-issue-715/.conda-env/bin/x86_64-conda-linux-gnu-c++  -I.  -MMD -I/opt/spechunter/chipyard-issue-715/.conda-env/share/verilator/include -I/opt/spechunter/chipyard-issue-715/.conda-env/share/verilator/include/vltstd -DVM_COVERAGE=0 -DVM_SC=0 -DVM_TRACE=1 -DVM_TRACE_FST=0 -DVM_TRACE_VCD=1 -faligned-new -fcf-protection=none -Wno-bool-operation -Wno-sign-compare -Wno-uninitialized -Wno-unused-but-set-variable -Wno-unused-parameter -Wno-unused-variable -Wno-shadow     -O3 -std=c++11 -I/opt/spechunter/chipyard-issue-715/.conda-env/riscv-tools/include -I/opt/spechunter/chipyard-issue-715-repaired/tools/DRAMSim2 -I/opt/spechunter/chipyard-issue-715-repaired/sims/verilator/generated-src/chipyard.TestHarness.SmallBoomConfig    -D__STDC_FORMAT_MACROS -DTEST_HARNESS=VTestHarness -DVERILATOR -include /opt/spechunter/chipyard-issue-715-repaired/sims/verilator/generated-src/chipyard.TestHarness.SmallBoomConfig/chipyard.TestHarness.SmallBoomConfig.plusArgs -include /opt/spechunter/chipyard-issue-715-repaired/sims/verilator/generated-src/chipyard.TestHarness.SmallBoomConfig/verilator.h -include /opt/spechunter/chipyard-issue-715-repaired/sims/verilator/generated-src/chipyard.TestHarness.SmallBoomConfig/chipyard.TestHarness.SmallBoomConfig.debug/VTestHarness.h  -DVL_THREADED -std=c++17 -Os -c -o VTestHarness__Trace__9.o VTestHarness__Trace__9.cpp
In file included from /opt/spechunter/chipyard-issue-715/.conda-env/share/verilator/include/verilated.h:35,
                 from /opt/spechunter/chipyard-issue-715/.conda-env/share/verilator/include/verilated_vcd_c.h:24,
                 from /opt/spechunter/chipyard-issue-715-repaired/sims/verilator/generated-src/chipyard.TestHarness.SmallBoomConfig/verilator.h:4,
                 from <command-line>:
/opt/spechunter/chipyard-issue-715/.conda-env/share/verilator/include/verilatedos.h:291: warning: "__STDC_FORMAT_MACROS" redefined
  291 | #define __STDC_FORMAT_MACROS
      | 
<command-line>: note: this is the location of the previous definition
/opt/spechunter/chipyard-issue-715/.conda-env/bin/x86_64-conda-linux-gnu-c++  -I.  -MMD -I/opt/spechunter/chipyard-issue-715/.conda-env/share/verilator/include -I/opt/spechunter/chipyard-issue-715/.conda-env/share/verilator/include/vltstd -DVM_COVERAGE=0 -DVM_SC=0 -DVM_TRACE=1 -DVM_TRACE_FST=0 -DVM_TRACE_VCD=1 -faligned-new -fcf-protection=none -Wno-bool-operation -Wno-sign-compare -Wno-uninitialized -Wno-unused-but-set-variable -Wno-unused-parameter -Wno-unused-variable -Wno-shadow     -O3 -std=c++11 -I/opt/spechunter/chipyard-issue-715/.conda-env/riscv-tools/include -I/opt/spechunter/chipyard-issue-715-repaired/tools/DRAMSim2 -I/opt/spechunter/chipyard-issue-715-repaired/sims/verilator/generated-src/chipyard.TestHarness.SmallBoomConfig    -D__STDC_FORMAT_MACROS -DTEST_HARNESS=VTestHarness -DVERILATOR -include /opt/spechunter/chipyard-issue-715-repaired/sims/verilator/generated-src/chipyard.TestHarness.SmallBoomConfig/chipyard.TestHarness.SmallBoomConfig.plusArgs -include /opt/spechunter/chipyard-issue-715-repaired/sims/verilator/generated-src/chipyard.TestHarness.SmallBoomConfig/verilator.h -include /opt/spechunter/chipyard-issue-715-repaired/sims/verilator/generated-src/chipyard.TestHarness.SmallBoomConfig/chipyard.TestHarness.SmallBoomConfig.debug/VTestHarness.h  -DVL_THREADED -std=c++17 -Os -c -o VTestHarness__Trace__10.o VTestHarness__Trace__10.cpp
In file included from /opt/spechunter/chipyard-issue-715/.conda-env/share/verilator/include/verilated.h:35,
                 from /opt/spechunter/chipyard-issue-715/.conda-env/share/verilator/include/verilated_vcd_c.h:24,
                 from /opt/spechunter/chipyard-issue-715-repaired/sims/verilator/generated-src/chipyard.TestHarness.SmallBoomConfig/verilator.h:4,
                 from <command-line>:
/opt/spechunter/chipyard-issue-715/.conda-env/share/verilator/include/verilatedos.h:291: warning: "__STDC_FORMAT_MACROS" redefined
  291 | #define __STDC_FORMAT_MACROS
      | 
<command-line>: note: this is the location of the previous definition
/opt/spechunter/chipyard-issue-715/.conda-env/bin/x86_64-conda-linux-gnu-c++  -I.  -MMD -I/opt/spechunter/chipyard-issue-715/.conda-env/share/verilator/include -I/opt/spechunter/chipyard-issue-715/.conda-env/share/verilator/include/vltstd -DVM_COVERAGE=0 -DVM_SC=0 -DVM_TRACE=1 -DVM_TRACE_FST=0 -DVM_TRACE_VCD=1 -faligned-new -fcf-protection=none -Wno-bool-operation -Wno-sign-compare -Wno-uninitialized -Wno-unused-but-set-variable -Wno-unused-parameter -Wno-unused-variable -Wno-shadow     -O3 -std=c++11 -I/opt/spechunter/chipyard-issue-715/.conda-env/riscv-tools/include -I/opt/spechunter/chipyard-issue-715-repaired/tools/DRAMSim2 -I/opt/spechunter/chipyard-issue-715-repaired/sims/verilator/generated-src/chipyard.TestHarness.SmallBoomConfig    -D__STDC_FORMAT_MACROS -DTEST_HARNESS=VTestHarness -DVERILATOR -include /opt/spechunter/chipyard-issue-715-repaired/sims/verilator/generated-src/chipyard.TestHarness.SmallBoomConfig/chipyard.TestHarness.SmallBoomConfig.plusArgs -include /opt/spechunter/chipyard-issue-715-repaired/sims/verilator/generated-src/chipyard.TestHarness.SmallBoomConfig/verilator.h -include /opt/spechunter/chipyard-issue-715-repaired/sims/verilator/generated-src/chipyard.TestHarness.SmallBoomConfig/chipyard.TestHarness.SmallBoomConfig.debug/VTestHarness.h  -DVL_THREADED -std=c++17 -Os -c -o VTestHarness__Trace__11.o VTestHarness__Trace__11.cpp
In file included from /opt/spechunter/chipyard-issue-715/.conda-env/share/verilator/include/verilated.h:35,
                 from /opt/spechunter/chipyard-issue-715/.conda-env/share/verilator/include/verilated_vcd_c.h:24,
                 from /opt/spechunter/chipyard-issue-715-repaired/sims/verilator/generated-src/chipyard.TestHarness.SmallBoomConfig/verilator.h:4,
                 from <command-line>:
/opt/spechunter/chipyard-issue-715/.conda-env/share/verilator/include/verilatedos.h:291: warning: "__STDC_FORMAT_MACROS" redefined
  291 | #define __STDC_FORMAT_MACROS
      | 
<command-line>: note: this is the location of the previous definition
/opt/spechunter/chipyard-issue-715/.conda-env/bin/x86_64-conda-linux-gnu-c++  -I.  -MMD -I/opt/spechunter/chipyard-issue-715/.conda-env/share/verilator/include -I/opt/spechunter/chipyard-issue-715/.conda-env/share/verilator/include/vltstd -DVM_COVERAGE=0 -DVM_SC=0 -DVM_TRACE=1 -DVM_TRACE_FST=0 -DVM_TRACE_VCD=1 -faligned-new -fcf-protection=none -Wno-bool-operation -Wno-sign-compare -Wno-uninitialized -Wno-unused-but-set-variable -Wno-unused-parameter -Wno-unused-variable -Wno-shadow     -O3 -std=c++11 -I/opt/spechunter/chipyard-issue-715/.conda-env/riscv-tools/include -I/opt/spechunter/chipyard-issue-715-repaired/tools/DRAMSim2 -I/opt/spechunter/chipyard-issue-715-repaired/sims/verilator/generated-src/chipyard.TestHarness.SmallBoomConfig    -D__STDC_FORMAT_MACROS -DTEST_HARNESS=VTestHarness -DVERILATOR -include /opt/spechunter/chipyard-issue-715-repaired/sims/verilator/generated-src/chipyard.TestHarness.SmallBoomConfig/chipyard.TestHarness.SmallBoomConfig.plusArgs -include /opt/spechunter/chipyard-issue-715-repaired/sims/verilator/generated-src/chipyard.TestHarness.SmallBoomConfig/verilator.h -include /opt/spechunter/chipyard-issue-715-repaired/sims/verilator/generated-src/chipyard.TestHarness.SmallBoomConfig/chipyard.TestHarness.SmallBoomConfig.debug/VTestHarness.h  -DVL_THREADED -std=c++17 -Os -c -o VTestHarness__Trace__12.o VTestHarness__Trace__12.cpp
In file included from /opt/spechunter/chipyard-issue-715/.conda-env/share/verilator/include/verilated.h:35,
                 from /opt/spechunter/chipyard-issue-715/.conda-env/share/verilator/include/verilated_vcd_c.h:24,
                 from /opt/spechunter/chipyard-issue-715-repaired/sims/verilator/generated-src/chipyard.TestHarness.SmallBoomConfig/verilator.h:4,
                 from <command-line>:
/opt/spechunter/chipyard-issue-715/.conda-env/share/verilator/include/verilatedos.h:291: warning: "__STDC_FORMAT_MACROS" redefined
  291 | #define __STDC_FORMAT_MACROS
      | 
<command-line>: note: this is the location of the previous definition
/opt/spechunter/chipyard-issue-715/.conda-env/bin/x86_64-conda-linux-gnu-c++  -I.  -MMD -I/opt/spechunter/chipyard-issue-715/.conda-env/share/verilator/include -I/opt/spechunter/chipyard-issue-715/.conda-env/share/verilator/include/vltstd -DVM_COVERAGE=0 -DVM_SC=0 -DVM_TRACE=1 -DVM_TRACE_FST=0 -DVM_TRACE_VCD=1 -faligned-new -fcf-protection=none -Wno-bool-operation -Wno-sign-compare -Wno-uninitialized -Wno-unused-but-set-variable -Wno-unused-parameter -Wno-unused-variable -Wno-shadow     -O3 -std=c++11 -I/opt/spechunter/chipyard-issue-715/.conda-env/riscv-tools/include -I/opt/spechunter/chipyard-issue-715-repaired/tools/DRAMSim2 -I/opt/spechunter/chipyard-issue-715-repaired/sims/verilator/generated-src/chipyard.TestHarness.SmallBoomConfig    -D__STDC_FORMAT_MACROS -DTEST_HARNESS=VTestHarness -DVERILATOR -include /opt/spechunter/chipyard-issue-715-repaired/sims/verilator/generated-src/chipyard.TestHarness.SmallBoomConfig/chipyard.TestHarness.SmallBoomConfig.plusArgs -include /opt/spechunter/chipyard-issue-715-repaired/sims/verilator/generated-src/chipyard.TestHarness.SmallBoomConfig/verilator.h -include /opt/spechunter/chipyard-issue-715-repaired/sims/verilator/generated-src/chipyard.TestHarness.SmallBoomConfig/chipyard.TestHarness.SmallBoomConfig.debug/VTestHarness.h  -DVL_THREADED -std=c++17 -Os -c -o VTestHarness__Trace__13.o VTestHarness__Trace__13.cpp
In file included from /opt/spechunter/chipyard-issue-715/.conda-env/share/verilator/include/verilated.h:35,
                 from /opt/spechunter/chipyard-issue-715/.conda-env/share/verilator/include/verilated_vcd_c.h:24,
                 from /opt/spechunter/chipyard-issue-715-repaired/sims/verilator/generated-src/chipyard.TestHarness.SmallBoomConfig/verilator.h:4,
                 from <command-line>:
/opt/spechunter/chipyard-issue-715/.conda-env/share/verilator/include/verilatedos.h:291: warning: "__STDC_FORMAT_MACROS" redefined
  291 | #define __STDC_FORMAT_MACROS
      | 
<command-line>: note: this is the location of the previous definition
/opt/spechunter/chipyard-issue-715/.conda-env/bin/x86_64-conda-linux-gnu-c++  -I.  -MMD -I/opt/spechunter/chipyard-issue-715/.conda-env/share/verilator/include -I/opt/spechunter/chipyard-issue-715/.conda-env/share/verilator/include/vltstd -DVM_COVERAGE=0 -DVM_SC=0 -DVM_TRACE=1 -DVM_TRACE_FST=0 -DVM_TRACE_VCD=1 -faligned-new -fcf-protection=none -Wno-bool-operation -Wno-sign-compare -Wno-uninitialized -Wno-unused-but-set-variable -Wno-unused-parameter -Wno-unused-variable -Wno-shadow     -O3 -std=c++11 -I/opt/spechunter/chipyard-issue-715/.conda-env/riscv-tools/include -I/opt/spechunter/chipyard-issue-715-repaired/tools/DRAMSim2 -I/opt/spechunter/chipyard-issue-715-repaired/sims/verilator/generated-src/chipyard.TestHarness.SmallBoomConfig    -D__STDC_FORMAT_MACROS -DTEST_HARNESS=VTestHarness -DVERILATOR -include /opt/spechunter/chipyard-issue-715-repaired/sims/verilator/generated-src/chipyard.TestHarness.SmallBoomConfig/chipyard.TestHarness.SmallBoomConfig.plusArgs -include /opt/spechunter/chipyard-issue-715-repaired/sims/verilator/generated-src/chipyard.TestHarness.SmallBoomConfig/verilator.h -include /opt/spechunter/chipyard-issue-715-repaired/sims/verilator/generated-src/chipyard.TestHarness.SmallBoomConfig/chipyard.TestHarness.SmallBoomConfig.debug/VTestHarness.h  -DVL_THREADED -std=c++17 -Os -c -o VTestHarness__Trace__14.o VTestHarness__Trace__14.cpp
In file included from /opt/spechunter/chipyard-issue-715/.conda-env/share/verilator/include/verilated.h:35,
                 from /opt/spechunter/chipyard-issue-715/.conda-env/share/verilator/include/verilated_vcd_c.h:24,
                 from /opt/spechunter/chipyard-issue-715-repaired/sims/verilator/generated-src/chipyard.TestHarness.SmallBoomConfig/verilator.h:4,
                 from <command-line>:
/opt/spechunter/chipyard-issue-715/.conda-env/share/verilator/include/verilatedos.h:291: warning: "__STDC_FORMAT_MACROS" redefined
  291 | #define __STDC_FORMAT_MACROS
      | 
<command-line>: note: this is the location of the previous definition
/opt/spechunter/chipyard-issue-715/.conda-env/bin/x86_64-conda-linux-gnu-c++  -I.  -MMD -I/opt/spechunter/chipyard-issue-715/.conda-env/share/verilator/include -I/opt/spechunter/chipyard-issue-715/.conda-env/share/verilator/include/vltstd -DVM_COVERAGE=0 -DVM_SC=0 -DVM_TRACE=1 -DVM_TRACE_FST=0 -DVM_TRACE_VCD=1 -faligned-new -fcf-protection=none -Wno-bool-operation -Wno-sign-compare -Wno-uninitialized -Wno-unused-but-set-variable -Wno-unused-parameter -Wno-unused-variable -Wno-shadow     -O3 -std=c++11 -I/opt/spechunter/chipyard-issue-715/.conda-env/riscv-tools/include -I/opt/spechunter/chipyard-issue-715-repaired/tools/DRAMSim2 -I/opt/spechunter/chipyard-issue-715-repaired/sims/verilator/generated-src/chipyard.TestHarness.SmallBoomConfig    -D__STDC_FORMAT_MACROS -DTEST_HARNESS=VTestHarness -DVERILATOR -include /opt/spechunter/chipyard-issue-715-repaired/sims/verilator/generated-src/chipyard.TestHarness.SmallBoomConfig/chipyard.TestHarness.SmallBoomConfig.plusArgs -include /opt/spechunter/chipyard-issue-715-repaired/sims/verilator/generated-src/chipyard.TestHarness.SmallBoomConfig/verilator.h -include /opt/spechunter/chipyard-issue-715-repaired/sims/verilator/generated-src/chipyard.TestHarness.SmallBoomConfig/chipyard.TestHarness.SmallBoomConfig.debug/VTestHarness.h  -DVL_THREADED -std=c++17 -Os -c -o VTestHarness__Trace__15.o VTestHarness__Trace__15.cpp
In file included from /opt/spechunter/chipyard-issue-715/.conda-env/share/verilator/include/verilated.h:35,
                 from /opt/spechunter/chipyard-issue-715/.conda-env/share/verilator/include/verilated_vcd_c.h:24,
                 from /opt/spechunter/chipyard-issue-715-repaired/sims/verilator/generated-src/chipyard.TestHarness.SmallBoomConfig/verilator.h:4,
                 from <command-line>:
/opt/spechunter/chipyard-issue-715/.conda-env/share/verilator/include/verilatedos.h:291: warning: "__STDC_FORMAT_MACROS" redefined
  291 | #define __STDC_FORMAT_MACROS
      | 
<command-line>: note: this is the location of the previous definition
/opt/spechunter/chipyard-issue-715/.conda-env/bin/x86_64-conda-linux-gnu-c++  -I.  -MMD -I/opt/spechunter/chipyard-issue-715/.conda-env/share/verilator/include -I/opt/spechunter/chipyard-issue-715/.conda-env/share/verilator/include/vltstd -DVM_COVERAGE=0 -DVM_SC=0 -DVM_TRACE=1 -DVM_TRACE_FST=0 -DVM_TRACE_VCD=1 -faligned-new -fcf-protection=none -Wno-bool-operation -Wno-sign-compare -Wno-uninitialized -Wno-unused-but-set-variable -Wno-unused-parameter -Wno-unused-variable -Wno-shadow     -O3 -std=c++11 -I/opt/spechunter/chipyard-issue-715/.conda-env/riscv-tools/include -I/opt/spechunter/chipyard-issue-715-repaired/tools/DRAMSim2 -I/opt/spechunter/chipyard-issue-715-repaired/sims/verilator/generated-src/chipyard.TestHarness.SmallBoomConfig    -D__STDC_FORMAT_MACROS -DTEST_HARNESS=VTestHarness -DVERILATOR -include /opt/spechunter/chipyard-issue-715-repaired/sims/verilator/generated-src/chipyard.TestHarness.SmallBoomConfig/chipyard.TestHarness.SmallBoomConfig.plusArgs -include /opt/spechunter/chipyard-issue-715-repaired/sims/verilator/generated-src/chipyard.TestHarness.SmallBoomConfig/verilator.h -include /opt/spechunter/chipyard-issue-715-repaired/sims/verilator/generated-src/chipyard.TestHarness.SmallBoomConfig/chipyard.TestHarness.SmallBoomConfig.debug/VTestHarness.h  -DVL_THREADED -std=c++17 -Os -c -o VTestHarness__Trace__16.o VTestHarness__Trace__16.cpp
In file included from /opt/spechunter/chipyard-issue-715/.conda-env/share/verilator/include/verilated.h:35,
                 from /opt/spechunter/chipyard-issue-715/.conda-env/share/verilator/include/verilated_vcd_c.h:24,
                 from /opt/spechunter/chipyard-issue-715-repaired/sims/verilator/generated-src/chipyard.TestHarness.SmallBoomConfig/verilator.h:4,
                 from <command-line>:
/opt/spechunter/chipyard-issue-715/.conda-env/share/verilator/include/verilatedos.h:291: warning: "__STDC_FORMAT_MACROS" redefined
  291 | #define __STDC_FORMAT_MACROS
      | 
<command-line>: note: this is the location of the previous definition
/opt/spechunter/chipyard-issue-715/.conda-env/bin/x86_64-conda-linux-gnu-c++  -I.  -MMD -I/opt/spechunter/chipyard-issue-715/.conda-env/share/verilator/include -I/opt/spechunter/chipyard-issue-715/.conda-env/share/verilator/include/vltstd -DVM_COVERAGE=0 -DVM_SC=0 -DVM_TRACE=1 -DVM_TRACE_FST=0 -DVM_TRACE_VCD=1 -faligned-new -fcf-protection=none -Wno-bool-operation -Wno-sign-compare -Wno-uninitialized -Wno-unused-but-set-variable -Wno-unused-parameter -Wno-unused-variable -Wno-shadow     -O3 -std=c++11 -I/opt/spechunter/chipyard-issue-715/.conda-env/riscv-tools/include -I/opt/spechunter/chipyard-issue-715-repaired/tools/DRAMSim2 -I/opt/spechunter/chipyard-issue-715-repaired/sims/verilator/generated-src/chipyard.TestHarness.SmallBoomConfig    -D__STDC_FORMAT_MACROS -DTEST_HARNESS=VTestHarness -DVERILATOR -include /opt/spechunter/chipyard-issue-715-repaired/sims/verilator/generated-src/chipyard.TestHarness.SmallBoomConfig/chipyard.TestHarness.SmallBoomConfig.plusArgs -include /opt/spechunter/chipyard-issue-715-repaired/sims/verilator/generated-src/chipyard.TestHarness.SmallBoomConfig/verilator.h -include /opt/spechunter/chipyard-issue-715-repaired/sims/verilator/generated-src/chipyard.TestHarness.SmallBoomConfig/chipyard.TestHarness.SmallBoomConfig.debug/VTestHarness.h  -DVL_THREADED -std=c++17  -c -o VTestHarness__ConstPool_0.o VTestHarness__ConstPool_0.cpp
In file included from /opt/spechunter/chipyard-issue-715/.conda-env/share/verilator/include/verilated.h:35,
                 from /opt/spechunter/chipyard-issue-715/.conda-env/share/verilator/include/verilated_vcd_c.h:24,
                 from /opt/spechunter/chipyard-issue-715-repaired/sims/verilator/generated-src/chipyard.TestHarness.SmallBoomConfig/verilator.h:4,
                 from <command-line>:
/opt/spechunter/chipyard-issue-715/.conda-env/share/verilator/include/verilatedos.h:291: warning: "__STDC_FORMAT_MACROS" redefined
  291 | #define __STDC_FORMAT_MACROS
      | 
<command-line>: note: this is the location of the previous definition
/opt/spechunter/chipyard-issue-715/.conda-env/bin/x86_64-conda-linux-gnu-c++  -I.  -MMD -I/opt/spechunter/chipyard-issue-715/.conda-env/share/verilator/include -I/opt/spechunter/chipyard-issue-715/.conda-env/share/verilator/include/vltstd -DVM_COVERAGE=0 -DVM_SC=0 -DVM_TRACE=1 -DVM_TRACE_FST=0 -DVM_TRACE_VCD=1 -faligned-new -fcf-protection=none -Wno-bool-operation -Wno-sign-compare -Wno-uninitialized -Wno-unused-but-set-variable -Wno-unused-parameter -Wno-unused-variable -Wno-shadow     -O3 -std=c++11 -I/opt/spechunter/chipyard-issue-715/.conda-env/riscv-tools/include -I/opt/spechunter/chipyard-issue-715-repaired/tools/DRAMSim2 -I/opt/spechunter/chipyard-issue-715-repaired/sims/verilator/generated-src/chipyard.TestHarness.SmallBoomConfig    -D__STDC_FORMAT_MACROS -DTEST_HARNESS=VTestHarness -DVERILATOR -include /opt/spechunter/chipyard-issue-715-repaired/sims/verilator/generated-src/chipyard.TestHarness.SmallBoomConfig/chipyard.TestHarness.SmallBoomConfig.plusArgs -include /opt/spechunter/chipyard-issue-715-repaired/sims/verilator/generated-src/chipyard.TestHarness.SmallBoomConfig/verilator.h -include /opt/spechunter/chipyard-issue-715-repaired/sims/verilator/generated-src/chipyard.TestHarness.SmallBoomConfig/chipyard.TestHarness.SmallBoomConfig.debug/VTestHarness.h  -DVL_THREADED -std=c++17  -c -o VTestHarness___024root__Slow.o VTestHarness___024root__Slow.cpp
In file included from /opt/spechunter/chipyard-issue-715/.conda-env/share/verilator/include/verilated.h:35,
                 from /opt/spechunter/chipyard-issue-715/.conda-env/share/verilator/include/verilated_vcd_c.h:24,
                 from /opt/spechunter/chipyard-issue-715-repaired/sims/verilator/generated-src/chipyard.TestHarness.SmallBoomConfig/verilator.h:4,
                 from <command-line>:
/opt/spechunter/chipyard-issue-715/.conda-env/share/verilator/include/verilatedos.h:291: warning: "__STDC_FORMAT_MACROS" redefined
  291 | #define __STDC_FORMAT_MACROS
      | 
<command-line>: note: this is the location of the previous definition
/opt/spechunter/chipyard-issue-715/.conda-env/bin/x86_64-conda-linux-gnu-c++  -I.  -MMD -I/opt/spechunter/chipyard-issue-715/.conda-env/share/verilator/include -I/opt/spechunter/chipyard-issue-715/.conda-env/share/verilator/include/vltstd -DVM_COVERAGE=0 -DVM_SC=0 -DVM_TRACE=1 -DVM_TRACE_FST=0 -DVM_TRACE_VCD=1 -faligned-new -fcf-protection=none -Wno-bool-operation -Wno-sign-compare -Wno-uninitialized -Wno-unused-but-set-variable -Wno-unused-parameter -Wno-unused-variable -Wno-shadow     -O3 -std=c++11 -I/opt/spechunter/chipyard-issue-715/.conda-env/riscv-tools/include -I/opt/spechunter/chipyard-issue-715-repaired/tools/DRAMSim2 -I/opt/spechunter/chipyard-issue-715-repaired/sims/verilator/generated-src/chipyard.TestHarness.SmallBoomConfig    -D__STDC_FORMAT_MACROS -DTEST_HARNESS=VTestHarness -DVERILATOR -include /opt/spechunter/chipyard-issue-715-repaired/sims/verilator/generated-src/chipyard.TestHarness.SmallBoomConfig/chipyard.TestHarness.SmallBoomConfig.plusArgs -include /opt/spechunter/chipyard-issue-715-repaired/sims/verilator/generated-src/chipyard.TestHarness.SmallBoomConfig/verilator.h -include /opt/spechunter/chipyard-issue-715-repaired/sims/verilator/generated-src/chipyard.TestHarness.SmallBoomConfig/chipyard.TestHarness.SmallBoomConfig.debug/VTestHarness.h  -DVL_THREADED -std=c++17  -c -o VTestHarness___024root__DepSet_h30a6511e__0__Slow.o VTestHarness___024root__DepSet_h30a6511e__0__Slow.cpp
In file included from /opt/spechunter/chipyard-issue-715/.conda-env/share/verilator/include/verilated.h:35,
                 from /opt/spechunter/chipyard-issue-715/.conda-env/share/verilator/include/verilated_vcd_c.h:24,
                 from /opt/spechunter/chipyard-issue-715-repaired/sims/verilator/generated-src/chipyard.TestHarness.SmallBoomConfig/verilator.h:4,
                 from <command-line>:
/opt/spechunter/chipyard-issue-715/.conda-env/share/verilator/include/verilatedos.h:291: warning: "__STDC_FORMAT_MACROS" redefined
  291 | #define __STDC_FORMAT_MACROS
      | 
<command-line>: note: this is the location of the previous definition
/opt/spechunter/chipyard-issue-715/.conda-env/bin/x86_64-conda-linux-gnu-c++  -I.  -MMD -I/opt/spechunter/chipyard-issue-715/.conda-env/share/verilator/include -I/opt/spechunter/chipyard-issue-715/.conda-env/share/verilator/include/vltstd -DVM_COVERAGE=0 -DVM_SC=0 -DVM_TRACE=1 -DVM_TRACE_FST=0 -DVM_TRACE_VCD=1 -faligned-new -fcf-protection=none -Wno-bool-operation -Wno-sign-compare -Wno-uninitialized -Wno-unused-but-set-variable -Wno-unused-parameter -Wno-unused-variable -Wno-shadow     -O3 -std=c++11 -I/opt/spechunter/chipyard-issue-715/.conda-env/riscv-tools/include -I/opt/spechunter/chipyard-issue-715-repaired/tools/DRAMSim2 -I/opt/spechunter/chipyard-issue-715-repaired/sims/verilator/generated-src/chipyard.TestHarness.SmallBoomConfig    -D__STDC_FORMAT_MACROS -DTEST_HARNESS=VTestHarness -DVERILATOR -include /opt/spechunter/chipyard-issue-715-repaired/sims/verilator/generated-src/chipyard.TestHarness.SmallBoomConfig/chipyard.TestHarness.SmallBoomConfig.plusArgs -include /opt/spechunter/chipyard-issue-715-repaired/sims/verilator/generated-src/chipyard.TestHarness.SmallBoomConfig/verilator.h -include /opt/spechunter/chipyard-issue-715-repaired/sims/verilator/generated-src/chipyard.TestHarness.SmallBoomConfig/chipyard.TestHarness.SmallBoomConfig.debug/VTestHarness.h  -DVL_THREADED -std=c++17  -c -o VTestHarness___024root__DepSet_hcfd557fa__0__Slow.o VTestHarness___024root__DepSet_hcfd557fa__0__Slow.cpp
In file included from /opt/spechunter/chipyard-issue-715/.conda-env/share/verilator/include/verilated.h:35,
                 from /opt/spechunter/chipyard-issue-715/.conda-env/share/verilator/include/verilated_vcd_c.h:24,
                 from /opt/spechunter/chipyard-issue-715-repaired/sims/verilator/generated-src/chipyard.TestHarness.SmallBoomConfig/verilator.h:4,
                 from <command-line>:
/opt/spechunter/chipyard-issue-715/.conda-env/share/verilator/include/verilatedos.h:291: warning: "__STDC_FORMAT_MACROS" redefined
  291 | #define __STDC_FORMAT_MACROS
      | 
<command-line>: note: this is the location of the previous definition
/opt/spechunter/chipyard-issue-715/.conda-env/bin/x86_64-conda-linux-gnu-c++  -I.  -MMD -I/opt/spechunter/chipyard-issue-715/.conda-env/share/verilator/include -I/opt/spechunter/chipyard-issue-715/.conda-env/share/verilator/include/vltstd -DVM_COVERAGE=0 -DVM_SC=0 -DVM_TRACE=1 -DVM_TRACE_FST=0 -DVM_TRACE_VCD=1 -faligned-new -fcf-protection=none -Wno-bool-operation -Wno-sign-compare -Wno-uninitialized -Wno-unused-but-set-variable -Wno-unused-parameter -Wno-unused-variable -Wno-shadow     -O3 -std=c++11 -I/opt/spechunter/chipyard-issue-715/.conda-env/riscv-tools/include -I/opt/spechunter/chipyard-issue-715-repaired/tools/DRAMSim2 -I/opt/spechunter/chipyard-issue-715-repaired/sims/verilator/generated-src/chipyard.TestHarness.SmallBoomConfig    -D__STDC_FORMAT_MACROS -DTEST_HARNESS=VTestHarness -DVERILATOR -include /opt/spechunter/chipyard-issue-715-repaired/sims/verilator/generated-src/chipyard.TestHarness.SmallBoomConfig/chipyard.TestHarness.SmallBoomConfig.plusArgs -include /opt/spechunter/chipyard-issue-715-repaired/sims/verilator/generated-src/chipyard.TestHarness.SmallBoomConfig/verilator.h -include /opt/spechunter/chipyard-issue-715-repaired/sims/verilator/generated-src/chipyard.TestHarness.SmallBoomConfig/chipyard.TestHarness.SmallBoomConfig.debug/VTestHarness.h  -DVL_THREADED -std=c++17  -c -o VTestHarness___024root__DepSet_hcfd557fa__1__Slow.o VTestHarness___024root__DepSet_hcfd557fa__1__Slow.cpp
In file included from /opt/spechunter/chipyard-issue-715/.conda-env/share/verilator/include/verilated.h:35,
                 from /opt/spechunter/chipyard-issue-715/.conda-env/share/verilator/include/verilated_vcd_c.h:24,
                 from /opt/spechunter/chipyard-issue-715-repaired/sims/verilator/generated-src/chipyard.TestHarness.SmallBoomConfig/verilator.h:4,
                 from <command-line>:
/opt/spechunter/chipyard-issue-715/.conda-env/share/verilator/include/verilatedos.h:291: warning: "__STDC_FORMAT_MACROS" redefined
  291 | #define __STDC_FORMAT_MACROS
      | 
<command-line>: note: this is the location of the previous definition
/opt/spechunter/chipyard-issue-715/.conda-env/bin/x86_64-conda-linux-gnu-c++  -I.  -MMD -I/opt/spechunter/chipyard-issue-715/.conda-env/share/verilator/include -I/opt/spechunter/chipyard-issue-715/.conda-env/share/verilator/include/vltstd -DVM_COVERAGE=0 -DVM_SC=0 -DVM_TRACE=1 -DVM_TRACE_FST=0 -DVM_TRACE_VCD=1 -faligned-new -fcf-protection=none -Wno-bool-operation -Wno-sign-compare -Wno-uninitialized -Wno-unused-but-set-variable -Wno-unused-parameter -Wno-unused-variable -Wno-shadow     -O3 -std=c++11 -I/opt/spechunter/chipyard-issue-715/.conda-env/riscv-tools/include -I/opt/spechunter/chipyard-issue-715-repaired/tools/DRAMSim2 -I/opt/spechunter/chipyard-issue-715-repaired/sims/verilator/generated-src/chipyard.TestHarness.SmallBoomConfig    -D__STDC_FORMAT_MACROS -DTEST_HARNESS=VTestHarness -DVERILATOR -include /opt/spechunter/chipyard-issue-715-repaired/sims/verilator/generated-src/chipyard.TestHarness.SmallBoomConfig/chipyard.TestHarness.SmallBoomConfig.plusArgs -include /opt/spechunter/chipyard-issue-715-repaired/sims/verilator/generated-src/chipyard.TestHarness.SmallBoomConfig/verilator.h -include /opt/spechunter/chipyard-issue-715-repaired/sims/verilator/generated-src/chipyard.TestHarness.SmallBoomConfig/chipyard.TestHarness.SmallBoomConfig.debug/VTestHarness.h  -DVL_THREADED -std=c++17  -c -o VTestHarness___024root__DepSet_hcfd557fa__2__Slow.o VTestHarness___024root__DepSet_hcfd557fa__2__Slow.cpp
In file included from /opt/spechunter/chipyard-issue-715/.conda-env/share/verilator/include/verilated.h:35,
                 from /opt/spechunter/chipyard-issue-715/.conda-env/share/verilator/include/verilated_vcd_c.h:24,
                 from /opt/spechunter/chipyard-issue-715-repaired/sims/verilator/generated-src/chipyard.TestHarness.SmallBoomConfig/verilator.h:4,
                 from <command-line>:
/opt/spechunter/chipyard-issue-715/.conda-env/share/verilator/include/verilatedos.h:291: warning: "__STDC_FORMAT_MACROS" redefined
  291 | #define __STDC_FORMAT_MACROS
      | 
<command-line>: note: this is the location of the previous definition
/opt/spechunter/chipyard-issue-715/.conda-env/bin/x86_64-conda-linux-gnu-c++  -I.  -MMD -I/opt/spechunter/chipyard-issue-715/.conda-env/share/verilator/include -I/opt/spechunter/chipyard-issue-715/.conda-env/share/verilator/include/vltstd -DVM_COVERAGE=0 -DVM_SC=0 -DVM_TRACE=1 -DVM_TRACE_FST=0 -DVM_TRACE_VCD=1 -faligned-new -fcf-protection=none -Wno-bool-operation -Wno-sign-compare -Wno-uninitialized -Wno-unused-but-set-variable -Wno-unused-parameter -Wno-unused-variable -Wno-shadow     -O3 -std=c++11 -I/opt/spechunter/chipyard-issue-715/.conda-env/riscv-tools/include -I/opt/spechunter/chipyard-issue-715-repaired/tools/DRAMSim2 -I/opt/spechunter/chipyard-issue-715-repaired/sims/verilator/generated-src/chipyard.TestHarness.SmallBoomConfig    -D__STDC_FORMAT_MACROS -DTEST_HARNESS=VTestHarness -DVERILATOR -include /opt/spechunter/chipyard-issue-715-repaired/sims/verilator/generated-src/chipyard.TestHarness.SmallBoomConfig/chipyard.TestHarness.SmallBoomConfig.plusArgs -include /opt/spechunter/chipyard-issue-715-repaired/sims/verilator/generated-src/chipyard.TestHarness.SmallBoomConfig/verilator.h -include /opt/spechunter/chipyard-issue-715-repaired/sims/verilator/generated-src/chipyard.TestHarness.SmallBoomConfig/chipyard.TestHarness.SmallBoomConfig.debug/VTestHarness.h  -DVL_THREADED -std=c++17  -c -o VTestHarness___024root__DepSet_hcfd557fa__3__Slow.o VTestHarness___024root__DepSet_hcfd557fa__3__Slow.cpp
In file included from /opt/spechunter/chipyard-issue-715/.conda-env/share/verilator/include/verilated.h:35,
                 from /opt/spechunter/chipyard-issue-715/.conda-env/share/verilator/include/verilated_vcd_c.h:24,
                 from /opt/spechunter/chipyard-issue-715-repaired/sims/verilator/generated-src/chipyard.TestHarness.SmallBoomConfig/verilator.h:4,
                 from <command-line>:
/opt/spechunter/chipyard-issue-715/.conda-env/share/verilator/include/verilatedos.h:291: warning: "__STDC_FORMAT_MACROS" redefined
  291 | #define __STDC_FORMAT_MACROS
      | 
<command-line>: note: this is the location of the previous definition
/opt/spechunter/chipyard-issue-715/.conda-env/bin/x86_64-conda-linux-gnu-c++  -I.  -MMD -I/opt/spechunter/chipyard-issue-715/.conda-env/share/verilator/include -I/opt/spechunter/chipyard-issue-715/.conda-env/share/verilator/include/vltstd -DVM_COVERAGE=0 -DVM_SC=0 -DVM_TRACE=1 -DVM_TRACE_FST=0 -DVM_TRACE_VCD=1 -faligned-new -fcf-protection=none -Wno-bool-operation -Wno-sign-compare -Wno-uninitialized -Wno-unused-but-set-variable -Wno-unused-parameter -Wno-unused-variable -Wno-shadow     -O3 -std=c++11 -I/opt/spechunter/chipyard-issue-715/.conda-env/riscv-tools/include -I/opt/spechunter/chipyard-issue-715-repaired/tools/DRAMSim2 -I/opt/spechunter/chipyard-issue-715-repaired/sims/verilator/generated-src/chipyard.TestHarness.SmallBoomConfig    -D__STDC_FORMAT_MACROS -DTEST_HARNESS=VTestHarness -DVERILATOR -include /opt/spechunter/chipyard-issue-715-repaired/sims/verilator/generated-src/chipyard.TestHarness.SmallBoomConfig/chipyard.TestHarness.SmallBoomConfig.plusArgs -include /opt/spechunter/chipyard-issue-715-repaired/sims/verilator/generated-src/chipyard.TestHarness.SmallBoomConfig/verilator.h -include /opt/spechunter/chipyard-issue-715-repaired/sims/verilator/generated-src/chipyard.TestHarness.SmallBoomConfig/chipyard.TestHarness.SmallBoomConfig.debug/VTestHarness.h  -DVL_THREADED -std=c++17  -c -o VTestHarness___024root__DepSet_hcfd557fa__4__Slow.o VTestHarness___024root__DepSet_hcfd557fa__4__Slow.cpp
In file included from /opt/spechunter/chipyard-issue-715/.conda-env/share/verilator/include/verilated.h:35,
                 from /opt/spechunter/chipyard-issue-715/.conda-env/share/verilator/include/verilated_vcd_c.h:24,
                 from /opt/spechunter/chipyard-issue-715-repaired/sims/verilator/generated-src/chipyard.TestHarness.SmallBoomConfig/verilator.h:4,
                 from <command-line>:
/opt/spechunter/chipyard-issue-715/.conda-env/share/verilator/include/verilatedos.h:291: warning: "__STDC_FORMAT_MACROS" redefined
  291 | #define __STDC_FORMAT_MACROS
      | 
<command-line>: note: this is the location of the previous definition
/opt/spechunter/chipyard-issue-715/.conda-env/bin/x86_64-conda-linux-gnu-c++  -I.  -MMD -I/opt/spechunter/chipyard-issue-715/.conda-env/share/verilator/include -I/opt/spechunter/chipyard-issue-715/.conda-env/share/verilator/include/vltstd -DVM_COVERAGE=0 -DVM_SC=0 -DVM_TRACE=1 -DVM_TRACE_FST=0 -DVM_TRACE_VCD=1 -faligned-new -fcf-protection=none -Wno-bool-operation -Wno-sign-compare -Wno-uninitialized -Wno-unused-but-set-variable -Wno-unused-parameter -Wno-unused-variable -Wno-shadow     -O3 -std=c++11 -I/opt/spechunter/chipyard-issue-715/.conda-env/riscv-tools/include -I/opt/spechunter/chipyard-issue-715-repaired/tools/DRAMSim2 -I/opt/spechunter/chipyard-issue-715-repaired/sims/verilator/generated-src/chipyard.TestHarness.SmallBoomConfig    -D__STDC_FORMAT_MACROS -DTEST_HARNESS=VTestHarness -DVERILATOR -include /opt/spechunter/chipyard-issue-715-repaired/sims/verilator/generated-src/chipyard.TestHarness.SmallBoomConfig/chipyard.TestHarness.SmallBoomConfig.plusArgs -include /opt/spechunter/chipyard-issue-715-repaired/sims/verilator/generated-src/chipyard.TestHarness.SmallBoomConfig/verilator.h -include /opt/spechunter/chipyard-issue-715-repaired/sims/verilator/generated-src/chipyard.TestHarness.SmallBoomConfig/chipyard.TestHarness.SmallBoomConfig.debug/VTestHarness.h  -DVL_THREADED -std=c++17  -c -o VTestHarness___024root__DepSet_hcfd557fa__5__Slow.o VTestHarness___024root__DepSet_hcfd557fa__5__Slow.cpp
In file included from /opt/spechunter/chipyard-issue-715/.conda-env/share/verilator/include/verilated.h:35,
                 from /opt/spechunter/chipyard-issue-715/.conda-env/share/verilator/include/verilated_vcd_c.h:24,
                 from /opt/spechunter/chipyard-issue-715-repaired/sims/verilator/generated-src/chipyard.TestHarness.SmallBoomConfig/verilator.h:4,
                 from <command-line>:
/opt/spechunter/chipyard-issue-715/.conda-env/share/verilator/include/verilatedos.h:291: warning: "__STDC_FORMAT_MACROS" redefined
  291 | #define __STDC_FORMAT_MACROS
      | 
<command-line>: note: this is the location of the previous definition
/opt/spechunter/chipyard-issue-715/.conda-env/bin/x86_64-conda-linux-gnu-c++  -I.  -MMD -I/opt/spechunter/chipyard-issue-715/.conda-env/share/verilator/include -I/opt/spechunter/chipyard-issue-715/.conda-env/share/verilator/include/vltstd -DVM_COVERAGE=0 -DVM_SC=0 -DVM_TRACE=1 -DVM_TRACE_FST=0 -DVM_TRACE_VCD=1 -faligned-new -fcf-protection=none -Wno-bool-operation -Wno-sign-compare -Wno-uninitialized -Wno-unused-but-set-variable -Wno-unused-parameter -Wno-unused-variable -Wno-shadow     -O3 -std=c++11 -I/opt/spechunter/chipyard-issue-715/.conda-env/riscv-tools/include -I/opt/spechunter/chipyard-issue-715-repaired/tools/DRAMSim2 -I/opt/spechunter/chipyard-issue-715-repaired/sims/verilator/generated-src/chipyard.TestHarness.SmallBoomConfig    -D__STDC_FORMAT_MACROS -DTEST_HARNESS=VTestHarness -DVERILATOR -include /opt/spechunter/chipyard-issue-715-repaired/sims/verilator/generated-src/chipyard.TestHarness.SmallBoomConfig/chipyard.TestHarness.SmallBoomConfig.plusArgs -include /opt/spechunter/chipyard-issue-715-repaired/sims/verilator/generated-src/chipyard.TestHarness.SmallBoomConfig/verilator.h -include /opt/spechunter/chipyard-issue-715-repaired/sims/verilator/generated-src/chipyard.TestHarness.SmallBoomConfig/chipyard.TestHarness.SmallBoomConfig.debug/VTestHarness.h  -DVL_THREADED -std=c++17  -c -o VTestHarness___024root__DepSet_hcfd557fa__6__Slow.o VTestHarness___024root__DepSet_hcfd557fa__6__Slow.cpp
In file included from /opt/spechunter/chipyard-issue-715/.conda-env/share/verilator/include/verilated.h:35,
                 from /opt/spechunter/chipyard-issue-715/.conda-env/share/verilator/include/verilated_vcd_c.h:24,
                 from /opt/spechunter/chipyard-issue-715-repaired/sims/verilator/generated-src/chipyard.TestHarness.SmallBoomConfig/verilator.h:4,
                 from <command-line>:
/opt/spechunter/chipyard-issue-715/.conda-env/share/verilator/include/verilatedos.h:291: warning: "__STDC_FORMAT_MACROS" redefined
  291 | #define __STDC_FORMAT_MACROS
      | 
<command-line>: note: this is the location of the previous definition
/opt/spechunter/chipyard-issue-715/.conda-env/bin/x86_64-conda-linux-gnu-c++  -I.  -MMD -I/opt/spechunter/chipyard-issue-715/.conda-env/share/verilator/include -I/opt/spechunter/chipyard-issue-715/.conda-env/share/verilator/include/vltstd -DVM_COVERAGE=0 -DVM_SC=0 -DVM_TRACE=1 -DVM_TRACE_FST=0 -DVM_TRACE_VCD=1 -faligned-new -fcf-protection=none -Wno-bool-operation -Wno-sign-compare -Wno-uninitialized -Wno-unused-but-set-variable -Wno-unused-parameter -Wno-unused-variable -Wno-shadow     -O3 -std=c++11 -I/opt/spechunter/chipyard-issue-715/.conda-env/riscv-tools/include -I/opt/spechunter/chipyard-issue-715-repaired/tools/DRAMSim2 -I/opt/spechunter/chipyard-issue-715-repaired/sims/verilator/generated-src/chipyard.TestHarness.SmallBoomConfig    -D__STDC_FORMAT_MACROS -DTEST_HARNESS=VTestHarness -DVERILATOR -include /opt/spechunter/chipyard-issue-715-repaired/sims/verilator/generated-src/chipyard.TestHarness.SmallBoomConfig/chipyard.TestHarness.SmallBoomConfig.plusArgs -include /opt/spechunter/chipyard-issue-715-repaired/sims/verilator/generated-src/chipyard.TestHarness.SmallBoomConfig/verilator.h -include /opt/spechunter/chipyard-issue-715-repaired/sims/verilator/generated-src/chipyard.TestHarness.SmallBoomConfig/chipyard.TestHarness.SmallBoomConfig.debug/VTestHarness.h  -DVL_THREADED -std=c++17  -c -o VTestHarness___024root__DepSet_hcfd557fa__7__Slow.o VTestHarness___024root__DepSet_hcfd557fa__7__Slow.cpp
In file included from /opt/spechunter/chipyard-issue-715/.conda-env/share/verilator/include/verilated.h:35,
                 from /opt/spechunter/chipyard-issue-715/.conda-env/share/verilator/include/verilated_vcd_c.h:24,
                 from /opt/spechunter/chipyard-issue-715-repaired/sims/verilator/generated-src/chipyard.TestHarness.SmallBoomConfig/verilator.h:4,
                 from <command-line>:
/opt/spechunter/chipyard-issue-715/.conda-env/share/verilator/include/verilatedos.h:291: warning: "__STDC_FORMAT_MACROS" redefined
  291 | #define __STDC_FORMAT_MACROS
      | 
<command-line>: note: this is the location of the previous definition
/opt/spechunter/chipyard-issue-715/.conda-env/bin/x86_64-conda-linux-gnu-c++  -I.  -MMD -I/opt/spechunter/chipyard-issue-715/.conda-env/share/verilator/include -I/opt/spechunter/chipyard-issue-715/.conda-env/share/verilator/include/vltstd -DVM_COVERAGE=0 -DVM_SC=0 -DVM_TRACE=1 -DVM_TRACE_FST=0 -DVM_TRACE_VCD=1 -faligned-new -fcf-protection=none -Wno-bool-operation -Wno-sign-compare -Wno-uninitialized -Wno-unused-but-set-variable -Wno-unused-parameter -Wno-unused-variable -Wno-shadow     -O3 -std=c++11 -I/opt/spechunter/chipyard-issue-715/.conda-env/riscv-tools/include -I/opt/spechunter/chipyard-issue-715-repaired/tools/DRAMSim2 -I/opt/spechunter/chipyard-issue-715-repaired/sims/verilator/generated-src/chipyard.TestHarness.SmallBoomConfig    -D__STDC_FORMAT_MACROS -DTEST_HARNESS=VTestHarness -DVERILATOR -include /opt/spechunter/chipyard-issue-715-repaired/sims/verilator/generated-src/chipyard.TestHarness.SmallBoomConfig/chipyard.TestHarness.SmallBoomConfig.plusArgs -include /opt/spechunter/chipyard-issue-715-repaired/sims/verilator/generated-src/chipyard.TestHarness.SmallBoomConfig/verilator.h -include /opt/spechunter/chipyard-issue-715-repaired/sims/verilator/generated-src/chipyard.TestHarness.SmallBoomConfig/chipyard.TestHarness.SmallBoomConfig.debug/VTestHarness.h  -DVL_THREADED -std=c++17  -c -o VTestHarness___024root__DepSet_hcfd557fa__8__Slow.o VTestHarness___024root__DepSet_hcfd557fa__8__Slow.cpp
In file included from /opt/spechunter/chipyard-issue-715/.conda-env/share/verilator/include/verilated.h:35,
                 from /opt/spechunter/chipyard-issue-715/.conda-env/share/verilator/include/verilated_vcd_c.h:24,
                 from /opt/spechunter/chipyard-issue-715-repaired/sims/verilator/generated-src/chipyard.TestHarness.SmallBoomConfig/verilator.h:4,
                 from <command-line>:
/opt/spechunter/chipyard-issue-715/.conda-env/share/verilator/include/verilatedos.h:291: warning: "__STDC_FORMAT_MACROS" redefined
  291 | #define __STDC_FORMAT_MACROS
      | 
<command-line>: note: this is the location of the previous definition
/opt/spechunter/chipyard-issue-715/.conda-env/bin/x86_64-conda-linux-gnu-c++  -I.  -MMD -I/opt/spechunter/chipyard-issue-715/.conda-env/share/verilator/include -I/opt/spechunter/chipyard-issue-715/.conda-env/share/verilator/include/vltstd -DVM_COVERAGE=0 -DVM_SC=0 -DVM_TRACE=1 -DVM_TRACE_FST=0 -DVM_TRACE_VCD=1 -faligned-new -fcf-protection=none -Wno-bool-operation -Wno-sign-compare -Wno-uninitialized -Wno-unused-but-set-variable -Wno-unused-parameter -Wno-unused-variable -Wno-shadow     -O3 -std=c++11 -I/opt/spechunter/chipyard-issue-715/.conda-env/riscv-tools/include -I/opt/spechunter/chipyard-issue-715-repaired/tools/DRAMSim2 -I/opt/spechunter/chipyard-issue-715-repaired/sims/verilator/generated-src/chipyard.TestHarness.SmallBoomConfig    -D__STDC_FORMAT_MACROS -DTEST_HARNESS=VTestHarness -DVERILATOR -include /opt/spechunter/chipyard-issue-715-repaired/sims/verilator/generated-src/chipyard.TestHarness.SmallBoomConfig/chipyard.TestHarness.SmallBoomConfig.plusArgs -include /opt/spechunter/chipyard-issue-715-repaired/sims/verilator/generated-src/chipyard.TestHarness.SmallBoomConfig/verilator.h -include /opt/spechunter/chipyard-issue-715-repaired/sims/verilator/generated-src/chipyard.TestHarness.SmallBoomConfig/chipyard.TestHarness.SmallBoomConfig.debug/VTestHarness.h  -DVL_THREADED -std=c++17  -c -o VTestHarness___024root__DepSet_hcfd557fa__9__Slow.o VTestHarness___024root__DepSet_hcfd557fa__9__Slow.cpp
In file included from /opt/spechunter/chipyard-issue-715/.conda-env/share/verilator/include/verilated.h:35,
                 from /opt/spechunter/chipyard-issue-715/.conda-env/share/verilator/include/verilated_vcd_c.h:24,
                 from /opt/spechunter/chipyard-issue-715-repaired/sims/verilator/generated-src/chipyard.TestHarness.SmallBoomConfig/verilator.h:4,
                 from <command-line>:
/opt/spechunter/chipyard-issue-715/.conda-env/share/verilator/include/verilatedos.h:291: warning: "__STDC_FORMAT_MACROS" redefined
  291 | #define __STDC_FORMAT_MACROS
      | 
<command-line>: note: this is the location of the previous definition
/opt/spechunter/chipyard-issue-715/.conda-env/bin/x86_64-conda-linux-gnu-c++  -I.  -MMD -I/opt/spechunter/chipyard-issue-715/.conda-env/share/verilator/include -I/opt/spechunter/chipyard-issue-715/.conda-env/share/verilator/include/vltstd -DVM_COVERAGE=0 -DVM_SC=0 -DVM_TRACE=1 -DVM_TRACE_FST=0 -DVM_TRACE_VCD=1 -faligned-new -fcf-protection=none -Wno-bool-operation -Wno-sign-compare -Wno-uninitialized -Wno-unused-but-set-variable -Wno-unused-parameter -Wno-unused-variable -Wno-shadow     -O3 -std=c++11 -I/opt/spechunter/chipyard-issue-715/.conda-env/riscv-tools/include -I/opt/spechunter/chipyard-issue-715-repaired/tools/DRAMSim2 -I/opt/spechunter/chipyard-issue-715-repaired/sims/verilator/generated-src/chipyard.TestHarness.SmallBoomConfig    -D__STDC_FORMAT_MACROS -DTEST_HARNESS=VTestHarness -DVERILATOR -include /opt/spechunter/chipyard-issue-715-repaired/sims/verilator/generated-src/chipyard.TestHarness.SmallBoomConfig/chipyard.TestHarness.SmallBoomConfig.plusArgs -include /opt/spechunter/chipyard-issue-715-repaired/sims/verilator/generated-src/chipyard.TestHarness.SmallBoomConfig/verilator.h -include /opt/spechunter/chipyard-issue-715-repaired/sims/verilator/generated-src/chipyard.TestHarness.SmallBoomConfig/chipyard.TestHarness.SmallBoomConfig.debug/VTestHarness.h  -DVL_THREADED -std=c++17  -c -o VTestHarness___024root__DepSet_hcfd557fa__10__Slow.o VTestHarness___024root__DepSet_hcfd557fa__10__Slow.cpp
In file included from /opt/spechunter/chipyard-issue-715/.conda-env/share/verilator/include/verilated.h:35,
                 from /opt/spechunter/chipyard-issue-715/.conda-env/share/verilator/include/verilated_vcd_c.h:24,
                 from /opt/spechunter/chipyard-issue-715-repaired/sims/verilator/generated-src/chipyard.TestHarness.SmallBoomConfig/verilator.h:4,
                 from <command-line>:
/opt/spechunter/chipyard-issue-715/.conda-env/share/verilator/include/verilatedos.h:291: warning: "__STDC_FORMAT_MACROS" redefined
  291 | #define __STDC_FORMAT_MACROS
      | 
<command-line>: note: this is the location of the previous definition
/opt/spechunter/chipyard-issue-715/.conda-env/bin/x86_64-conda-linux-gnu-c++  -I.  -MMD -I/opt/spechunter/chipyard-issue-715/.conda-env/share/verilator/include -I/opt/spechunter/chipyard-issue-715/.conda-env/share/verilator/include/vltstd -DVM_COVERAGE=0 -DVM_SC=0 -DVM_TRACE=1 -DVM_TRACE_FST=0 -DVM_TRACE_VCD=1 -faligned-new -fcf-protection=none -Wno-bool-operation -Wno-sign-compare -Wno-uninitialized -Wno-unused-but-set-variable -Wno-unused-parameter -Wno-unused-variable -Wno-shadow     -O3 -std=c++11 -I/opt/spechunter/chipyard-issue-715/.conda-env/riscv-tools/include -I/opt/spechunter/chipyard-issue-715-repaired/tools/DRAMSim2 -I/opt/spechunter/chipyard-issue-715-repaired/sims/verilator/generated-src/chipyard.TestHarness.SmallBoomConfig    -D__STDC_FORMAT_MACROS -DTEST_HARNESS=VTestHarness -DVERILATOR -include /opt/spechunter/chipyard-issue-715-repaired/sims/verilator/generated-src/chipyard.TestHarness.SmallBoomConfig/chipyard.TestHarness.SmallBoomConfig.plusArgs -include /opt/spechunter/chipyard-issue-715-repaired/sims/verilator/generated-src/chipyard.TestHarness.SmallBoomConfig/verilator.h -include /opt/spechunter/chipyard-issue-715-repaired/sims/verilator/generated-src/chipyard.TestHarness.SmallBoomConfig/chipyard.TestHarness.SmallBoomConfig.debug/VTestHarness.h  -DVL_THREADED -std=c++17  -c -o VTestHarness___024root__DepSet_hcfd557fa__11__Slow.o VTestHarness___024root__DepSet_hcfd557fa__11__Slow.cpp
In file included from /opt/spechunter/chipyard-issue-715/.conda-env/share/verilator/include/verilated.h:35,
                 from /opt/spechunter/chipyard-issue-715/.conda-env/share/verilator/include/verilated_vcd_c.h:24,
                 from /opt/spechunter/chipyard-issue-715-repaired/sims/verilator/generated-src/chipyard.TestHarness.SmallBoomConfig/verilator.h:4,
                 from <command-line>:
/opt/spechunter/chipyard-issue-715/.conda-env/share/verilator/include/verilatedos.h:291: warning: "__STDC_FORMAT_MACROS" redefined
  291 | #define __STDC_FORMAT_MACROS
      | 
<command-line>: note: this is the location of the previous definition
/opt/spechunter/chipyard-issue-715/.conda-env/bin/x86_64-conda-linux-gnu-c++  -I.  -MMD -I/opt/spechunter/chipyard-issue-715/.conda-env/share/verilator/include -I/opt/spechunter/chipyard-issue-715/.conda-env/share/verilator/include/vltstd -DVM_COVERAGE=0 -DVM_SC=0 -DVM_TRACE=1 -DVM_TRACE_FST=0 -DVM_TRACE_VCD=1 -faligned-new -fcf-protection=none -Wno-bool-operation -Wno-sign-compare -Wno-uninitialized -Wno-unused-but-set-variable -Wno-unused-parameter -Wno-unused-variable -Wno-shadow     -O3 -std=c++11 -I/opt/spechunter/chipyard-issue-715/.conda-env/riscv-tools/include -I/opt/spechunter/chipyard-issue-715-repaired/tools/DRAMSim2 -I/opt/spechunter/chipyard-issue-715-repaired/sims/verilator/generated-src/chipyard.TestHarness.SmallBoomConfig    -D__STDC_FORMAT_MACROS -DTEST_HARNESS=VTestHarness -DVERILATOR -include /opt/spechunter/chipyard-issue-715-repaired/sims/verilator/generated-src/chipyard.TestHarness.SmallBoomConfig/chipyard.TestHarness.SmallBoomConfig.plusArgs -include /opt/spechunter/chipyard-issue-715-repaired/sims/verilator/generated-src/chipyard.TestHarness.SmallBoomConfig/verilator.h -include /opt/spechunter/chipyard-issue-715-repaired/sims/verilator/generated-src/chipyard.TestHarness.SmallBoomConfig/chipyard.TestHarness.SmallBoomConfig.debug/VTestHarness.h  -DVL_THREADED -std=c++17  -c -o VTestHarness___024root__DepSet_hcfd557fa__12__Slow.o VTestHarness___024root__DepSet_hcfd557fa__12__Slow.cpp
In file included from /opt/spechunter/chipyard-issue-715/.conda-env/share/verilator/include/verilated.h:35,
                 from /opt/spechunter/chipyard-issue-715/.conda-env/share/verilator/include/verilated_vcd_c.h:24,
                 from /opt/spechunter/chipyard-issue-715-repaired/sims/verilator/generated-src/chipyard.TestHarness.SmallBoomConfig/verilator.h:4,
                 from <command-line>:
/opt/spechunter/chipyard-issue-715/.conda-env/share/verilator/include/verilatedos.h:291: warning: "__STDC_FORMAT_MACROS" redefined
  291 | #define __STDC_FORMAT_MACROS
      | 
<command-line>: note: this is the location of the previous definition
/opt/spechunter/chipyard-issue-715/.conda-env/bin/x86_64-conda-linux-gnu-c++  -I.  -MMD -I/opt/spechunter/chipyard-issue-715/.conda-env/share/verilator/include -I/opt/spechunter/chipyard-issue-715/.conda-env/share/verilator/include/vltstd -DVM_COVERAGE=0 -DVM_SC=0 -DVM_TRACE=1 -DVM_TRACE_FST=0 -DVM_TRACE_VCD=1 -faligned-new -fcf-protection=none -Wno-bool-operation -Wno-sign-compare -Wno-uninitialized -Wno-unused-but-set-variable -Wno-unused-parameter -Wno-unused-variable -Wno-shadow     -O3 -std=c++11 -I/opt/spechunter/chipyard-issue-715/.conda-env/riscv-tools/include -I/opt/spechunter/chipyard-issue-715-repaired/tools/DRAMSim2 -I/opt/spechunter/chipyard-issue-715-repaired/sims/verilator/generated-src/chipyard.TestHarness.SmallBoomConfig    -D__STDC_FORMAT_MACROS -DTEST_HARNESS=VTestHarness -DVERILATOR -include /opt/spechunter/chipyard-issue-715-repaired/sims/verilator/generated-src/chipyard.TestHarness.SmallBoomConfig/chipyard.TestHarness.SmallBoomConfig.plusArgs -include /opt/spechunter/chipyard-issue-715-repaired/sims/verilator/generated-src/chipyard.TestHarness.SmallBoomConfig/verilator.h -include /opt/spechunter/chipyard-issue-715-repaired/sims/verilator/generated-src/chipyard.TestHarness.SmallBoomConfig/chipyard.TestHarness.SmallBoomConfig.debug/VTestHarness.h  -DVL_THREADED -std=c++17  -c -o VTestHarness___024root__DepSet_hcfd557fa__13__Slow.o VTestHarness___024root__DepSet_hcfd557fa__13__Slow.cpp
In file included from /opt/spechunter/chipyard-issue-715/.conda-env/share/verilator/include/verilated.h:35,
                 from /opt/spechunter/chipyard-issue-715/.conda-env/share/verilator/include/verilated_vcd_c.h:24,
                 from /opt/spechunter/chipyard-issue-715-repaired/sims/verilator/generated-src/chipyard.TestHarness.SmallBoomConfig/verilator.h:4,
                 from <command-line>:
/opt/spechunter/chipyard-issue-715/.conda-env/share/verilator/include/verilatedos.h:291: warning: "__STDC_FORMAT_MACROS" redefined
  291 | #define __STDC_FORMAT_MACROS
      | 
<command-line>: note: this is the location of the previous definition
/opt/spechunter/chipyard-issue-715/.conda-env/bin/x86_64-conda-linux-gnu-c++  -I.  -MMD -I/opt/spechunter/chipyard-issue-715/.conda-env/share/verilator/include -I/opt/spechunter/chipyard-issue-715/.conda-env/share/verilator/include/vltstd -DVM_COVERAGE=0 -DVM_SC=0 -DVM_TRACE=1 -DVM_TRACE_FST=0 -DVM_TRACE_VCD=1 -faligned-new -fcf-protection=none -Wno-bool-operation -Wno-sign-compare -Wno-uninitialized -Wno-unused-but-set-variable -Wno-unused-parameter -Wno-unused-variable -Wno-shadow     -O3 -std=c++11 -I/opt/spechunter/chipyard-issue-715/.conda-env/riscv-tools/include -I/opt/spechunter/chipyard-issue-715-repaired/tools/DRAMSim2 -I/opt/spechunter/chipyard-issue-715-repaired/sims/verilator/generated-src/chipyard.TestHarness.SmallBoomConfig    -D__STDC_FORMAT_MACROS -DTEST_HARNESS=VTestHarness -DVERILATOR -include /opt/spechunter/chipyard-issue-715-repaired/sims/verilator/generated-src/chipyard.TestHarness.SmallBoomConfig/chipyard.TestHarness.SmallBoomConfig.plusArgs -include /opt/spechunter/chipyard-issue-715-repaired/sims/verilator/generated-src/chipyard.TestHarness.SmallBoomConfig/verilator.h -include /opt/spechunter/chipyard-issue-715-repaired/sims/verilator/generated-src/chipyard.TestHarness.SmallBoomConfig/chipyard.TestHarness.SmallBoomConfig.debug/VTestHarness.h  -DVL_THREADED -std=c++17  -c -o VTestHarness___024root__DepSet_hcfd557fa__14__Slow.o VTestHarness___024root__DepSet_hcfd557fa__14__Slow.cpp
In file included from /opt/spechunter/chipyard-issue-715/.conda-env/share/verilator/include/verilated.h:35,
                 from /opt/spechunter/chipyard-issue-715/.conda-env/share/verilator/include/verilated_vcd_c.h:24,
                 from /opt/spechunter/chipyard-issue-715-repaired/sims/verilator/generated-src/chipyard.TestHarness.SmallBoomConfig/verilator.h:4,
                 from <command-line>:
/opt/spechunter/chipyard-issue-715/.conda-env/share/verilator/include/verilatedos.h:291: warning: "__STDC_FORMAT_MACROS" redefined
  291 | #define __STDC_FORMAT_MACROS
      | 
<command-line>: note: this is the location of the previous definition
/opt/spechunter/chipyard-issue-715/.conda-env/bin/x86_64-conda-linux-gnu-c++  -I.  -MMD -I/opt/spechunter/chipyard-issue-715/.conda-env/share/verilator/include -I/opt/spechunter/chipyard-issue-715/.conda-env/share/verilator/include/vltstd -DVM_COVERAGE=0 -DVM_SC=0 -DVM_TRACE=1 -DVM_TRACE_FST=0 -DVM_TRACE_VCD=1 -faligned-new -fcf-protection=none -Wno-bool-operation -Wno-sign-compare -Wno-uninitialized -Wno-unused-but-set-variable -Wno-unused-parameter -Wno-unused-variable -Wno-shadow     -O3 -std=c++11 -I/opt/spechunter/chipyard-issue-715/.conda-env/riscv-tools/include -I/opt/spechunter/chipyard-issue-715-repaired/tools/DRAMSim2 -I/opt/spechunter/chipyard-issue-715-repaired/sims/verilator/generated-src/chipyard.TestHarness.SmallBoomConfig    -D__STDC_FORMAT_MACROS -DTEST_HARNESS=VTestHarness -DVERILATOR -include /opt/spechunter/chipyard-issue-715-repaired/sims/verilator/generated-src/chipyard.TestHarness.SmallBoomConfig/chipyard.TestHarness.SmallBoomConfig.plusArgs -include /opt/spechunter/chipyard-issue-715-repaired/sims/verilator/generated-src/chipyard.TestHarness.SmallBoomConfig/verilator.h -include /opt/spechunter/chipyard-issue-715-repaired/sims/verilator/generated-src/chipyard.TestHarness.SmallBoomConfig/chipyard.TestHarness.SmallBoomConfig.debug/VTestHarness.h  -DVL_THREADED -std=c++17  -c -o VTestHarness___024root__DepSet_hcfd557fa__15__Slow.o VTestHarness___024root__DepSet_hcfd557fa__15__Slow.cpp
In file included from /opt/spechunter/chipyard-issue-715/.conda-env/share/verilator/include/verilated.h:35,
                 from /opt/spechunter/chipyard-issue-715/.conda-env/share/verilator/include/verilated_vcd_c.h:24,
                 from /opt/spechunter/chipyard-issue-715-repaired/sims/verilator/generated-src/chipyard.TestHarness.SmallBoomConfig/verilator.h:4,
                 from <command-line>:
/opt/spechunter/chipyard-issue-715/.conda-env/share/verilator/include/verilatedos.h:291: warning: "__STDC_FORMAT_MACROS" redefined
  291 | #define __STDC_FORMAT_MACROS
      | 
<command-line>: note: this is the location of the previous definition
/opt/spechunter/chipyard-issue-715/.conda-env/bin/x86_64-conda-linux-gnu-c++  -I.  -MMD -I/opt/spechunter/chipyard-issue-715/.conda-env/share/verilator/include -I/opt/spechunter/chipyard-issue-715/.conda-env/share/verilator/include/vltstd -DVM_COVERAGE=0 -DVM_SC=0 -DVM_TRACE=1 -DVM_TRACE_FST=0 -DVM_TRACE_VCD=1 -faligned-new -fcf-protection=none -Wno-bool-operation -Wno-sign-compare -Wno-uninitialized -Wno-unused-but-set-variable -Wno-unused-parameter -Wno-unused-variable -Wno-shadow     -O3 -std=c++11 -I/opt/spechunter/chipyard-issue-715/.conda-env/riscv-tools/include -I/opt/spechunter/chipyard-issue-715-repaired/tools/DRAMSim2 -I/opt/spechunter/chipyard-issue-715-repaired/sims/verilator/generated-src/chipyard.TestHarness.SmallBoomConfig    -D__STDC_FORMAT_MACROS -DTEST_HARNESS=VTestHarness -DVERILATOR -include /opt/spechunter/chipyard-issue-715-repaired/sims/verilator/generated-src/chipyard.TestHarness.SmallBoomConfig/chipyard.TestHarness.SmallBoomConfig.plusArgs -include /opt/spechunter/chipyard-issue-715-repaired/sims/verilator/generated-src/chipyard.TestHarness.SmallBoomConfig/verilator.h -include /opt/spechunter/chipyard-issue-715-repaired/sims/verilator/generated-src/chipyard.TestHarness.SmallBoomConfig/chipyard.TestHarness.SmallBoomConfig.debug/VTestHarness.h  -DVL_THREADED -std=c++17  -c -o VTestHarness___024root__DepSet_hcfd557fa__16__Slow.o VTestHarness___024root__DepSet_hcfd557fa__16__Slow.cpp
In file included from /opt/spechunter/chipyard-issue-715/.conda-env/share/verilator/include/verilated.h:35,
                 from /opt/spechunter/chipyard-issue-715/.conda-env/share/verilator/include/verilated_vcd_c.h:24,
                 from /opt/spechunter/chipyard-issue-715-repaired/sims/verilator/generated-src/chipyard.TestHarness.SmallBoomConfig/verilator.h:4,
                 from <command-line>:
/opt/spechunter/chipyard-issue-715/.conda-env/share/verilator/include/verilatedos.h:291: warning: "__STDC_FORMAT_MACROS" redefined
  291 | #define __STDC_FORMAT_MACROS
      | 
<command-line>: note: this is the location of the previous definition
/opt/spechunter/chipyard-issue-715/.conda-env/bin/x86_64-conda-linux-gnu-c++  -I.  -MMD -I/opt/spechunter/chipyard-issue-715/.conda-env/share/verilator/include -I/opt/spechunter/chipyard-issue-715/.conda-env/share/verilator/include/vltstd -DVM_COVERAGE=0 -DVM_SC=0 -DVM_TRACE=1 -DVM_TRACE_FST=0 -DVM_TRACE_VCD=1 -faligned-new -fcf-protection=none -Wno-bool-operation -Wno-sign-compare -Wno-uninitialized -Wno-unused-but-set-variable -Wno-unused-parameter -Wno-unused-variable -Wno-shadow     -O3 -std=c++11 -I/opt/spechunter/chipyard-issue-715/.conda-env/riscv-tools/include -I/opt/spechunter/chipyard-issue-715-repaired/tools/DRAMSim2 -I/opt/spechunter/chipyard-issue-715-repaired/sims/verilator/generated-src/chipyard.TestHarness.SmallBoomConfig    -D__STDC_FORMAT_MACROS -DTEST_HARNESS=VTestHarness -DVERILATOR -include /opt/spechunter/chipyard-issue-715-repaired/sims/verilator/generated-src/chipyard.TestHarness.SmallBoomConfig/chipyard.TestHarness.SmallBoomConfig.plusArgs -include /opt/spechunter/chipyard-issue-715-repaired/sims/verilator/generated-src/chipyard.TestHarness.SmallBoomConfig/verilator.h -include /opt/spechunter/chipyard-issue-715-repaired/sims/verilator/generated-src/chipyard.TestHarness.SmallBoomConfig/chipyard.TestHarness.SmallBoomConfig.debug/VTestHarness.h  -DVL_THREADED -std=c++17  -c -o VTestHarness___024root__DepSet_hcfd557fa__17__Slow.o VTestHarness___024root__DepSet_hcfd557fa__17__Slow.cpp
In file included from /opt/spechunter/chipyard-issue-715/.conda-env/share/verilator/include/verilated.h:35,
                 from /opt/spechunter/chipyard-issue-715/.conda-env/share/verilator/include/verilated_vcd_c.h:24,
                 from /opt/spechunter/chipyard-issue-715-repaired/sims/verilator/generated-src/chipyard.TestHarness.SmallBoomConfig/verilator.h:4,
                 from <command-line>:
/opt/spechunter/chipyard-issue-715/.conda-env/share/verilator/include/verilatedos.h:291: warning: "__STDC_FORMAT_MACROS" redefined
  291 | #define __STDC_FORMAT_MACROS
      | 
<command-line>: note: this is the location of the previous definition
/opt/spechunter/chipyard-issue-715/.conda-env/bin/x86_64-conda-linux-gnu-c++  -I.  -MMD -I/opt/spechunter/chipyard-issue-715/.conda-env/share/verilator/include -I/opt/spechunter/chipyard-issue-715/.conda-env/share/verilator/include/vltstd -DVM_COVERAGE=0 -DVM_SC=0 -DVM_TRACE=1 -DVM_TRACE_FST=0 -DVM_TRACE_VCD=1 -faligned-new -fcf-protection=none -Wno-bool-operation -Wno-sign-compare -Wno-uninitialized -Wno-unused-but-set-variable -Wno-unused-parameter -Wno-unused-variable -Wno-shadow     -O3 -std=c++11 -I/opt/spechunter/chipyard-issue-715/.conda-env/riscv-tools/include -I/opt/spechunter/chipyard-issue-715-repaired/tools/DRAMSim2 -I/opt/spechunter/chipyard-issue-715-repaired/sims/verilator/generated-src/chipyard.TestHarness.SmallBoomConfig    -D__STDC_FORMAT_MACROS -DTEST_HARNESS=VTestHarness -DVERILATOR -include /opt/spechunter/chipyard-issue-715-repaired/sims/verilator/generated-src/chipyard.TestHarness.SmallBoomConfig/chipyard.TestHarness.SmallBoomConfig.plusArgs -include /opt/spechunter/chipyard-issue-715-repaired/sims/verilator/generated-src/chipyard.TestHarness.SmallBoomConfig/verilator.h -include /opt/spechunter/chipyard-issue-715-repaired/sims/verilator/generated-src/chipyard.TestHarness.SmallBoomConfig/chipyard.TestHarness.SmallBoomConfig.debug/VTestHarness.h  -DVL_THREADED -std=c++17  -c -o VTestHarness___024root__DepSet_hcfd557fa__18__Slow.o VTestHarness___024root__DepSet_hcfd557fa__18__Slow.cpp
In file included from /opt/spechunter/chipyard-issue-715/.conda-env/share/verilator/include/verilated.h:35,
                 from /opt/spechunter/chipyard-issue-715/.conda-env/share/verilator/include/verilated_vcd_c.h:24,
                 from /opt/spechunter/chipyard-issue-715-repaired/sims/verilator/generated-src/chipyard.TestHarness.SmallBoomConfig/verilator.h:4,
                 from <command-line>:
/opt/spechunter/chipyard-issue-715/.conda-env/share/verilator/include/verilatedos.h:291: warning: "__STDC_FORMAT_MACROS" redefined
  291 | #define __STDC_FORMAT_MACROS
      | 
<command-line>: note: this is the location of the previous definition
/opt/spechunter/chipyard-issue-715/.conda-env/bin/x86_64-conda-linux-gnu-c++  -I.  -MMD -I/opt/spechunter/chipyard-issue-715/.conda-env/share/verilator/include -I/opt/spechunter/chipyard-issue-715/.conda-env/share/verilator/include/vltstd -DVM_COVERAGE=0 -DVM_SC=0 -DVM_TRACE=1 -DVM_TRACE_FST=0 -DVM_TRACE_VCD=1 -faligned-new -fcf-protection=none -Wno-bool-operation -Wno-sign-compare -Wno-uninitialized -Wno-unused-but-set-variable -Wno-unused-parameter -Wno-unused-variable -Wno-shadow     -O3 -std=c++11 -I/opt/spechunter/chipyard-issue-715/.conda-env/riscv-tools/include -I/opt/spechunter/chipyard-issue-715-repaired/tools/DRAMSim2 -I/opt/spechunter/chipyard-issue-715-repaired/sims/verilator/generated-src/chipyard.TestHarness.SmallBoomConfig    -D__STDC_FORMAT_MACROS -DTEST_HARNESS=VTestHarness -DVERILATOR -include /opt/spechunter/chipyard-issue-715-repaired/sims/verilator/generated-src/chipyard.TestHarness.SmallBoomConfig/chipyard.TestHarness.SmallBoomConfig.plusArgs -include /opt/spechunter/chipyard-issue-715-repaired/sims/verilator/generated-src/chipyard.TestHarness.SmallBoomConfig/verilator.h -include /opt/spechunter/chipyard-issue-715-repaired/sims/verilator/generated-src/chipyard.TestHarness.SmallBoomConfig/chipyard.TestHarness.SmallBoomConfig.debug/VTestHarness.h  -DVL_THREADED -std=c++17  -c -o VTestHarness___024root__DepSet_hcfd557fa__19__Slow.o VTestHarness___024root__DepSet_hcfd557fa__19__Slow.cpp
In file included from /opt/spechunter/chipyard-issue-715/.conda-env/share/verilator/include/verilated.h:35,
                 from /opt/spechunter/chipyard-issue-715/.conda-env/share/verilator/include/verilated_vcd_c.h:24,
                 from /opt/spechunter/chipyard-issue-715-repaired/sims/verilator/generated-src/chipyard.TestHarness.SmallBoomConfig/verilator.h:4,
                 from <command-line>:
/opt/spechunter/chipyard-issue-715/.conda-env/share/verilator/include/verilatedos.h:291: warning: "__STDC_FORMAT_MACROS" redefined
  291 | #define __STDC_FORMAT_MACROS
      | 
<command-line>: note: this is the location of the previous definition
/opt/spechunter/chipyard-issue-715/.conda-env/bin/x86_64-conda-linux-gnu-c++  -I.  -MMD -I/opt/spechunter/chipyard-issue-715/.conda-env/share/verilator/include -I/opt/spechunter/chipyard-issue-715/.conda-env/share/verilator/include/vltstd -DVM_COVERAGE=0 -DVM_SC=0 -DVM_TRACE=1 -DVM_TRACE_FST=0 -DVM_TRACE_VCD=1 -faligned-new -fcf-protection=none -Wno-bool-operation -Wno-sign-compare -Wno-uninitialized -Wno-unused-but-set-variable -Wno-unused-parameter -Wno-unused-variable -Wno-shadow     -O3 -std=c++11 -I/opt/spechunter/chipyard-issue-715/.conda-env/riscv-tools/include -I/opt/spechunter/chipyard-issue-715-repaired/tools/DRAMSim2 -I/opt/spechunter/chipyard-issue-715-repaired/sims/verilator/generated-src/chipyard.TestHarness.SmallBoomConfig    -D__STDC_FORMAT_MACROS -DTEST_HARNESS=VTestHarness -DVERILATOR -include /opt/spechunter/chipyard-issue-715-repaired/sims/verilator/generated-src/chipyard.TestHarness.SmallBoomConfig/chipyard.TestHarness.SmallBoomConfig.plusArgs -include /opt/spechunter/chipyard-issue-715-repaired/sims/verilator/generated-src/chipyard.TestHarness.SmallBoomConfig/verilator.h -include /opt/spechunter/chipyard-issue-715-repaired/sims/verilator/generated-src/chipyard.TestHarness.SmallBoomConfig/chipyard.TestHarness.SmallBoomConfig.debug/VTestHarness.h  -DVL_THREADED -std=c++17  -c -o VTestHarness___024root__DepSet_hcfd557fa__20__Slow.o VTestHarness___024root__DepSet_hcfd557fa__20__Slow.cpp
In file included from /opt/spechunter/chipyard-issue-715/.conda-env/share/verilator/include/verilated.h:35,
                 from /opt/spechunter/chipyard-issue-715/.conda-env/share/verilator/include/verilated_vcd_c.h:24,
                 from /opt/spechunter/chipyard-issue-715-repaired/sims/verilator/generated-src/chipyard.TestHarness.SmallBoomConfig/verilator.h:4,
                 from <command-line>:
/opt/spechunter/chipyard-issue-715/.conda-env/share/verilator/include/verilatedos.h:291: warning: "__STDC_FORMAT_MACROS" redefined
  291 | #define __STDC_FORMAT_MACROS
      | 
<command-line>: note: this is the location of the previous definition
/opt/spechunter/chipyard-issue-715/.conda-env/bin/x86_64-conda-linux-gnu-c++  -I.  -MMD -I/opt/spechunter/chipyard-issue-715/.conda-env/share/verilator/include -I/opt/spechunter/chipyard-issue-715/.conda-env/share/verilator/include/vltstd -DVM_COVERAGE=0 -DVM_SC=0 -DVM_TRACE=1 -DVM_TRACE_FST=0 -DVM_TRACE_VCD=1 -faligned-new -fcf-protection=none -Wno-bool-operation -Wno-sign-compare -Wno-uninitialized -Wno-unused-but-set-variable -Wno-unused-parameter -Wno-unused-variable -Wno-shadow     -O3 -std=c++11 -I/opt/spechunter/chipyard-issue-715/.conda-env/riscv-tools/include -I/opt/spechunter/chipyard-issue-715-repaired/tools/DRAMSim2 -I/opt/spechunter/chipyard-issue-715-repaired/sims/verilator/generated-src/chipyard.TestHarness.SmallBoomConfig    -D__STDC_FORMAT_MACROS -DTEST_HARNESS=VTestHarness -DVERILATOR -include /opt/spechunter/chipyard-issue-715-repaired/sims/verilator/generated-src/chipyard.TestHarness.SmallBoomConfig/chipyard.TestHarness.SmallBoomConfig.plusArgs -include /opt/spechunter/chipyard-issue-715-repaired/sims/verilator/generated-src/chipyard.TestHarness.SmallBoomConfig/verilator.h -include /opt/spechunter/chipyard-issue-715-repaired/sims/verilator/generated-src/chipyard.TestHarness.SmallBoomConfig/chipyard.TestHarness.SmallBoomConfig.debug/VTestHarness.h  -DVL_THREADED -std=c++17  -c -o VTestHarness___024root__DepSet_hcfd557fa__21__Slow.o VTestHarness___024root__DepSet_hcfd557fa__21__Slow.cpp
In file included from /opt/spechunter/chipyard-issue-715/.conda-env/share/verilator/include/verilated.h:35,
                 from /opt/spechunter/chipyard-issue-715/.conda-env/share/verilator/include/verilated_vcd_c.h:24,
                 from /opt/spechunter/chipyard-issue-715-repaired/sims/verilator/generated-src/chipyard.TestHarness.SmallBoomConfig/verilator.h:4,
                 from <command-line>:
/opt/spechunter/chipyard-issue-715/.conda-env/share/verilator/include/verilatedos.h:291: warning: "__STDC_FORMAT_MACROS" redefined
  291 | #define __STDC_FORMAT_MACROS
      | 
<command-line>: note: this is the location of the previous definition
/opt/spechunter/chipyard-issue-715/.conda-env/bin/x86_64-conda-linux-gnu-c++  -I.  -MMD -I/opt/spechunter/chipyard-issue-715/.conda-env/share/verilator/include -I/opt/spechunter/chipyard-issue-715/.conda-env/share/verilator/include/vltstd -DVM_COVERAGE=0 -DVM_SC=0 -DVM_TRACE=1 -DVM_TRACE_FST=0 -DVM_TRACE_VCD=1 -faligned-new -fcf-protection=none -Wno-bool-operation -Wno-sign-compare -Wno-uninitialized -Wno-unused-but-set-variable -Wno-unused-parameter -Wno-unused-variable -Wno-shadow     -O3 -std=c++11 -I/opt/spechunter/chipyard-issue-715/.conda-env/riscv-tools/include -I/opt/spechunter/chipyard-issue-715-repaired/tools/DRAMSim2 -I/opt/spechunter/chipyard-issue-715-repaired/sims/verilator/generated-src/chipyard.TestHarness.SmallBoomConfig    -D__STDC_FORMAT_MACROS -DTEST_HARNESS=VTestHarness -DVERILATOR -include /opt/spechunter/chipyard-issue-715-repaired/sims/verilator/generated-src/chipyard.TestHarness.SmallBoomConfig/chipyard.TestHarness.SmallBoomConfig.plusArgs -include /opt/spechunter/chipyard-issue-715-repaired/sims/verilator/generated-src/chipyard.TestHarness.SmallBoomConfig/verilator.h -include /opt/spechunter/chipyard-issue-715-repaired/sims/verilator/generated-src/chipyard.TestHarness.SmallBoomConfig/chipyard.TestHarness.SmallBoomConfig.debug/VTestHarness.h  -DVL_THREADED -std=c++17  -c -o VTestHarness___024root__DepSet_hcfd557fa__22__Slow.o VTestHarness___024root__DepSet_hcfd557fa__22__Slow.cpp
In file included from /opt/spechunter/chipyard-issue-715/.conda-env/share/verilator/include/verilated.h:35,
                 from /opt/spechunter/chipyard-issue-715/.conda-env/share/verilator/include/verilated_vcd_c.h:24,
                 from /opt/spechunter/chipyard-issue-715-repaired/sims/verilator/generated-src/chipyard.TestHarness.SmallBoomConfig/verilator.h:4,
                 from <command-line>:
/opt/spechunter/chipyard-issue-715/.conda-env/share/verilator/include/verilatedos.h:291: warning: "__STDC_FORMAT_MACROS" redefined
  291 | #define __STDC_FORMAT_MACROS
      | 
<command-line>: note: this is the location of the previous definition
/opt/spechunter/chipyard-issue-715/.conda-env/bin/x86_64-conda-linux-gnu-c++  -I.  -MMD -I/opt/spechunter/chipyard-issue-715/.conda-env/share/verilator/include -I/opt/spechunter/chipyard-issue-715/.conda-env/share/verilator/include/vltstd -DVM_COVERAGE=0 -DVM_SC=0 -DVM_TRACE=1 -DVM_TRACE_FST=0 -DVM_TRACE_VCD=1 -faligned-new -fcf-protection=none -Wno-bool-operation -Wno-sign-compare -Wno-uninitialized -Wno-unused-but-set-variable -Wno-unused-parameter -Wno-unused-variable -Wno-shadow     -O3 -std=c++11 -I/opt/spechunter/chipyard-issue-715/.conda-env/riscv-tools/include -I/opt/spechunter/chipyard-issue-715-repaired/tools/DRAMSim2 -I/opt/spechunter/chipyard-issue-715-repaired/sims/verilator/generated-src/chipyard.TestHarness.SmallBoomConfig    -D__STDC_FORMAT_MACROS -DTEST_HARNESS=VTestHarness -DVERILATOR -include /opt/spechunter/chipyard-issue-715-repaired/sims/verilator/generated-src/chipyard.TestHarness.SmallBoomConfig/chipyard.TestHarness.SmallBoomConfig.plusArgs -include /opt/spechunter/chipyard-issue-715-repaired/sims/verilator/generated-src/chipyard.TestHarness.SmallBoomConfig/verilator.h -include /opt/spechunter/chipyard-issue-715-repaired/sims/verilator/generated-src/chipyard.TestHarness.SmallBoomConfig/chipyard.TestHarness.SmallBoomConfig.debug/VTestHarness.h  -DVL_THREADED -std=c++17  -c -o VTestHarness___024root__DepSet_hcfd557fa__23__Slow.o VTestHarness___024root__DepSet_hcfd557fa__23__Slow.cpp
In file included from /opt/spechunter/chipyard-issue-715/.conda-env/share/verilator/include/verilated.h:35,
                 from /opt/spechunter/chipyard-issue-715/.conda-env/share/verilator/include/verilated_vcd_c.h:24,
                 from /opt/spechunter/chipyard-issue-715-repaired/sims/verilator/generated-src/chipyard.TestHarness.SmallBoomConfig/verilator.h:4,
                 from <command-line>:
/opt/spechunter/chipyard-issue-715/.conda-env/share/verilator/include/verilatedos.h:291: warning: "__STDC_FORMAT_MACROS" redefined
  291 | #define __STDC_FORMAT_MACROS
      | 
<command-line>: note: this is the location of the previous definition
/opt/spechunter/chipyard-issue-715/.conda-env/bin/x86_64-conda-linux-gnu-c++  -I.  -MMD -I/opt/spechunter/chipyard-issue-715/.conda-env/share/verilator/include -I/opt/spechunter/chipyard-issue-715/.conda-env/share/verilator/include/vltstd -DVM_COVERAGE=0 -DVM_SC=0 -DVM_TRACE=1 -DVM_TRACE_FST=0 -DVM_TRACE_VCD=1 -faligned-new -fcf-protection=none -Wno-bool-operation -Wno-sign-compare -Wno-uninitialized -Wno-unused-but-set-variable -Wno-unused-parameter -Wno-unused-variable -Wno-shadow     -O3 -std=c++11 -I/opt/spechunter/chipyard-issue-715/.conda-env/riscv-tools/include -I/opt/spechunter/chipyard-issue-715-repaired/tools/DRAMSim2 -I/opt/spechunter/chipyard-issue-715-repaired/sims/verilator/generated-src/chipyard.TestHarness.SmallBoomConfig    -D__STDC_FORMAT_MACROS -DTEST_HARNESS=VTestHarness -DVERILATOR -include /opt/spechunter/chipyard-issue-715-repaired/sims/verilator/generated-src/chipyard.TestHarness.SmallBoomConfig/chipyard.TestHarness.SmallBoomConfig.plusArgs -include /opt/spechunter/chipyard-issue-715-repaired/sims/verilator/generated-src/chipyard.TestHarness.SmallBoomConfig/verilator.h -include /opt/spechunter/chipyard-issue-715-repaired/sims/verilator/generated-src/chipyard.TestHarness.SmallBoomConfig/chipyard.TestHarness.SmallBoomConfig.debug/VTestHarness.h  -DVL_THREADED -std=c++17  -c -o VTestHarness___024root__DepSet_hcfd557fa__24__Slow.o VTestHarness___024root__DepSet_hcfd557fa__24__Slow.cpp
/opt/spechunter/chipyard-issue-715/.conda-env/bin/x86_64-conda-linux-gnu-c++  -I.  -MMD -I/opt/spechunter/chipyard-issue-715/.conda-env/share/verilator/include -I/opt/spechunter/chipyard-issue-715/.conda-env/share/verilator/include/vltstd -DVM_COVERAGE=0 -DVM_SC=0 -DVM_TRACE=1 -DVM_TRACE_FST=0 -DVM_TRACE_VCD=1 -faligned-new -fcf-protection=none -Wno-bool-operation -Wno-sign-compare -Wno-uninitialized -Wno-unused-but-set-variable -Wno-unused-parameter -Wno-unused-variable -Wno-shadow     -O3 -std=c++11 -I/opt/spechunter/chipyard-issue-715/.conda-env/riscv-tools/include -I/opt/spechunter/chipyard-issue-715-repaired/tools/DRAMSim2 -I/opt/spechunter/chipyard-issue-715-repaired/sims/verilator/generated-src/chipyard.TestHarness.SmallBoomConfig    -D__STDC_FORMAT_MACROS -DTEST_HARNESS=VTestHarness -DVERILATOR -include /opt/spechunter/chipyard-issue-715-repaired/sims/verilator/generated-src/chipyard.TestHarness.SmallBoomConfig/chipyard.TestHarness.SmallBoomConfig.plusArgs -include /opt/spechunter/chipyard-issue-715-repaired/sims/verilator/generated-src/chipyard.TestHarness.SmallBoomConfig/verilator.h -include /opt/spechunter/chipyard-issue-715-repaired/sims/verilator/generated-src/chipyard.TestHarness.SmallBoomConfig/chipyard.TestHarness.SmallBoomConfig.debug/VTestHarness.h  -DVL_THREADED -std=c++17  -c -o VTestHarness___024root__DepSet_hcfd557fa__25__Slow.o VTestHarness___024root__DepSet_hcfd557fa__25__Slow.cpp
In file included from /opt/spechunter/chipyard-issue-715/.conda-env/share/verilator/include/verilated.h:35,
                 from /opt/spechunter/chipyard-issue-715/.conda-env/share/verilator/include/verilated_vcd_c.h:24,
                 from /opt/spechunter/chipyard-issue-715-repaired/sims/verilator/generated-src/chipyard.TestHarness.SmallBoomConfig/verilator.h:4,
                 from <command-line>:
/opt/spechunter/chipyard-issue-715/.conda-env/share/verilator/include/verilatedos.h:291: warning: "__STDC_FORMAT_MACROS" redefined
  291 | #define __STDC_FORMAT_MACROS
      | 
<command-line>: note: this is the location of the previous definition
In file included from /opt/spechunter/chipyard-issue-715/.conda-env/share/verilator/include/verilated.h:35,
                 from /opt/spechunter/chipyard-issue-715/.conda-env/share/verilator/include/verilated_vcd_c.h:24,
                 from /opt/spechunter/chipyard-issue-715-repaired/sims/verilator/generated-src/chipyard.TestHarness.SmallBoomConfig/verilator.h:4,
                 from <command-line>:
/opt/spechunter/chipyard-issue-715/.conda-env/share/verilator/include/verilatedos.h:291: warning: "__STDC_FORMAT_MACROS" redefined
  291 | #define __STDC_FORMAT_MACROS
      | 
<command-line>: note: this is the location of the previous definition
/opt/spechunter/chipyard-issue-715/.conda-env/bin/x86_64-conda-linux-gnu-c++  -I.  -MMD -I/opt/spechunter/chipyard-issue-715/.conda-env/share/verilator/include -I/opt/spechunter/chipyard-issue-715/.conda-env/share/verilator/include/vltstd -DVM_COVERAGE=0 -DVM_SC=0 -DVM_TRACE=1 -DVM_TRACE_FST=0 -DVM_TRACE_VCD=1 -faligned-new -fcf-protection=none -Wno-bool-operation -Wno-sign-compare -Wno-uninitialized -Wno-unused-but-set-variable -Wno-unused-parameter -Wno-unused-variable -Wno-shadow     -O3 -std=c++11 -I/opt/spechunter/chipyard-issue-715/.conda-env/riscv-tools/include -I/opt/spechunter/chipyard-issue-715-repaired/tools/DRAMSim2 -I/opt/spechunter/chipyard-issue-715-repaired/sims/verilator/generated-src/chipyard.TestHarness.SmallBoomConfig    -D__STDC_FORMAT_MACROS -DTEST_HARNESS=VTestHarness -DVERILATOR -include /opt/spechunter/chipyard-issue-715-repaired/sims/verilator/generated-src/chipyard.TestHarness.SmallBoomConfig/chipyard.TestHarness.SmallBoomConfig.plusArgs -include /opt/spechunter/chipyard-issue-715-repaired/sims/verilator/generated-src/chipyard.TestHarness.SmallBoomConfig/verilator.h -include /opt/spechunter/chipyard-issue-715-repaired/sims/verilator/generated-src/chipyard.TestHarness.SmallBoomConfig/chipyard.TestHarness.SmallBoomConfig.debug/VTestHarness.h  -DVL_THREADED -std=c++17  -c -o VTestHarness___024root__DepSet_hcfd557fa__26__Slow.o VTestHarness___024root__DepSet_hcfd557fa__26__Slow.cpp
In file included from /opt/spechunter/chipyard-issue-715/.conda-env/share/verilator/include/verilated.h:35,
                 from /opt/spechunter/chipyard-issue-715/.conda-env/share/verilator/include/verilated_vcd_c.h:24,
                 from /opt/spechunter/chipyard-issue-715-repaired/sims/verilator/generated-src/chipyard.TestHarness.SmallBoomConfig/verilator.h:4,
                 from <command-line>:
/opt/spechunter/chipyard-issue-715/.conda-env/share/verilator/include/verilatedos.h:291: warning: "__STDC_FORMAT_MACROS" redefined
  291 | #define __STDC_FORMAT_MACROS
      | 
<command-line>: note: this is the location of the previous definition
/opt/spechunter/chipyard-issue-715/.conda-env/bin/x86_64-conda-linux-gnu-c++  -I.  -MMD -I/opt/spechunter/chipyard-issue-715/.conda-env/share/verilator/include -I/opt/spechunter/chipyard-issue-715/.conda-env/share/verilator/include/vltstd -DVM_COVERAGE=0 -DVM_SC=0 -DVM_TRACE=1 -DVM_TRACE_FST=0 -DVM_TRACE_VCD=1 -faligned-new -fcf-protection=none -Wno-bool-operation -Wno-sign-compare -Wno-uninitialized -Wno-unused-but-set-variable -Wno-unused-parameter -Wno-unused-variable -Wno-shadow     -O3 -std=c++11 -I/opt/spechunter/chipyard-issue-715/.conda-env/riscv-tools/include -I/opt/spechunter/chipyard-issue-715-repaired/tools/DRAMSim2 -I/opt/spechunter/chipyard-issue-715-repaired/sims/verilator/generated-src/chipyard.TestHarness.SmallBoomConfig    -D__STDC_FORMAT_MACROS -DTEST_HARNESS=VTestHarness -DVERILATOR -include /opt/spechunter/chipyard-issue-715-repaired/sims/verilator/generated-src/chipyard.TestHarness.SmallBoomConfig/chipyard.TestHarness.SmallBoomConfig.plusArgs -include /opt/spechunter/chipyard-issue-715-repaired/sims/verilator/generated-src/chipyard.TestHarness.SmallBoomConfig/verilator.h -include /opt/spechunter/chipyard-issue-715-repaired/sims/verilator/generated-src/chipyard.TestHarness.SmallBoomConfig/chipyard.TestHarness.SmallBoomConfig.debug/VTestHarness.h  -DVL_THREADED -std=c++17  -c -o VTestHarness___024root__DepSet_hcfd557fa__27__Slow.o VTestHarness___024root__DepSet_hcfd557fa__27__Slow.cpp
In file included from /opt/spechunter/chipyard-issue-715/.conda-env/share/verilator/include/verilated.h:35,
                 from /opt/spechunter/chipyard-issue-715/.conda-env/share/verilator/include/verilated_vcd_c.h:24,
                 from /opt/spechunter/chipyard-issue-715-repaired/sims/verilator/generated-src/chipyard.TestHarness.SmallBoomConfig/verilator.h:4,
                 from <command-line>:
/opt/spechunter/chipyard-issue-715/.conda-env/share/verilator/include/verilatedos.h:291: warning: "__STDC_FORMAT_MACROS" redefined
  291 | #define __STDC_FORMAT_MACROS
      | 
<command-line>: note: this is the location of the previous definition
/opt/spechunter/chipyard-issue-715/.conda-env/bin/x86_64-conda-linux-gnu-c++  -I.  -MMD -I/opt/spechunter/chipyard-issue-715/.conda-env/share/verilator/include -I/opt/spechunter/chipyard-issue-715/.conda-env/share/verilator/include/vltstd -DVM_COVERAGE=0 -DVM_SC=0 -DVM_TRACE=1 -DVM_TRACE_FST=0 -DVM_TRACE_VCD=1 -faligned-new -fcf-protection=none -Wno-bool-operation -Wno-sign-compare -Wno-uninitialized -Wno-unused-but-set-variable -Wno-unused-parameter -Wno-unused-variable -Wno-shadow     -O3 -std=c++11 -I/opt/spechunter/chipyard-issue-715/.conda-env/riscv-tools/include -I/opt/spechunter/chipyard-issue-715-repaired/tools/DRAMSim2 -I/opt/spechunter/chipyard-issue-715-repaired/sims/verilator/generated-src/chipyard.TestHarness.SmallBoomConfig    -D__STDC_FORMAT_MACROS -DTEST_HARNESS=VTestHarness -DVERILATOR -include /opt/spechunter/chipyard-issue-715-repaired/sims/verilator/generated-src/chipyard.TestHarness.SmallBoomConfig/chipyard.TestHarness.SmallBoomConfig.plusArgs -include /opt/spechunter/chipyard-issue-715-repaired/sims/verilator/generated-src/chipyard.TestHarness.SmallBoomConfig/verilator.h -include /opt/spechunter/chipyard-issue-715-repaired/sims/verilator/generated-src/chipyard.TestHarness.SmallBoomConfig/chipyard.TestHarness.SmallBoomConfig.debug/VTestHarness.h  -DVL_THREADED -std=c++17  -c -o VTestHarness___024root__DepSet_hcfd557fa__28__Slow.o VTestHarness___024root__DepSet_hcfd557fa__28__Slow.cpp
In file included from /opt/spechunter/chipyard-issue-715/.conda-env/share/verilator/include/verilated.h:35,
                 from /opt/spechunter/chipyard-issue-715/.conda-env/share/verilator/include/verilated_vcd_c.h:24,
                 from /opt/spechunter/chipyard-issue-715-repaired/sims/verilator/generated-src/chipyard.TestHarness.SmallBoomConfig/verilator.h:4,
                 from <command-line>:
/opt/spechunter/chipyard-issue-715/.conda-env/share/verilator/include/verilatedos.h:291: warning: "__STDC_FORMAT_MACROS" redefined
  291 | #define __STDC_FORMAT_MACROS
      | 
<command-line>: note: this is the location of the previous definition
/opt/spechunter/chipyard-issue-715/.conda-env/bin/x86_64-conda-linux-gnu-c++  -I.  -MMD -I/opt/spechunter/chipyard-issue-715/.conda-env/share/verilator/include -I/opt/spechunter/chipyard-issue-715/.conda-env/share/verilator/include/vltstd -DVM_COVERAGE=0 -DVM_SC=0 -DVM_TRACE=1 -DVM_TRACE_FST=0 -DVM_TRACE_VCD=1 -faligned-new -fcf-protection=none -Wno-bool-operation -Wno-sign-compare -Wno-uninitialized -Wno-unused-but-set-variable -Wno-unused-parameter -Wno-unused-variable -Wno-shadow     -O3 -std=c++11 -I/opt/spechunter/chipyard-issue-715/.conda-env/riscv-tools/include -I/opt/spechunter/chipyard-issue-715-repaired/tools/DRAMSim2 -I/opt/spechunter/chipyard-issue-715-repaired/sims/verilator/generated-src/chipyard.TestHarness.SmallBoomConfig    -D__STDC_FORMAT_MACROS -DTEST_HARNESS=VTestHarness -DVERILATOR -include /opt/spechunter/chipyard-issue-715-repaired/sims/verilator/generated-src/chipyard.TestHarness.SmallBoomConfig/chipyard.TestHarness.SmallBoomConfig.plusArgs -include /opt/spechunter/chipyard-issue-715-repaired/sims/verilator/generated-src/chipyard.TestHarness.SmallBoomConfig/verilator.h -include /opt/spechunter/chipyard-issue-715-repaired/sims/verilator/generated-src/chipyard.TestHarness.SmallBoomConfig/chipyard.TestHarness.SmallBoomConfig.debug/VTestHarness.h  -DVL_THREADED -std=c++17  -c -o VTestHarness___024root__DepSet_hcfd557fa__29__Slow.o VTestHarness___024root__DepSet_hcfd557fa__29__Slow.cpp
In file included from /opt/spechunter/chipyard-issue-715/.conda-env/share/verilator/include/verilated.h:35,
                 from /opt/spechunter/chipyard-issue-715/.conda-env/share/verilator/include/verilated_vcd_c.h:24,
                 from /opt/spechunter/chipyard-issue-715-repaired/sims/verilator/generated-src/chipyard.TestHarness.SmallBoomConfig/verilator.h:4,
                 from <command-line>:
/opt/spechunter/chipyard-issue-715/.conda-env/share/verilator/include/verilatedos.h:291: warning: "__STDC_FORMAT_MACROS" redefined
  291 | #define __STDC_FORMAT_MACROS
      | 
<command-line>: note: this is the location of the previous definition
/opt/spechunter/chipyard-issue-715/.conda-env/bin/x86_64-conda-linux-gnu-c++  -I.  -MMD -I/opt/spechunter/chipyard-issue-715/.conda-env/share/verilator/include -I/opt/spechunter/chipyard-issue-715/.conda-env/share/verilator/include/vltstd -DVM_COVERAGE=0 -DVM_SC=0 -DVM_TRACE=1 -DVM_TRACE_FST=0 -DVM_TRACE_VCD=1 -faligned-new -fcf-protection=none -Wno-bool-operation -Wno-sign-compare -Wno-uninitialized -Wno-unused-but-set-variable -Wno-unused-parameter -Wno-unused-variable -Wno-shadow     -O3 -std=c++11 -I/opt/spechunter/chipyard-issue-715/.conda-env/riscv-tools/include -I/opt/spechunter/chipyard-issue-715-repaired/tools/DRAMSim2 -I/opt/spechunter/chipyard-issue-715-repaired/sims/verilator/generated-src/chipyard.TestHarness.SmallBoomConfig    -D__STDC_FORMAT_MACROS -DTEST_HARNESS=VTestHarness -DVERILATOR -include /opt/spechunter/chipyard-issue-715-repaired/sims/verilator/generated-src/chipyard.TestHarness.SmallBoomConfig/chipyard.TestHarness.SmallBoomConfig.plusArgs -include /opt/spechunter/chipyard-issue-715-repaired/sims/verilator/generated-src/chipyard.TestHarness.SmallBoomConfig/verilator.h -include /opt/spechunter/chipyard-issue-715-repaired/sims/verilator/generated-src/chipyard.TestHarness.SmallBoomConfig/chipyard.TestHarness.SmallBoomConfig.debug/VTestHarness.h  -DVL_THREADED -std=c++17  -c -o VTestHarness___024root__DepSet_hcfd557fa__30__Slow.o VTestHarness___024root__DepSet_hcfd557fa__30__Slow.cpp
In file included from /opt/spechunter/chipyard-issue-715/.conda-env/share/verilator/include/verilated.h:35,
                 from /opt/spechunter/chipyard-issue-715/.conda-env/share/verilator/include/verilated_vcd_c.h:24,
                 from /opt/spechunter/chipyard-issue-715-repaired/sims/verilator/generated-src/chipyard.TestHarness.SmallBoomConfig/verilator.h:4,
                 from <command-line>:
/opt/spechunter/chipyard-issue-715/.conda-env/share/verilator/include/verilatedos.h:291: warning: "__STDC_FORMAT_MACROS" redefined
  291 | #define __STDC_FORMAT_MACROS
      | 
<command-line>: note: this is the location of the previous definition
/opt/spechunter/chipyard-issue-715/.conda-env/bin/x86_64-conda-linux-gnu-c++  -I.  -MMD -I/opt/spechunter/chipyard-issue-715/.conda-env/share/verilator/include -I/opt/spechunter/chipyard-issue-715/.conda-env/share/verilator/include/vltstd -DVM_COVERAGE=0 -DVM_SC=0 -DVM_TRACE=1 -DVM_TRACE_FST=0 -DVM_TRACE_VCD=1 -faligned-new -fcf-protection=none -Wno-bool-operation -Wno-sign-compare -Wno-uninitialized -Wno-unused-but-set-variable -Wno-unused-parameter -Wno-unused-variable -Wno-shadow     -O3 -std=c++11 -I/opt/spechunter/chipyard-issue-715/.conda-env/riscv-tools/include -I/opt/spechunter/chipyard-issue-715-repaired/tools/DRAMSim2 -I/opt/spechunter/chipyard-issue-715-repaired/sims/verilator/generated-src/chipyard.TestHarness.SmallBoomConfig    -D__STDC_FORMAT_MACROS -DTEST_HARNESS=VTestHarness -DVERILATOR -include /opt/spechunter/chipyard-issue-715-repaired/sims/verilator/generated-src/chipyard.TestHarness.SmallBoomConfig/chipyard.TestHarness.SmallBoomConfig.plusArgs -include /opt/spechunter/chipyard-issue-715-repaired/sims/verilator/generated-src/chipyard.TestHarness.SmallBoomConfig/verilator.h -include /opt/spechunter/chipyard-issue-715-repaired/sims/verilator/generated-src/chipyard.TestHarness.SmallBoomConfig/chipyard.TestHarness.SmallBoomConfig.debug/VTestHarness.h  -DVL_THREADED -std=c++17  -c -o VTestHarness___024root__DepSet_hcfd557fa__31__Slow.o VTestHarness___024root__DepSet_hcfd557fa__31__Slow.cpp
In file included from /opt/spechunter/chipyard-issue-715/.conda-env/share/verilator/include/verilated.h:35,
                 from /opt/spechunter/chipyard-issue-715/.conda-env/share/verilator/include/verilated_vcd_c.h:24,
                 from /opt/spechunter/chipyard-issue-715-repaired/sims/verilator/generated-src/chipyard.TestHarness.SmallBoomConfig/verilator.h:4,
                 from <command-line>:
/opt/spechunter/chipyard-issue-715/.conda-env/share/verilator/include/verilatedos.h:291: warning: "__STDC_FORMAT_MACROS" redefined
  291 | #define __STDC_FORMAT_MACROS
      | 
<command-line>: note: this is the location of the previous definition
/opt/spechunter/chipyard-issue-715/.conda-env/bin/x86_64-conda-linux-gnu-c++  -I.  -MMD -I/opt/spechunter/chipyard-issue-715/.conda-env/share/verilator/include -I/opt/spechunter/chipyard-issue-715/.conda-env/share/verilator/include/vltstd -DVM_COVERAGE=0 -DVM_SC=0 -DVM_TRACE=1 -DVM_TRACE_FST=0 -DVM_TRACE_VCD=1 -faligned-new -fcf-protection=none -Wno-bool-operation -Wno-sign-compare -Wno-uninitialized -Wno-unused-but-set-variable -Wno-unused-parameter -Wno-unused-variable -Wno-shadow     -O3 -std=c++11 -I/opt/spechunter/chipyard-issue-715/.conda-env/riscv-tools/include -I/opt/spechunter/chipyard-issue-715-repaired/tools/DRAMSim2 -I/opt/spechunter/chipyard-issue-715-repaired/sims/verilator/generated-src/chipyard.TestHarness.SmallBoomConfig    -D__STDC_FORMAT_MACROS -DTEST_HARNESS=VTestHarness -DVERILATOR -include /opt/spechunter/chipyard-issue-715-repaired/sims/verilator/generated-src/chipyard.TestHarness.SmallBoomConfig/chipyard.TestHarness.SmallBoomConfig.plusArgs -include /opt/spechunter/chipyard-issue-715-repaired/sims/verilator/generated-src/chipyard.TestHarness.SmallBoomConfig/verilator.h -include /opt/spechunter/chipyard-issue-715-repaired/sims/verilator/generated-src/chipyard.TestHarness.SmallBoomConfig/chipyard.TestHarness.SmallBoomConfig.debug/VTestHarness.h  -DVL_THREADED -std=c++17  -c -o VTestHarness___024root__DepSet_hcfd557fa__32__Slow.o VTestHarness___024root__DepSet_hcfd557fa__32__Slow.cpp
In file included from /opt/spechunter/chipyard-issue-715/.conda-env/share/verilator/include/verilated.h:35,
                 from /opt/spechunter/chipyard-issue-715/.conda-env/share/verilator/include/verilated_vcd_c.h:24,
                 from /opt/spechunter/chipyard-issue-715-repaired/sims/verilator/generated-src/chipyard.TestHarness.SmallBoomConfig/verilator.h:4,
                 from <command-line>:
/opt/spechunter/chipyard-issue-715/.conda-env/share/verilator/include/verilatedos.h:291: warning: "__STDC_FORMAT_MACROS" redefined
  291 | #define __STDC_FORMAT_MACROS
      | 
<command-line>: note: this is the location of the previous definition
/opt/spechunter/chipyard-issue-715/.conda-env/bin/x86_64-conda-linux-gnu-c++  -I.  -MMD -I/opt/spechunter/chipyard-issue-715/.conda-env/share/verilator/include -I/opt/spechunter/chipyard-issue-715/.conda-env/share/verilator/include/vltstd -DVM_COVERAGE=0 -DVM_SC=0 -DVM_TRACE=1 -DVM_TRACE_FST=0 -DVM_TRACE_VCD=1 -faligned-new -fcf-protection=none -Wno-bool-operation -Wno-sign-compare -Wno-uninitialized -Wno-unused-but-set-variable -Wno-unused-parameter -Wno-unused-variable -Wno-shadow     -O3 -std=c++11 -I/opt/spechunter/chipyard-issue-715/.conda-env/riscv-tools/include -I/opt/spechunter/chipyard-issue-715-repaired/tools/DRAMSim2 -I/opt/spechunter/chipyard-issue-715-repaired/sims/verilator/generated-src/chipyard.TestHarness.SmallBoomConfig    -D__STDC_FORMAT_MACROS -DTEST_HARNESS=VTestHarness -DVERILATOR -include /opt/spechunter/chipyard-issue-715-repaired/sims/verilator/generated-src/chipyard.TestHarness.SmallBoomConfig/chipyard.TestHarness.SmallBoomConfig.plusArgs -include /opt/spechunter/chipyard-issue-715-repaired/sims/verilator/generated-src/chipyard.TestHarness.SmallBoomConfig/verilator.h -include /opt/spechunter/chipyard-issue-715-repaired/sims/verilator/generated-src/chipyard.TestHarness.SmallBoomConfig/chipyard.TestHarness.SmallBoomConfig.debug/VTestHarness.h  -DVL_THREADED -std=c++17  -c -o VTestHarness___024root__DepSet_hcfd557fa__33__Slow.o VTestHarness___024root__DepSet_hcfd557fa__33__Slow.cpp
In file included from /opt/spechunter/chipyard-issue-715/.conda-env/share/verilator/include/verilated.h:35,
                 from /opt/spechunter/chipyard-issue-715/.conda-env/share/verilator/include/verilated_vcd_c.h:24,
                 from /opt/spechunter/chipyard-issue-715-repaired/sims/verilator/generated-src/chipyard.TestHarness.SmallBoomConfig/verilator.h:4,
                 from <command-line>:
/opt/spechunter/chipyard-issue-715/.conda-env/share/verilator/include/verilatedos.h:291: warning: "__STDC_FORMAT_MACROS" redefined
  291 | #define __STDC_FORMAT_MACROS
      | 
<command-line>: note: this is the location of the previous definition
/opt/spechunter/chipyard-issue-715/.conda-env/bin/x86_64-conda-linux-gnu-c++  -I.  -MMD -I/opt/spechunter/chipyard-issue-715/.conda-env/share/verilator/include -I/opt/spechunter/chipyard-issue-715/.conda-env/share/verilator/include/vltstd -DVM_COVERAGE=0 -DVM_SC=0 -DVM_TRACE=1 -DVM_TRACE_FST=0 -DVM_TRACE_VCD=1 -faligned-new -fcf-protection=none -Wno-bool-operation -Wno-sign-compare -Wno-uninitialized -Wno-unused-but-set-variable -Wno-unused-parameter -Wno-unused-variable -Wno-shadow     -O3 -std=c++11 -I/opt/spechunter/chipyard-issue-715/.conda-env/riscv-tools/include -I/opt/spechunter/chipyard-issue-715-repaired/tools/DRAMSim2 -I/opt/spechunter/chipyard-issue-715-repaired/sims/verilator/generated-src/chipyard.TestHarness.SmallBoomConfig    -D__STDC_FORMAT_MACROS -DTEST_HARNESS=VTestHarness -DVERILATOR -include /opt/spechunter/chipyard-issue-715-repaired/sims/verilator/generated-src/chipyard.TestHarness.SmallBoomConfig/chipyard.TestHarness.SmallBoomConfig.plusArgs -include /opt/spechunter/chipyard-issue-715-repaired/sims/verilator/generated-src/chipyard.TestHarness.SmallBoomConfig/verilator.h -include /opt/spechunter/chipyard-issue-715-repaired/sims/verilator/generated-src/chipyard.TestHarness.SmallBoomConfig/chipyard.TestHarness.SmallBoomConfig.debug/VTestHarness.h  -DVL_THREADED -std=c++17  -c -o VTestHarness___024root__DepSet_hcfd557fa__34__Slow.o VTestHarness___024root__DepSet_hcfd557fa__34__Slow.cpp
In file included from /opt/spechunter/chipyard-issue-715/.conda-env/share/verilator/include/verilated.h:35,
                 from /opt/spechunter/chipyard-issue-715/.conda-env/share/verilator/include/verilated_vcd_c.h:24,
                 from /opt/spechunter/chipyard-issue-715-repaired/sims/verilator/generated-src/chipyard.TestHarness.SmallBoomConfig/verilator.h:4,
                 from <command-line>:
/opt/spechunter/chipyard-issue-715/.conda-env/share/verilator/include/verilatedos.h:291: warning: "__STDC_FORMAT_MACROS" redefined
  291 | #define __STDC_FORMAT_MACROS
      | 
<command-line>: note: this is the location of the previous definition
/opt/spechunter/chipyard-issue-715/.conda-env/bin/x86_64-conda-linux-gnu-c++  -I.  -MMD -I/opt/spechunter/chipyard-issue-715/.conda-env/share/verilator/include -I/opt/spechunter/chipyard-issue-715/.conda-env/share/verilator/include/vltstd -DVM_COVERAGE=0 -DVM_SC=0 -DVM_TRACE=1 -DVM_TRACE_FST=0 -DVM_TRACE_VCD=1 -faligned-new -fcf-protection=none -Wno-bool-operation -Wno-sign-compare -Wno-uninitialized -Wno-unused-but-set-variable -Wno-unused-parameter -Wno-unused-variable -Wno-shadow     -O3 -std=c++11 -I/opt/spechunter/chipyard-issue-715/.conda-env/riscv-tools/include -I/opt/spechunter/chipyard-issue-715-repaired/tools/DRAMSim2 -I/opt/spechunter/chipyard-issue-715-repaired/sims/verilator/generated-src/chipyard.TestHarness.SmallBoomConfig    -D__STDC_FORMAT_MACROS -DTEST_HARNESS=VTestHarness -DVERILATOR -include /opt/spechunter/chipyard-issue-715-repaired/sims/verilator/generated-src/chipyard.TestHarness.SmallBoomConfig/chipyard.TestHarness.SmallBoomConfig.plusArgs -include /opt/spechunter/chipyard-issue-715-repaired/sims/verilator/generated-src/chipyard.TestHarness.SmallBoomConfig/verilator.h -include /opt/spechunter/chipyard-issue-715-repaired/sims/verilator/generated-src/chipyard.TestHarness.SmallBoomConfig/chipyard.TestHarness.SmallBoomConfig.debug/VTestHarness.h  -DVL_THREADED -std=c++17  -c -o VTestHarness___024root__DepSet_hcfd557fa__35__Slow.o VTestHarness___024root__DepSet_hcfd557fa__35__Slow.cpp
In file included from /opt/spechunter/chipyard-issue-715/.conda-env/share/verilator/include/verilated.h:35,
                 from /opt/spechunter/chipyard-issue-715/.conda-env/share/verilator/include/verilated_vcd_c.h:24,
                 from /opt/spechunter/chipyard-issue-715-repaired/sims/verilator/generated-src/chipyard.TestHarness.SmallBoomConfig/verilator.h:4,
                 from <command-line>:
/opt/spechunter/chipyard-issue-715/.conda-env/share/verilator/include/verilatedos.h:291: warning: "__STDC_FORMAT_MACROS" redefined
  291 | #define __STDC_FORMAT_MACROS
      | 
<command-line>: note: this is the location of the previous definition
/opt/spechunter/chipyard-issue-715/.conda-env/bin/x86_64-conda-linux-gnu-c++  -I.  -MMD -I/opt/spechunter/chipyard-issue-715/.conda-env/share/verilator/include -I/opt/spechunter/chipyard-issue-715/.conda-env/share/verilator/include/vltstd -DVM_COVERAGE=0 -DVM_SC=0 -DVM_TRACE=1 -DVM_TRACE_FST=0 -DVM_TRACE_VCD=1 -faligned-new -fcf-protection=none -Wno-bool-operation -Wno-sign-compare -Wno-uninitialized -Wno-unused-but-set-variable -Wno-unused-parameter -Wno-unused-variable -Wno-shadow     -O3 -std=c++11 -I/opt/spechunter/chipyard-issue-715/.conda-env/riscv-tools/include -I/opt/spechunter/chipyard-issue-715-repaired/tools/DRAMSim2 -I/opt/spechunter/chipyard-issue-715-repaired/sims/verilator/generated-src/chipyard.TestHarness.SmallBoomConfig    -D__STDC_FORMAT_MACROS -DTEST_HARNESS=VTestHarness -DVERILATOR -include /opt/spechunter/chipyard-issue-715-repaired/sims/verilator/generated-src/chipyard.TestHarness.SmallBoomConfig/chipyard.TestHarness.SmallBoomConfig.plusArgs -include /opt/spechunter/chipyard-issue-715-repaired/sims/verilator/generated-src/chipyard.TestHarness.SmallBoomConfig/verilator.h -include /opt/spechunter/chipyard-issue-715-repaired/sims/verilator/generated-src/chipyard.TestHarness.SmallBoomConfig/chipyard.TestHarness.SmallBoomConfig.debug/VTestHarness.h  -DVL_THREADED -std=c++17  -c -o VTestHarness___024root__DepSet_hcfd557fa__36__Slow.o VTestHarness___024root__DepSet_hcfd557fa__36__Slow.cpp
In file included from /opt/spechunter/chipyard-issue-715/.conda-env/share/verilator/include/verilated.h:35,
                 from /opt/spechunter/chipyard-issue-715/.conda-env/share/verilator/include/verilated_vcd_c.h:24,
                 from /opt/spechunter/chipyard-issue-715-repaired/sims/verilator/generated-src/chipyard.TestHarness.SmallBoomConfig/verilator.h:4,
                 from <command-line>:
/opt/spechunter/chipyard-issue-715/.conda-env/share/verilator/include/verilatedos.h:291: warning: "__STDC_FORMAT_MACROS" redefined
  291 | #define __STDC_FORMAT_MACROS
      | 
<command-line>: note: this is the location of the previous definition
/opt/spechunter/chipyard-issue-715/.conda-env/bin/x86_64-conda-linux-gnu-c++  -I.  -MMD -I/opt/spechunter/chipyard-issue-715/.conda-env/share/verilator/include -I/opt/spechunter/chipyard-issue-715/.conda-env/share/verilator/include/vltstd -DVM_COVERAGE=0 -DVM_SC=0 -DVM_TRACE=1 -DVM_TRACE_FST=0 -DVM_TRACE_VCD=1 -faligned-new -fcf-protection=none -Wno-bool-operation -Wno-sign-compare -Wno-uninitialized -Wno-unused-but-set-variable -Wno-unused-parameter -Wno-unused-variable -Wno-shadow     -O3 -std=c++11 -I/opt/spechunter/chipyard-issue-715/.conda-env/riscv-tools/include -I/opt/spechunter/chipyard-issue-715-repaired/tools/DRAMSim2 -I/opt/spechunter/chipyard-issue-715-repaired/sims/verilator/generated-src/chipyard.TestHarness.SmallBoomConfig    -D__STDC_FORMAT_MACROS -DTEST_HARNESS=VTestHarness -DVERILATOR -include /opt/spechunter/chipyard-issue-715-repaired/sims/verilator/generated-src/chipyard.TestHarness.SmallBoomConfig/chipyard.TestHarness.SmallBoomConfig.plusArgs -include /opt/spechunter/chipyard-issue-715-repaired/sims/verilator/generated-src/chipyard.TestHarness.SmallBoomConfig/verilator.h -include /opt/spechunter/chipyard-issue-715-repaired/sims/verilator/generated-src/chipyard.TestHarness.SmallBoomConfig/chipyard.TestHarness.SmallBoomConfig.debug/VTestHarness.h  -DVL_THREADED -std=c++17  -c -o VTestHarness___024root__DepSet_hcfd557fa__37__Slow.o VTestHarness___024root__DepSet_hcfd557fa__37__Slow.cpp
In file included from /opt/spechunter/chipyard-issue-715/.conda-env/share/verilator/include/verilated.h:35,
                 from /opt/spechunter/chipyard-issue-715/.conda-env/share/verilator/include/verilated_vcd_c.h:24,
                 from /opt/spechunter/chipyard-issue-715-repaired/sims/verilator/generated-src/chipyard.TestHarness.SmallBoomConfig/verilator.h:4,
                 from <command-line>:
/opt/spechunter/chipyard-issue-715/.conda-env/share/verilator/include/verilatedos.h:291: warning: "__STDC_FORMAT_MACROS" redefined
  291 | #define __STDC_FORMAT_MACROS
      | 
<command-line>: note: this is the location of the previous definition
/opt/spechunter/chipyard-issue-715/.conda-env/bin/x86_64-conda-linux-gnu-c++  -I.  -MMD -I/opt/spechunter/chipyard-issue-715/.conda-env/share/verilator/include -I/opt/spechunter/chipyard-issue-715/.conda-env/share/verilator/include/vltstd -DVM_COVERAGE=0 -DVM_SC=0 -DVM_TRACE=1 -DVM_TRACE_FST=0 -DVM_TRACE_VCD=1 -faligned-new -fcf-protection=none -Wno-bool-operation -Wno-sign-compare -Wno-uninitialized -Wno-unused-but-set-variable -Wno-unused-parameter -Wno-unused-variable -Wno-shadow     -O3 -std=c++11 -I/opt/spechunter/chipyard-issue-715/.conda-env/riscv-tools/include -I/opt/spechunter/chipyard-issue-715-repaired/tools/DRAMSim2 -I/opt/spechunter/chipyard-issue-715-repaired/sims/verilator/generated-src/chipyard.TestHarness.SmallBoomConfig    -D__STDC_FORMAT_MACROS -DTEST_HARNESS=VTestHarness -DVERILATOR -include /opt/spechunter/chipyard-issue-715-repaired/sims/verilator/generated-src/chipyard.TestHarness.SmallBoomConfig/chipyard.TestHarness.SmallBoomConfig.plusArgs -include /opt/spechunter/chipyard-issue-715-repaired/sims/verilator/generated-src/chipyard.TestHarness.SmallBoomConfig/verilator.h -include /opt/spechunter/chipyard-issue-715-repaired/sims/verilator/generated-src/chipyard.TestHarness.SmallBoomConfig/chipyard.TestHarness.SmallBoomConfig.debug/VTestHarness.h  -DVL_THREADED -std=c++17  -c -o VTestHarness___024root__DepSet_hcfd557fa__38__Slow.o VTestHarness___024root__DepSet_hcfd557fa__38__Slow.cpp
In file included from /opt/spechunter/chipyard-issue-715/.conda-env/share/verilator/include/verilated.h:35,
                 from /opt/spechunter/chipyard-issue-715/.conda-env/share/verilator/include/verilated_vcd_c.h:24,
                 from /opt/spechunter/chipyard-issue-715-repaired/sims/verilator/generated-src/chipyard.TestHarness.SmallBoomConfig/verilator.h:4,
                 from <command-line>:
/opt/spechunter/chipyard-issue-715/.conda-env/share/verilator/include/verilatedos.h:291: warning: "__STDC_FORMAT_MACROS" redefined
  291 | #define __STDC_FORMAT_MACROS
      | 
<command-line>: note: this is the location of the previous definition
/opt/spechunter/chipyard-issue-715/.conda-env/bin/x86_64-conda-linux-gnu-c++  -I.  -MMD -I/opt/spechunter/chipyard-issue-715/.conda-env/share/verilator/include -I/opt/spechunter/chipyard-issue-715/.conda-env/share/verilator/include/vltstd -DVM_COVERAGE=0 -DVM_SC=0 -DVM_TRACE=1 -DVM_TRACE_FST=0 -DVM_TRACE_VCD=1 -faligned-new -fcf-protection=none -Wno-bool-operation -Wno-sign-compare -Wno-uninitialized -Wno-unused-but-set-variable -Wno-unused-parameter -Wno-unused-variable -Wno-shadow     -O3 -std=c++11 -I/opt/spechunter/chipyard-issue-715/.conda-env/riscv-tools/include -I/opt/spechunter/chipyard-issue-715-repaired/tools/DRAMSim2 -I/opt/spechunter/chipyard-issue-715-repaired/sims/verilator/generated-src/chipyard.TestHarness.SmallBoomConfig    -D__STDC_FORMAT_MACROS -DTEST_HARNESS=VTestHarness -DVERILATOR -include /opt/spechunter/chipyard-issue-715-repaired/sims/verilator/generated-src/chipyard.TestHarness.SmallBoomConfig/chipyard.TestHarness.SmallBoomConfig.plusArgs -include /opt/spechunter/chipyard-issue-715-repaired/sims/verilator/generated-src/chipyard.TestHarness.SmallBoomConfig/verilator.h -include /opt/spechunter/chipyard-issue-715-repaired/sims/verilator/generated-src/chipyard.TestHarness.SmallBoomConfig/chipyard.TestHarness.SmallBoomConfig.debug/VTestHarness.h  -DVL_THREADED -std=c++17  -c -o VTestHarness___024root__DepSet_hcfd557fa__39__Slow.o VTestHarness___024root__DepSet_hcfd557fa__39__Slow.cpp
In file included from /opt/spechunter/chipyard-issue-715/.conda-env/share/verilator/include/verilated.h:35,
                 from /opt/spechunter/chipyard-issue-715/.conda-env/share/verilator/include/verilated_vcd_c.h:24,
                 from /opt/spechunter/chipyard-issue-715-repaired/sims/verilator/generated-src/chipyard.TestHarness.SmallBoomConfig/verilator.h:4,
                 from <command-line>:
/opt/spechunter/chipyard-issue-715/.conda-env/share/verilator/include/verilatedos.h:291: warning: "__STDC_FORMAT_MACROS" redefined
  291 | #define __STDC_FORMAT_MACROS
      | 
<command-line>: note: this is the location of the previous definition
/opt/spechunter/chipyard-issue-715/.conda-env/bin/x86_64-conda-linux-gnu-c++  -I.  -MMD -I/opt/spechunter/chipyard-issue-715/.conda-env/share/verilator/include -I/opt/spechunter/chipyard-issue-715/.conda-env/share/verilator/include/vltstd -DVM_COVERAGE=0 -DVM_SC=0 -DVM_TRACE=1 -DVM_TRACE_FST=0 -DVM_TRACE_VCD=1 -faligned-new -fcf-protection=none -Wno-bool-operation -Wno-sign-compare -Wno-uninitialized -Wno-unused-but-set-variable -Wno-unused-parameter -Wno-unused-variable -Wno-shadow     -O3 -std=c++11 -I/opt/spechunter/chipyard-issue-715/.conda-env/riscv-tools/include -I/opt/spechunter/chipyard-issue-715-repaired/tools/DRAMSim2 -I/opt/spechunter/chipyard-issue-715-repaired/sims/verilator/generated-src/chipyard.TestHarness.SmallBoomConfig    -D__STDC_FORMAT_MACROS -DTEST_HARNESS=VTestHarness -DVERILATOR -include /opt/spechunter/chipyard-issue-715-repaired/sims/verilator/generated-src/chipyard.TestHarness.SmallBoomConfig/chipyard.TestHarness.SmallBoomConfig.plusArgs -include /opt/spechunter/chipyard-issue-715-repaired/sims/verilator/generated-src/chipyard.TestHarness.SmallBoomConfig/verilator.h -include /opt/spechunter/chipyard-issue-715-repaired/sims/verilator/generated-src/chipyard.TestHarness.SmallBoomConfig/chipyard.TestHarness.SmallBoomConfig.debug/VTestHarness.h  -DVL_THREADED -std=c++17  -c -o VTestHarness___024root__DepSet_hcfd557fa__40__Slow.o VTestHarness___024root__DepSet_hcfd557fa__40__Slow.cpp
In file included from /opt/spechunter/chipyard-issue-715/.conda-env/share/verilator/include/verilated.h:35,
                 from /opt/spechunter/chipyard-issue-715/.conda-env/share/verilator/include/verilated_vcd_c.h:24,
                 from /opt/spechunter/chipyard-issue-715-repaired/sims/verilator/generated-src/chipyard.TestHarness.SmallBoomConfig/verilator.h:4,
                 from <command-line>:
/opt/spechunter/chipyard-issue-715/.conda-env/share/verilator/include/verilatedos.h:291: warning: "__STDC_FORMAT_MACROS" redefined
  291 | #define __STDC_FORMAT_MACROS
      | 
<command-line>: note: this is the location of the previous definition
/opt/spechunter/chipyard-issue-715/.conda-env/bin/x86_64-conda-linux-gnu-c++  -I.  -MMD -I/opt/spechunter/chipyard-issue-715/.conda-env/share/verilator/include -I/opt/spechunter/chipyard-issue-715/.conda-env/share/verilator/include/vltstd -DVM_COVERAGE=0 -DVM_SC=0 -DVM_TRACE=1 -DVM_TRACE_FST=0 -DVM_TRACE_VCD=1 -faligned-new -fcf-protection=none -Wno-bool-operation -Wno-sign-compare -Wno-uninitialized -Wno-unused-but-set-variable -Wno-unused-parameter -Wno-unused-variable -Wno-shadow     -O3 -std=c++11 -I/opt/spechunter/chipyard-issue-715/.conda-env/riscv-tools/include -I/opt/spechunter/chipyard-issue-715-repaired/tools/DRAMSim2 -I/opt/spechunter/chipyard-issue-715-repaired/sims/verilator/generated-src/chipyard.TestHarness.SmallBoomConfig    -D__STDC_FORMAT_MACROS -DTEST_HARNESS=VTestHarness -DVERILATOR -include /opt/spechunter/chipyard-issue-715-repaired/sims/verilator/generated-src/chipyard.TestHarness.SmallBoomConfig/chipyard.TestHarness.SmallBoomConfig.plusArgs -include /opt/spechunter/chipyard-issue-715-repaired/sims/verilator/generated-src/chipyard.TestHarness.SmallBoomConfig/verilator.h -include /opt/spechunter/chipyard-issue-715-repaired/sims/verilator/generated-src/chipyard.TestHarness.SmallBoomConfig/chipyard.TestHarness.SmallBoomConfig.debug/VTestHarness.h  -DVL_THREADED -std=c++17  -c -o VTestHarness___024unit__Slow.o VTestHarness___024unit__Slow.cpp
In file included from /opt/spechunter/chipyard-issue-715/.conda-env/share/verilator/include/verilated.h:35,
                 from /opt/spechunter/chipyard-issue-715/.conda-env/share/verilator/include/verilated_vcd_c.h:24,
                 from /opt/spechunter/chipyard-issue-715-repaired/sims/verilator/generated-src/chipyard.TestHarness.SmallBoomConfig/verilator.h:4,
                 from <command-line>:
/opt/spechunter/chipyard-issue-715/.conda-env/share/verilator/include/verilatedos.h:291: warning: "__STDC_FORMAT_MACROS" redefined
  291 | #define __STDC_FORMAT_MACROS
      | 
<command-line>: note: this is the location of the previous definition
/opt/spechunter/chipyard-issue-715/.conda-env/bin/x86_64-conda-linux-gnu-c++  -I.  -MMD -I/opt/spechunter/chipyard-issue-715/.conda-env/share/verilator/include -I/opt/spechunter/chipyard-issue-715/.conda-env/share/verilator/include/vltstd -DVM_COVERAGE=0 -DVM_SC=0 -DVM_TRACE=1 -DVM_TRACE_FST=0 -DVM_TRACE_VCD=1 -faligned-new -fcf-protection=none -Wno-bool-operation -Wno-sign-compare -Wno-uninitialized -Wno-unused-but-set-variable -Wno-unused-parameter -Wno-unused-variable -Wno-shadow     -O3 -std=c++11 -I/opt/spechunter/chipyard-issue-715/.conda-env/riscv-tools/include -I/opt/spechunter/chipyard-issue-715-repaired/tools/DRAMSim2 -I/opt/spechunter/chipyard-issue-715-repaired/sims/verilator/generated-src/chipyard.TestHarness.SmallBoomConfig    -D__STDC_FORMAT_MACROS -DTEST_HARNESS=VTestHarness -DVERILATOR -include /opt/spechunter/chipyard-issue-715-repaired/sims/verilator/generated-src/chipyard.TestHarness.SmallBoomConfig/chipyard.TestHarness.SmallBoomConfig.plusArgs -include /opt/spechunter/chipyard-issue-715-repaired/sims/verilator/generated-src/chipyard.TestHarness.SmallBoomConfig/verilator.h -include /opt/spechunter/chipyard-issue-715-repaired/sims/verilator/generated-src/chipyard.TestHarness.SmallBoomConfig/chipyard.TestHarness.SmallBoomConfig.debug/VTestHarness.h  -DVL_THREADED -std=c++17  -c -o VTestHarness___024unit__DepSet_h66f95809__0__Slow.o VTestHarness___024unit__DepSet_h66f95809__0__Slow.cpp
In file included from /opt/spechunter/chipyard-issue-715/.conda-env/share/verilator/include/verilated.h:35,
                 from /opt/spechunter/chipyard-issue-715/.conda-env/share/verilator/include/verilated_vcd_c.h:24,
                 from /opt/spechunter/chipyard-issue-715-repaired/sims/verilator/generated-src/chipyard.TestHarness.SmallBoomConfig/verilator.h:4,
                 from <command-line>:
/opt/spechunter/chipyard-issue-715/.conda-env/share/verilator/include/verilatedos.h:291: warning: "__STDC_FORMAT_MACROS" redefined
  291 | #define __STDC_FORMAT_MACROS
      | 
<command-line>: note: this is the location of the previous definition
/opt/spechunter/chipyard-issue-715/.conda-env/bin/x86_64-conda-linux-gnu-c++  -I.  -MMD -I/opt/spechunter/chipyard-issue-715/.conda-env/share/verilator/include -I/opt/spechunter/chipyard-issue-715/.conda-env/share/verilator/include/vltstd -DVM_COVERAGE=0 -DVM_SC=0 -DVM_TRACE=1 -DVM_TRACE_FST=0 -DVM_TRACE_VCD=1 -faligned-new -fcf-protection=none -Wno-bool-operation -Wno-sign-compare -Wno-uninitialized -Wno-unused-but-set-variable -Wno-unused-parameter -Wno-unused-variable -Wno-shadow     -O3 -std=c++11 -I/opt/spechunter/chipyard-issue-715/.conda-env/riscv-tools/include -I/opt/spechunter/chipyard-issue-715-repaired/tools/DRAMSim2 -I/opt/spechunter/chipyard-issue-715-repaired/sims/verilator/generated-src/chipyard.TestHarness.SmallBoomConfig    -D__STDC_FORMAT_MACROS -DTEST_HARNESS=VTestHarness -DVERILATOR -include /opt/spechunter/chipyard-issue-715-repaired/sims/verilator/generated-src/chipyard.TestHarness.SmallBoomConfig/chipyard.TestHarness.SmallBoomConfig.plusArgs -include /opt/spechunter/chipyard-issue-715-repaired/sims/verilator/generated-src/chipyard.TestHarness.SmallBoomConfig/verilator.h -include /opt/spechunter/chipyard-issue-715-repaired/sims/verilator/generated-src/chipyard.TestHarness.SmallBoomConfig/chipyard.TestHarness.SmallBoomConfig.debug/VTestHarness.h  -DVL_THREADED -std=c++17  -c -o VTestHarness__Syms.o VTestHarness__Syms.cpp
In file included from /opt/spechunter/chipyard-issue-715/.conda-env/share/verilator/include/verilated.h:35,
                 from /opt/spechunter/chipyard-issue-715/.conda-env/share/verilator/include/verilated_vcd_c.h:24,
                 from /opt/spechunter/chipyard-issue-715-repaired/sims/verilator/generated-src/chipyard.TestHarness.SmallBoomConfig/verilator.h:4,
                 from <command-line>:
/opt/spechunter/chipyard-issue-715/.conda-env/share/verilator/include/verilatedos.h:291: warning: "__STDC_FORMAT_MACROS" redefined
  291 | #define __STDC_FORMAT_MACROS
      | 
<command-line>: note: this is the location of the previous definition
/opt/spechunter/chipyard-issue-715/.conda-env/bin/x86_64-conda-linux-gnu-c++  -I.  -MMD -I/opt/spechunter/chipyard-issue-715/.conda-env/share/verilator/include -I/opt/spechunter/chipyard-issue-715/.conda-env/share/verilator/include/vltstd -DVM_COVERAGE=0 -DVM_SC=0 -DVM_TRACE=1 -DVM_TRACE_FST=0 -DVM_TRACE_VCD=1 -faligned-new -fcf-protection=none -Wno-bool-operation -Wno-sign-compare -Wno-uninitialized -Wno-unused-but-set-variable -Wno-unused-parameter -Wno-unused-variable -Wno-shadow     -O3 -std=c++11 -I/opt/spechunter/chipyard-issue-715/.conda-env/riscv-tools/include -I/opt/spechunter/chipyard-issue-715-repaired/tools/DRAMSim2 -I/opt/spechunter/chipyard-issue-715-repaired/sims/verilator/generated-src/chipyard.TestHarness.SmallBoomConfig    -D__STDC_FORMAT_MACROS -DTEST_HARNESS=VTestHarness -DVERILATOR -include /opt/spechunter/chipyard-issue-715-repaired/sims/verilator/generated-src/chipyard.TestHarness.SmallBoomConfig/chipyard.TestHarness.SmallBoomConfig.plusArgs -include /opt/spechunter/chipyard-issue-715-repaired/sims/verilator/generated-src/chipyard.TestHarness.SmallBoomConfig/verilator.h -include /opt/spechunter/chipyard-issue-715-repaired/sims/verilator/generated-src/chipyard.TestHarness.SmallBoomConfig/chipyard.TestHarness.SmallBoomConfig.debug/VTestHarness.h  -DVL_THREADED -std=c++17  -c -o VTestHarness__Syms__1.o VTestHarness__Syms__1.cpp
In file included from /opt/spechunter/chipyard-issue-715/.conda-env/share/verilator/include/verilated.h:35,
                 from /opt/spechunter/chipyard-issue-715/.conda-env/share/verilator/include/verilated_vcd_c.h:24,
                 from /opt/spechunter/chipyard-issue-715-repaired/sims/verilator/generated-src/chipyard.TestHarness.SmallBoomConfig/verilator.h:4,
                 from <command-line>:
/opt/spechunter/chipyard-issue-715/.conda-env/share/verilator/include/verilatedos.h:291: warning: "__STDC_FORMAT_MACROS" redefined
  291 | #define __STDC_FORMAT_MACROS
      | 
<command-line>: note: this is the location of the previous definition
/opt/spechunter/chipyard-issue-715/.conda-env/bin/x86_64-conda-linux-gnu-c++  -I.  -MMD -I/opt/spechunter/chipyard-issue-715/.conda-env/share/verilator/include -I/opt/spechunter/chipyard-issue-715/.conda-env/share/verilator/include/vltstd -DVM_COVERAGE=0 -DVM_SC=0 -DVM_TRACE=1 -DVM_TRACE_FST=0 -DVM_TRACE_VCD=1 -faligned-new -fcf-protection=none -Wno-bool-operation -Wno-sign-compare -Wno-uninitialized -Wno-unused-but-set-variable -Wno-unused-parameter -Wno-unused-variable -Wno-shadow     -O3 -std=c++11 -I/opt/spechunter/chipyard-issue-715/.conda-env/riscv-tools/include -I/opt/spechunter/chipyard-issue-715-repaired/tools/DRAMSim2 -I/opt/spechunter/chipyard-issue-715-repaired/sims/verilator/generated-src/chipyard.TestHarness.SmallBoomConfig    -D__STDC_FORMAT_MACROS -DTEST_HARNESS=VTestHarness -DVERILATOR -include /opt/spechunter/chipyard-issue-715-repaired/sims/verilator/generated-src/chipyard.TestHarness.SmallBoomConfig/chipyard.TestHarness.SmallBoomConfig.plusArgs -include /opt/spechunter/chipyard-issue-715-repaired/sims/verilator/generated-src/chipyard.TestHarness.SmallBoomConfig/verilator.h -include /opt/spechunter/chipyard-issue-715-repaired/sims/verilator/generated-src/chipyard.TestHarness.SmallBoomConfig/chipyard.TestHarness.SmallBoomConfig.debug/VTestHarness.h  -DVL_THREADED -std=c++17  -c -o VTestHarness__Trace__0__Slow.o VTestHarness__Trace__0__Slow.cpp
In file included from /opt/spechunter/chipyard-issue-715/.conda-env/share/verilator/include/verilated.h:35,
                 from /opt/spechunter/chipyard-issue-715/.conda-env/share/verilator/include/verilated_vcd_c.h:24,
                 from /opt/spechunter/chipyard-issue-715-repaired/sims/verilator/generated-src/chipyard.TestHarness.SmallBoomConfig/verilator.h:4,
                 from <command-line>:
/opt/spechunter/chipyard-issue-715/.conda-env/share/verilator/include/verilatedos.h:291: warning: "__STDC_FORMAT_MACROS" redefined
  291 | #define __STDC_FORMAT_MACROS
      | 
<command-line>: note: this is the location of the previous definition
/opt/spechunter/chipyard-issue-715/.conda-env/bin/x86_64-conda-linux-gnu-c++  -I.  -MMD -I/opt/spechunter/chipyard-issue-715/.conda-env/share/verilator/include -I/opt/spechunter/chipyard-issue-715/.conda-env/share/verilator/include/vltstd -DVM_COVERAGE=0 -DVM_SC=0 -DVM_TRACE=1 -DVM_TRACE_FST=0 -DVM_TRACE_VCD=1 -faligned-new -fcf-protection=none -Wno-bool-operation -Wno-sign-compare -Wno-uninitialized -Wno-unused-but-set-variable -Wno-unused-parameter -Wno-unused-variable -Wno-shadow     -O3 -std=c++11 -I/opt/spechunter/chipyard-issue-715/.conda-env/riscv-tools/include -I/opt/spechunter/chipyard-issue-715-repaired/tools/DRAMSim2 -I/opt/spechunter/chipyard-issue-715-repaired/sims/verilator/generated-src/chipyard.TestHarness.SmallBoomConfig    -D__STDC_FORMAT_MACROS -DTEST_HARNESS=VTestHarness -DVERILATOR -include /opt/spechunter/chipyard-issue-715-repaired/sims/verilator/generated-src/chipyard.TestHarness.SmallBoomConfig/chipyard.TestHarness.SmallBoomConfig.plusArgs -include /opt/spechunter/chipyard-issue-715-repaired/sims/verilator/generated-src/chipyard.TestHarness.SmallBoomConfig/verilator.h -include /opt/spechunter/chipyard-issue-715-repaired/sims/verilator/generated-src/chipyard.TestHarness.SmallBoomConfig/chipyard.TestHarness.SmallBoomConfig.debug/VTestHarness.h  -DVL_THREADED -std=c++17  -c -o VTestHarness__Trace__1__Slow.o VTestHarness__Trace__1__Slow.cpp
In file included from /opt/spechunter/chipyard-issue-715/.conda-env/share/verilator/include/verilated.h:35,
                 from /opt/spechunter/chipyard-issue-715/.conda-env/share/verilator/include/verilated_vcd_c.h:24,
                 from /opt/spechunter/chipyard-issue-715-repaired/sims/verilator/generated-src/chipyard.TestHarness.SmallBoomConfig/verilator.h:4,
                 from <command-line>:
/opt/spechunter/chipyard-issue-715/.conda-env/share/verilator/include/verilatedos.h:291: warning: "__STDC_FORMAT_MACROS" redefined
  291 | #define __STDC_FORMAT_MACROS
      | 
<command-line>: note: this is the location of the previous definition
/opt/spechunter/chipyard-issue-715/.conda-env/bin/x86_64-conda-linux-gnu-c++  -I.  -MMD -I/opt/spechunter/chipyard-issue-715/.conda-env/share/verilator/include -I/opt/spechunter/chipyard-issue-715/.conda-env/share/verilator/include/vltstd -DVM_COVERAGE=0 -DVM_SC=0 -DVM_TRACE=1 -DVM_TRACE_FST=0 -DVM_TRACE_VCD=1 -faligned-new -fcf-protection=none -Wno-bool-operation -Wno-sign-compare -Wno-uninitialized -Wno-unused-but-set-variable -Wno-unused-parameter -Wno-unused-variable -Wno-shadow     -O3 -std=c++11 -I/opt/spechunter/chipyard-issue-715/.conda-env/riscv-tools/include -I/opt/spechunter/chipyard-issue-715-repaired/tools/DRAMSim2 -I/opt/spechunter/chipyard-issue-715-repaired/sims/verilator/generated-src/chipyard.TestHarness.SmallBoomConfig    -D__STDC_FORMAT_MACROS -DTEST_HARNESS=VTestHarness -DVERILATOR -include /opt/spechunter/chipyard-issue-715-repaired/sims/verilator/generated-src/chipyard.TestHarness.SmallBoomConfig/chipyard.TestHarness.SmallBoomConfig.plusArgs -include /opt/spechunter/chipyard-issue-715-repaired/sims/verilator/generated-src/chipyard.TestHarness.SmallBoomConfig/verilator.h -include /opt/spechunter/chipyard-issue-715-repaired/sims/verilator/generated-src/chipyard.TestHarness.SmallBoomConfig/chipyard.TestHarness.SmallBoomConfig.debug/VTestHarness.h  -DVL_THREADED -std=c++17  -c -o VTestHarness__Trace__2__Slow.o VTestHarness__Trace__2__Slow.cpp
In file included from /opt/spechunter/chipyard-issue-715/.conda-env/share/verilator/include/verilated.h:35,
                 from /opt/spechunter/chipyard-issue-715/.conda-env/share/verilator/include/verilated_vcd_c.h:24,
                 from /opt/spechunter/chipyard-issue-715-repaired/sims/verilator/generated-src/chipyard.TestHarness.SmallBoomConfig/verilator.h:4,
                 from <command-line>:
/opt/spechunter/chipyard-issue-715/.conda-env/share/verilator/include/verilatedos.h:291: warning: "__STDC_FORMAT_MACROS" redefined
  291 | #define __STDC_FORMAT_MACROS
      | 
<command-line>: note: this is the location of the previous definition
/opt/spechunter/chipyard-issue-715/.conda-env/bin/x86_64-conda-linux-gnu-c++  -I.  -MMD -I/opt/spechunter/chipyard-issue-715/.conda-env/share/verilator/include -I/opt/spechunter/chipyard-issue-715/.conda-env/share/verilator/include/vltstd -DVM_COVERAGE=0 -DVM_SC=0 -DVM_TRACE=1 -DVM_TRACE_FST=0 -DVM_TRACE_VCD=1 -faligned-new -fcf-protection=none -Wno-bool-operation -Wno-sign-compare -Wno-uninitialized -Wno-unused-but-set-variable -Wno-unused-parameter -Wno-unused-variable -Wno-shadow     -O3 -std=c++11 -I/opt/spechunter/chipyard-issue-715/.conda-env/riscv-tools/include -I/opt/spechunter/chipyard-issue-715-repaired/tools/DRAMSim2 -I/opt/spechunter/chipyard-issue-715-repaired/sims/verilator/generated-src/chipyard.TestHarness.SmallBoomConfig    -D__STDC_FORMAT_MACROS -DTEST_HARNESS=VTestHarness -DVERILATOR -include /opt/spechunter/chipyard-issue-715-repaired/sims/verilator/generated-src/chipyard.TestHarness.SmallBoomConfig/chipyard.TestHarness.SmallBoomConfig.plusArgs -include /opt/spechunter/chipyard-issue-715-repaired/sims/verilator/generated-src/chipyard.TestHarness.SmallBoomConfig/verilator.h -include /opt/spechunter/chipyard-issue-715-repaired/sims/verilator/generated-src/chipyard.TestHarness.SmallBoomConfig/chipyard.TestHarness.SmallBoomConfig.debug/VTestHarness.h  -DVL_THREADED -std=c++17  -c -o VTestHarness__Trace__3__Slow.o VTestHarness__Trace__3__Slow.cpp
In file included from /opt/spechunter/chipyard-issue-715/.conda-env/share/verilator/include/verilated.h:35,
                 from /opt/spechunter/chipyard-issue-715/.conda-env/share/verilator/include/verilated_vcd_c.h:24,
                 from /opt/spechunter/chipyard-issue-715-repaired/sims/verilator/generated-src/chipyard.TestHarness.SmallBoomConfig/verilator.h:4,
                 from <command-line>:
/opt/spechunter/chipyard-issue-715/.conda-env/share/verilator/include/verilatedos.h:291: warning: "__STDC_FORMAT_MACROS" redefined
  291 | #define __STDC_FORMAT_MACROS
      | 
<command-line>: note: this is the location of the previous definition
/opt/spechunter/chipyard-issue-715/.conda-env/bin/x86_64-conda-linux-gnu-c++  -I.  -MMD -I/opt/spechunter/chipyard-issue-715/.conda-env/share/verilator/include -I/opt/spechunter/chipyard-issue-715/.conda-env/share/verilator/include/vltstd -DVM_COVERAGE=0 -DVM_SC=0 -DVM_TRACE=1 -DVM_TRACE_FST=0 -DVM_TRACE_VCD=1 -faligned-new -fcf-protection=none -Wno-bool-operation -Wno-sign-compare -Wno-uninitialized -Wno-unused-but-set-variable -Wno-unused-parameter -Wno-unused-variable -Wno-shadow     -O3 -std=c++11 -I/opt/spechunter/chipyard-issue-715/.conda-env/riscv-tools/include -I/opt/spechunter/chipyard-issue-715-repaired/tools/DRAMSim2 -I/opt/spechunter/chipyard-issue-715-repaired/sims/verilator/generated-src/chipyard.TestHarness.SmallBoomConfig    -D__STDC_FORMAT_MACROS -DTEST_HARNESS=VTestHarness -DVERILATOR -include /opt/spechunter/chipyard-issue-715-repaired/sims/verilator/generated-src/chipyard.TestHarness.SmallBoomConfig/chipyard.TestHarness.SmallBoomConfig.plusArgs -include /opt/spechunter/chipyard-issue-715-repaired/sims/verilator/generated-src/chipyard.TestHarness.SmallBoomConfig/verilator.h -include /opt/spechunter/chipyard-issue-715-repaired/sims/verilator/generated-src/chipyard.TestHarness.SmallBoomConfig/chipyard.TestHarness.SmallBoomConfig.debug/VTestHarness.h  -DVL_THREADED -std=c++17  -c -o VTestHarness__Trace__4__Slow.o VTestHarness__Trace__4__Slow.cpp
In file included from /opt/spechunter/chipyard-issue-715/.conda-env/share/verilator/include/verilated.h:35,
                 from /opt/spechunter/chipyard-issue-715/.conda-env/share/verilator/include/verilated_vcd_c.h:24,
                 from /opt/spechunter/chipyard-issue-715-repaired/sims/verilator/generated-src/chipyard.TestHarness.SmallBoomConfig/verilator.h:4,
                 from <command-line>:
/opt/spechunter/chipyard-issue-715/.conda-env/share/verilator/include/verilatedos.h:291: warning: "__STDC_FORMAT_MACROS" redefined
  291 | #define __STDC_FORMAT_MACROS
      | 
<command-line>: note: this is the location of the previous definition
/opt/spechunter/chipyard-issue-715/.conda-env/bin/x86_64-conda-linux-gnu-c++  -I.  -MMD -I/opt/spechunter/chipyard-issue-715/.conda-env/share/verilator/include -I/opt/spechunter/chipyard-issue-715/.conda-env/share/verilator/include/vltstd -DVM_COVERAGE=0 -DVM_SC=0 -DVM_TRACE=1 -DVM_TRACE_FST=0 -DVM_TRACE_VCD=1 -faligned-new -fcf-protection=none -Wno-bool-operation -Wno-sign-compare -Wno-uninitialized -Wno-unused-but-set-variable -Wno-unused-parameter -Wno-unused-variable -Wno-shadow     -O3 -std=c++11 -I/opt/spechunter/chipyard-issue-715/.conda-env/riscv-tools/include -I/opt/spechunter/chipyard-issue-715-repaired/tools/DRAMSim2 -I/opt/spechunter/chipyard-issue-715-repaired/sims/verilator/generated-src/chipyard.TestHarness.SmallBoomConfig    -D__STDC_FORMAT_MACROS -DTEST_HARNESS=VTestHarness -DVERILATOR -include /opt/spechunter/chipyard-issue-715-repaired/sims/verilator/generated-src/chipyard.TestHarness.SmallBoomConfig/chipyard.TestHarness.SmallBoomConfig.plusArgs -include /opt/spechunter/chipyard-issue-715-repaired/sims/verilator/generated-src/chipyard.TestHarness.SmallBoomConfig/verilator.h -include /opt/spechunter/chipyard-issue-715-repaired/sims/verilator/generated-src/chipyard.TestHarness.SmallBoomConfig/chipyard.TestHarness.SmallBoomConfig.debug/VTestHarness.h  -DVL_THREADED -std=c++17  -c -o VTestHarness__Trace__5__Slow.o VTestHarness__Trace__5__Slow.cpp
In file included from /opt/spechunter/chipyard-issue-715/.conda-env/share/verilator/include/verilated.h:35,
                 from /opt/spechunter/chipyard-issue-715/.conda-env/share/verilator/include/verilated_vcd_c.h:24,
                 from /opt/spechunter/chipyard-issue-715-repaired/sims/verilator/generated-src/chipyard.TestHarness.SmallBoomConfig/verilator.h:4,
                 from <command-line>:
/opt/spechunter/chipyard-issue-715/.conda-env/share/verilator/include/verilatedos.h:291: warning: "__STDC_FORMAT_MACROS" redefined
  291 | #define __STDC_FORMAT_MACROS
      | 
<command-line>: note: this is the location of the previous definition
/opt/spechunter/chipyard-issue-715/.conda-env/bin/x86_64-conda-linux-gnu-c++  -I.  -MMD -I/opt/spechunter/chipyard-issue-715/.conda-env/share/verilator/include -I/opt/spechunter/chipyard-issue-715/.conda-env/share/verilator/include/vltstd -DVM_COVERAGE=0 -DVM_SC=0 -DVM_TRACE=1 -DVM_TRACE_FST=0 -DVM_TRACE_VCD=1 -faligned-new -fcf-protection=none -Wno-bool-operation -Wno-sign-compare -Wno-uninitialized -Wno-unused-but-set-variable -Wno-unused-parameter -Wno-unused-variable -Wno-shadow     -O3 -std=c++11 -I/opt/spechunter/chipyard-issue-715/.conda-env/riscv-tools/include -I/opt/spechunter/chipyard-issue-715-repaired/tools/DRAMSim2 -I/opt/spechunter/chipyard-issue-715-repaired/sims/verilator/generated-src/chipyard.TestHarness.SmallBoomConfig    -D__STDC_FORMAT_MACROS -DTEST_HARNESS=VTestHarness -DVERILATOR -include /opt/spechunter/chipyard-issue-715-repaired/sims/verilator/generated-src/chipyard.TestHarness.SmallBoomConfig/chipyard.TestHarness.SmallBoomConfig.plusArgs -include /opt/spechunter/chipyard-issue-715-repaired/sims/verilator/generated-src/chipyard.TestHarness.SmallBoomConfig/verilator.h -include /opt/spechunter/chipyard-issue-715-repaired/sims/verilator/generated-src/chipyard.TestHarness.SmallBoomConfig/chipyard.TestHarness.SmallBoomConfig.debug/VTestHarness.h  -DVL_THREADED -std=c++17  -c -o VTestHarness__Trace__6__Slow.o VTestHarness__Trace__6__Slow.cpp
In file included from /opt/spechunter/chipyard-issue-715/.conda-env/share/verilator/include/verilated.h:35,
                 from /opt/spechunter/chipyard-issue-715/.conda-env/share/verilator/include/verilated_vcd_c.h:24,
                 from /opt/spechunter/chipyard-issue-715-repaired/sims/verilator/generated-src/chipyard.TestHarness.SmallBoomConfig/verilator.h:4,
                 from <command-line>:
/opt/spechunter/chipyard-issue-715/.conda-env/share/verilator/include/verilatedos.h:291: warning: "__STDC_FORMAT_MACROS" redefined
  291 | #define __STDC_FORMAT_MACROS
      | 
<command-line>: note: this is the location of the previous definition
/opt/spechunter/chipyard-issue-715/.conda-env/bin/x86_64-conda-linux-gnu-c++  -I.  -MMD -I/opt/spechunter/chipyard-issue-715/.conda-env/share/verilator/include -I/opt/spechunter/chipyard-issue-715/.conda-env/share/verilator/include/vltstd -DVM_COVERAGE=0 -DVM_SC=0 -DVM_TRACE=1 -DVM_TRACE_FST=0 -DVM_TRACE_VCD=1 -faligned-new -fcf-protection=none -Wno-bool-operation -Wno-sign-compare -Wno-uninitialized -Wno-unused-but-set-variable -Wno-unused-parameter -Wno-unused-variable -Wno-shadow     -O3 -std=c++11 -I/opt/spechunter/chipyard-issue-715/.conda-env/riscv-tools/include -I/opt/spechunter/chipyard-issue-715-repaired/tools/DRAMSim2 -I/opt/spechunter/chipyard-issue-715-repaired/sims/verilator/generated-src/chipyard.TestHarness.SmallBoomConfig    -D__STDC_FORMAT_MACROS -DTEST_HARNESS=VTestHarness -DVERILATOR -include /opt/spechunter/chipyard-issue-715-repaired/sims/verilator/generated-src/chipyard.TestHarness.SmallBoomConfig/chipyard.TestHarness.SmallBoomConfig.plusArgs -include /opt/spechunter/chipyard-issue-715-repaired/sims/verilator/generated-src/chipyard.TestHarness.SmallBoomConfig/verilator.h -include /opt/spechunter/chipyard-issue-715-repaired/sims/verilator/generated-src/chipyard.TestHarness.SmallBoomConfig/chipyard.TestHarness.SmallBoomConfig.debug/VTestHarness.h  -DVL_THREADED -std=c++17  -c -o VTestHarness__Trace__7__Slow.o VTestHarness__Trace__7__Slow.cpp
In file included from /opt/spechunter/chipyard-issue-715/.conda-env/share/verilator/include/verilated.h:35,
                 from /opt/spechunter/chipyard-issue-715/.conda-env/share/verilator/include/verilated_vcd_c.h:24,
                 from /opt/spechunter/chipyard-issue-715-repaired/sims/verilator/generated-src/chipyard.TestHarness.SmallBoomConfig/verilator.h:4,
                 from <command-line>:
/opt/spechunter/chipyard-issue-715/.conda-env/share/verilator/include/verilatedos.h:291: warning: "__STDC_FORMAT_MACROS" redefined
  291 | #define __STDC_FORMAT_MACROS
      | 
<command-line>: note: this is the location of the previous definition
/opt/spechunter/chipyard-issue-715/.conda-env/bin/x86_64-conda-linux-gnu-c++  -I.  -MMD -I/opt/spechunter/chipyard-issue-715/.conda-env/share/verilator/include -I/opt/spechunter/chipyard-issue-715/.conda-env/share/verilator/include/vltstd -DVM_COVERAGE=0 -DVM_SC=0 -DVM_TRACE=1 -DVM_TRACE_FST=0 -DVM_TRACE_VCD=1 -faligned-new -fcf-protection=none -Wno-bool-operation -Wno-sign-compare -Wno-uninitialized -Wno-unused-but-set-variable -Wno-unused-parameter -Wno-unused-variable -Wno-shadow     -O3 -std=c++11 -I/opt/spechunter/chipyard-issue-715/.conda-env/riscv-tools/include -I/opt/spechunter/chipyard-issue-715-repaired/tools/DRAMSim2 -I/opt/spechunter/chipyard-issue-715-repaired/sims/verilator/generated-src/chipyard.TestHarness.SmallBoomConfig    -D__STDC_FORMAT_MACROS -DTEST_HARNESS=VTestHarness -DVERILATOR -include /opt/spechunter/chipyard-issue-715-repaired/sims/verilator/generated-src/chipyard.TestHarness.SmallBoomConfig/chipyard.TestHarness.SmallBoomConfig.plusArgs -include /opt/spechunter/chipyard-issue-715-repaired/sims/verilator/generated-src/chipyard.TestHarness.SmallBoomConfig/verilator.h -include /opt/spechunter/chipyard-issue-715-repaired/sims/verilator/generated-src/chipyard.TestHarness.SmallBoomConfig/chipyard.TestHarness.SmallBoomConfig.debug/VTestHarness.h  -DVL_THREADED -std=c++17  -c -o VTestHarness__Trace__8__Slow.o VTestHarness__Trace__8__Slow.cpp
In file included from /opt/spechunter/chipyard-issue-715/.conda-env/share/verilator/include/verilated.h:35,
                 from /opt/spechunter/chipyard-issue-715/.conda-env/share/verilator/include/verilated_vcd_c.h:24,
                 from /opt/spechunter/chipyard-issue-715-repaired/sims/verilator/generated-src/chipyard.TestHarness.SmallBoomConfig/verilator.h:4,
                 from <command-line>:
/opt/spechunter/chipyard-issue-715/.conda-env/share/verilator/include/verilatedos.h:291: warning: "__STDC_FORMAT_MACROS" redefined
  291 | #define __STDC_FORMAT_MACROS
      | 
<command-line>: note: this is the location of the previous definition
/opt/spechunter/chipyard-issue-715/.conda-env/bin/x86_64-conda-linux-gnu-c++  -I.  -MMD -I/opt/spechunter/chipyard-issue-715/.conda-env/share/verilator/include -I/opt/spechunter/chipyard-issue-715/.conda-env/share/verilator/include/vltstd -DVM_COVERAGE=0 -DVM_SC=0 -DVM_TRACE=1 -DVM_TRACE_FST=0 -DVM_TRACE_VCD=1 -faligned-new -fcf-protection=none -Wno-bool-operation -Wno-sign-compare -Wno-uninitialized -Wno-unused-but-set-variable -Wno-unused-parameter -Wno-unused-variable -Wno-shadow     -O3 -std=c++11 -I/opt/spechunter/chipyard-issue-715/.conda-env/riscv-tools/include -I/opt/spechunter/chipyard-issue-715-repaired/tools/DRAMSim2 -I/opt/spechunter/chipyard-issue-715-repaired/sims/verilator/generated-src/chipyard.TestHarness.SmallBoomConfig    -D__STDC_FORMAT_MACROS -DTEST_HARNESS=VTestHarness -DVERILATOR -include /opt/spechunter/chipyard-issue-715-repaired/sims/verilator/generated-src/chipyard.TestHarness.SmallBoomConfig/chipyard.TestHarness.SmallBoomConfig.plusArgs -include /opt/spechunter/chipyard-issue-715-repaired/sims/verilator/generated-src/chipyard.TestHarness.SmallBoomConfig/verilator.h -include /opt/spechunter/chipyard-issue-715-repaired/sims/verilator/generated-src/chipyard.TestHarness.SmallBoomConfig/chipyard.TestHarness.SmallBoomConfig.debug/VTestHarness.h  -DVL_THREADED -std=c++17  -c -o VTestHarness__Trace__9__Slow.o VTestHarness__Trace__9__Slow.cpp
In file included from /opt/spechunter/chipyard-issue-715/.conda-env/share/verilator/include/verilated.h:35,
                 from /opt/spechunter/chipyard-issue-715/.conda-env/share/verilator/include/verilated_vcd_c.h:24,
                 from /opt/spechunter/chipyard-issue-715-repaired/sims/verilator/generated-src/chipyard.TestHarness.SmallBoomConfig/verilator.h:4,
                 from <command-line>:
/opt/spechunter/chipyard-issue-715/.conda-env/share/verilator/include/verilatedos.h:291: warning: "__STDC_FORMAT_MACROS" redefined
  291 | #define __STDC_FORMAT_MACROS
      | 
<command-line>: note: this is the location of the previous definition
/opt/spechunter/chipyard-issue-715/.conda-env/bin/x86_64-conda-linux-gnu-c++  -I.  -MMD -I/opt/spechunter/chipyard-issue-715/.conda-env/share/verilator/include -I/opt/spechunter/chipyard-issue-715/.conda-env/share/verilator/include/vltstd -DVM_COVERAGE=0 -DVM_SC=0 -DVM_TRACE=1 -DVM_TRACE_FST=0 -DVM_TRACE_VCD=1 -faligned-new -fcf-protection=none -Wno-bool-operation -Wno-sign-compare -Wno-uninitialized -Wno-unused-but-set-variable -Wno-unused-parameter -Wno-unused-variable -Wno-shadow     -O3 -std=c++11 -I/opt/spechunter/chipyard-issue-715/.conda-env/riscv-tools/include -I/opt/spechunter/chipyard-issue-715-repaired/tools/DRAMSim2 -I/opt/spechunter/chipyard-issue-715-repaired/sims/verilator/generated-src/chipyard.TestHarness.SmallBoomConfig    -D__STDC_FORMAT_MACROS -DTEST_HARNESS=VTestHarness -DVERILATOR -include /opt/spechunter/chipyard-issue-715-repaired/sims/verilator/generated-src/chipyard.TestHarness.SmallBoomConfig/chipyard.TestHarness.SmallBoomConfig.plusArgs -include /opt/spechunter/chipyard-issue-715-repaired/sims/verilator/generated-src/chipyard.TestHarness.SmallBoomConfig/verilator.h -include /opt/spechunter/chipyard-issue-715-repaired/sims/verilator/generated-src/chipyard.TestHarness.SmallBoomConfig/chipyard.TestHarness.SmallBoomConfig.debug/VTestHarness.h  -DVL_THREADED -std=c++17  -c -o VTestHarness__Trace__10__Slow.o VTestHarness__Trace__10__Slow.cpp
In file included from /opt/spechunter/chipyard-issue-715/.conda-env/share/verilator/include/verilated.h:35,
                 from /opt/spechunter/chipyard-issue-715/.conda-env/share/verilator/include/verilated_vcd_c.h:24,
                 from /opt/spechunter/chipyard-issue-715-repaired/sims/verilator/generated-src/chipyard.TestHarness.SmallBoomConfig/verilator.h:4,
                 from <command-line>:
/opt/spechunter/chipyard-issue-715/.conda-env/share/verilator/include/verilatedos.h:291: warning: "__STDC_FORMAT_MACROS" redefined
  291 | #define __STDC_FORMAT_MACROS
      | 
<command-line>: note: this is the location of the previous definition
/opt/spechunter/chipyard-issue-715/.conda-env/bin/x86_64-conda-linux-gnu-c++  -I.  -MMD -I/opt/spechunter/chipyard-issue-715/.conda-env/share/verilator/include -I/opt/spechunter/chipyard-issue-715/.conda-env/share/verilator/include/vltstd -DVM_COVERAGE=0 -DVM_SC=0 -DVM_TRACE=1 -DVM_TRACE_FST=0 -DVM_TRACE_VCD=1 -faligned-new -fcf-protection=none -Wno-bool-operation -Wno-sign-compare -Wno-uninitialized -Wno-unused-but-set-variable -Wno-unused-parameter -Wno-unused-variable -Wno-shadow     -O3 -std=c++11 -I/opt/spechunter/chipyard-issue-715/.conda-env/riscv-tools/include -I/opt/spechunter/chipyard-issue-715-repaired/tools/DRAMSim2 -I/opt/spechunter/chipyard-issue-715-repaired/sims/verilator/generated-src/chipyard.TestHarness.SmallBoomConfig    -D__STDC_FORMAT_MACROS -DTEST_HARNESS=VTestHarness -DVERILATOR -include /opt/spechunter/chipyard-issue-715-repaired/sims/verilator/generated-src/chipyard.TestHarness.SmallBoomConfig/chipyard.TestHarness.SmallBoomConfig.plusArgs -include /opt/spechunter/chipyard-issue-715-repaired/sims/verilator/generated-src/chipyard.TestHarness.SmallBoomConfig/verilator.h -include /opt/spechunter/chipyard-issue-715-repaired/sims/verilator/generated-src/chipyard.TestHarness.SmallBoomConfig/chipyard.TestHarness.SmallBoomConfig.debug/VTestHarness.h  -DVL_THREADED -std=c++17  -c -o VTestHarness__Trace__11__Slow.o VTestHarness__Trace__11__Slow.cpp
In file included from /opt/spechunter/chipyard-issue-715/.conda-env/share/verilator/include/verilated.h:35,
                 from /opt/spechunter/chipyard-issue-715/.conda-env/share/verilator/include/verilated_vcd_c.h:24,
                 from /opt/spechunter/chipyard-issue-715-repaired/sims/verilator/generated-src/chipyard.TestHarness.SmallBoomConfig/verilator.h:4,
                 from <command-line>:
/opt/spechunter/chipyard-issue-715/.conda-env/share/verilator/include/verilatedos.h:291: warning: "__STDC_FORMAT_MACROS" redefined
  291 | #define __STDC_FORMAT_MACROS
      | 
<command-line>: note: this is the location of the previous definition
/opt/spechunter/chipyard-issue-715/.conda-env/bin/x86_64-conda-linux-gnu-c++  -I.  -MMD -I/opt/spechunter/chipyard-issue-715/.conda-env/share/verilator/include -I/opt/spechunter/chipyard-issue-715/.conda-env/share/verilator/include/vltstd -DVM_COVERAGE=0 -DVM_SC=0 -DVM_TRACE=1 -DVM_TRACE_FST=0 -DVM_TRACE_VCD=1 -faligned-new -fcf-protection=none -Wno-bool-operation -Wno-sign-compare -Wno-uninitialized -Wno-unused-but-set-variable -Wno-unused-parameter -Wno-unused-variable -Wno-shadow     -O3 -std=c++11 -I/opt/spechunter/chipyard-issue-715/.conda-env/riscv-tools/include -I/opt/spechunter/chipyard-issue-715-repaired/tools/DRAMSim2 -I/opt/spechunter/chipyard-issue-715-repaired/sims/verilator/generated-src/chipyard.TestHarness.SmallBoomConfig    -D__STDC_FORMAT_MACROS -DTEST_HARNESS=VTestHarness -DVERILATOR -include /opt/spechunter/chipyard-issue-715-repaired/sims/verilator/generated-src/chipyard.TestHarness.SmallBoomConfig/chipyard.TestHarness.SmallBoomConfig.plusArgs -include /opt/spechunter/chipyard-issue-715-repaired/sims/verilator/generated-src/chipyard.TestHarness.SmallBoomConfig/verilator.h -include /opt/spechunter/chipyard-issue-715-repaired/sims/verilator/generated-src/chipyard.TestHarness.SmallBoomConfig/chipyard.TestHarness.SmallBoomConfig.debug/VTestHarness.h  -DVL_THREADED -std=c++17  -c -o VTestHarness__Trace__12__Slow.o VTestHarness__Trace__12__Slow.cpp
In file included from /opt/spechunter/chipyard-issue-715/.conda-env/share/verilator/include/verilated.h:35,
                 from /opt/spechunter/chipyard-issue-715/.conda-env/share/verilator/include/verilated_vcd_c.h:24,
                 from /opt/spechunter/chipyard-issue-715-repaired/sims/verilator/generated-src/chipyard.TestHarness.SmallBoomConfig/verilator.h:4,
                 from <command-line>:
/opt/spechunter/chipyard-issue-715/.conda-env/share/verilator/include/verilatedos.h:291: warning: "__STDC_FORMAT_MACROS" redefined
  291 | #define __STDC_FORMAT_MACROS
      | 
<command-line>: note: this is the location of the previous definition
/opt/spechunter/chipyard-issue-715/.conda-env/bin/x86_64-conda-linux-gnu-c++  -I.  -MMD -I/opt/spechunter/chipyard-issue-715/.conda-env/share/verilator/include -I/opt/spechunter/chipyard-issue-715/.conda-env/share/verilator/include/vltstd -DVM_COVERAGE=0 -DVM_SC=0 -DVM_TRACE=1 -DVM_TRACE_FST=0 -DVM_TRACE_VCD=1 -faligned-new -fcf-protection=none -Wno-bool-operation -Wno-sign-compare -Wno-uninitialized -Wno-unused-but-set-variable -Wno-unused-parameter -Wno-unused-variable -Wno-shadow     -O3 -std=c++11 -I/opt/spechunter/chipyard-issue-715/.conda-env/riscv-tools/include -I/opt/spechunter/chipyard-issue-715-repaired/tools/DRAMSim2 -I/opt/spechunter/chipyard-issue-715-repaired/sims/verilator/generated-src/chipyard.TestHarness.SmallBoomConfig    -D__STDC_FORMAT_MACROS -DTEST_HARNESS=VTestHarness -DVERILATOR -include /opt/spechunter/chipyard-issue-715-repaired/sims/verilator/generated-src/chipyard.TestHarness.SmallBoomConfig/chipyard.TestHarness.SmallBoomConfig.plusArgs -include /opt/spechunter/chipyard-issue-715-repaired/sims/verilator/generated-src/chipyard.TestHarness.SmallBoomConfig/verilator.h -include /opt/spechunter/chipyard-issue-715-repaired/sims/verilator/generated-src/chipyard.TestHarness.SmallBoomConfig/chipyard.TestHarness.SmallBoomConfig.debug/VTestHarness.h  -DVL_THREADED -std=c++17  -c -o VTestHarness__Trace__13__Slow.o VTestHarness__Trace__13__Slow.cpp
In file included from /opt/spechunter/chipyard-issue-715/.conda-env/share/verilator/include/verilated.h:35,
                 from /opt/spechunter/chipyard-issue-715/.conda-env/share/verilator/include/verilated_vcd_c.h:24,
                 from /opt/spechunter/chipyard-issue-715-repaired/sims/verilator/generated-src/chipyard.TestHarness.SmallBoomConfig/verilator.h:4,
                 from <command-line>:
/opt/spechunter/chipyard-issue-715/.conda-env/share/verilator/include/verilatedos.h:291: warning: "__STDC_FORMAT_MACROS" redefined
  291 | #define __STDC_FORMAT_MACROS
      | 
<command-line>: note: this is the location of the previous definition
/opt/spechunter/chipyard-issue-715/.conda-env/bin/x86_64-conda-linux-gnu-c++  -I.  -MMD -I/opt/spechunter/chipyard-issue-715/.conda-env/share/verilator/include -I/opt/spechunter/chipyard-issue-715/.conda-env/share/verilator/include/vltstd -DVM_COVERAGE=0 -DVM_SC=0 -DVM_TRACE=1 -DVM_TRACE_FST=0 -DVM_TRACE_VCD=1 -faligned-new -fcf-protection=none -Wno-bool-operation -Wno-sign-compare -Wno-uninitialized -Wno-unused-but-set-variable -Wno-unused-parameter -Wno-unused-variable -Wno-shadow     -O3 -std=c++11 -I/opt/spechunter/chipyard-issue-715/.conda-env/riscv-tools/include -I/opt/spechunter/chipyard-issue-715-repaired/tools/DRAMSim2 -I/opt/spechunter/chipyard-issue-715-repaired/sims/verilator/generated-src/chipyard.TestHarness.SmallBoomConfig    -D__STDC_FORMAT_MACROS -DTEST_HARNESS=VTestHarness -DVERILATOR -include /opt/spechunter/chipyard-issue-715-repaired/sims/verilator/generated-src/chipyard.TestHarness.SmallBoomConfig/chipyard.TestHarness.SmallBoomConfig.plusArgs -include /opt/spechunter/chipyard-issue-715-repaired/sims/verilator/generated-src/chipyard.TestHarness.SmallBoomConfig/verilator.h -include /opt/spechunter/chipyard-issue-715-repaired/sims/verilator/generated-src/chipyard.TestHarness.SmallBoomConfig/chipyard.TestHarness.SmallBoomConfig.debug/VTestHarness.h  -DVL_THREADED -std=c++17  -c -o VTestHarness__Trace__14__Slow.o VTestHarness__Trace__14__Slow.cpp
In file included from /opt/spechunter/chipyard-issue-715/.conda-env/share/verilator/include/verilated.h:35,
                 from /opt/spechunter/chipyard-issue-715/.conda-env/share/verilator/include/verilated_vcd_c.h:24,
                 from /opt/spechunter/chipyard-issue-715-repaired/sims/verilator/generated-src/chipyard.TestHarness.SmallBoomConfig/verilator.h:4,
                 from <command-line>:
/opt/spechunter/chipyard-issue-715/.conda-env/share/verilator/include/verilatedos.h:291: warning: "__STDC_FORMAT_MACROS" redefined
  291 | #define __STDC_FORMAT_MACROS
      | 
<command-line>: note: this is the location of the previous definition
/opt/spechunter/chipyard-issue-715/.conda-env/bin/x86_64-conda-linux-gnu-c++  -I.  -MMD -I/opt/spechunter/chipyard-issue-715/.conda-env/share/verilator/include -I/opt/spechunter/chipyard-issue-715/.conda-env/share/verilator/include/vltstd -DVM_COVERAGE=0 -DVM_SC=0 -DVM_TRACE=1 -DVM_TRACE_FST=0 -DVM_TRACE_VCD=1 -faligned-new -fcf-protection=none -Wno-bool-operation -Wno-sign-compare -Wno-uninitialized -Wno-unused-but-set-variable -Wno-unused-parameter -Wno-unused-variable -Wno-shadow     -O3 -std=c++11 -I/opt/spechunter/chipyard-issue-715/.conda-env/riscv-tools/include -I/opt/spechunter/chipyard-issue-715-repaired/tools/DRAMSim2 -I/opt/spechunter/chipyard-issue-715-repaired/sims/verilator/generated-src/chipyard.TestHarness.SmallBoomConfig    -D__STDC_FORMAT_MACROS -DTEST_HARNESS=VTestHarness -DVERILATOR -include /opt/spechunter/chipyard-issue-715-repaired/sims/verilator/generated-src/chipyard.TestHarness.SmallBoomConfig/chipyard.TestHarness.SmallBoomConfig.plusArgs -include /opt/spechunter/chipyard-issue-715-repaired/sims/verilator/generated-src/chipyard.TestHarness.SmallBoomConfig/verilator.h -include /opt/spechunter/chipyard-issue-715-repaired/sims/verilator/generated-src/chipyard.TestHarness.SmallBoomConfig/chipyard.TestHarness.SmallBoomConfig.debug/VTestHarness.h  -DVL_THREADED -std=c++17  -c -o VTestHarness__Trace__15__Slow.o VTestHarness__Trace__15__Slow.cpp
In file included from /opt/spechunter/chipyard-issue-715/.conda-env/share/verilator/include/verilated.h:35,
                 from /opt/spechunter/chipyard-issue-715/.conda-env/share/verilator/include/verilated_vcd_c.h:24,
                 from /opt/spechunter/chipyard-issue-715-repaired/sims/verilator/generated-src/chipyard.TestHarness.SmallBoomConfig/verilator.h:4,
                 from <command-line>:
/opt/spechunter/chipyard-issue-715/.conda-env/share/verilator/include/verilatedos.h:291: warning: "__STDC_FORMAT_MACROS" redefined
  291 | #define __STDC_FORMAT_MACROS
      | 
<command-line>: note: this is the location of the previous definition
/opt/spechunter/chipyard-issue-715/.conda-env/bin/x86_64-conda-linux-gnu-c++  -I.  -MMD -I/opt/spechunter/chipyard-issue-715/.conda-env/share/verilator/include -I/opt/spechunter/chipyard-issue-715/.conda-env/share/verilator/include/vltstd -DVM_COVERAGE=0 -DVM_SC=0 -DVM_TRACE=1 -DVM_TRACE_FST=0 -DVM_TRACE_VCD=1 -faligned-new -fcf-protection=none -Wno-bool-operation -Wno-sign-compare -Wno-uninitialized -Wno-unused-but-set-variable -Wno-unused-parameter -Wno-unused-variable -Wno-shadow     -O3 -std=c++11 -I/opt/spechunter/chipyard-issue-715/.conda-env/riscv-tools/include -I/opt/spechunter/chipyard-issue-715-repaired/tools/DRAMSim2 -I/opt/spechunter/chipyard-issue-715-repaired/sims/verilator/generated-src/chipyard.TestHarness.SmallBoomConfig    -D__STDC_FORMAT_MACROS -DTEST_HARNESS=VTestHarness -DVERILATOR -include /opt/spechunter/chipyard-issue-715-repaired/sims/verilator/generated-src/chipyard.TestHarness.SmallBoomConfig/chipyard.TestHarness.SmallBoomConfig.plusArgs -include /opt/spechunter/chipyard-issue-715-repaired/sims/verilator/generated-src/chipyard.TestHarness.SmallBoomConfig/verilator.h -include /opt/spechunter/chipyard-issue-715-repaired/sims/verilator/generated-src/chipyard.TestHarness.SmallBoomConfig/chipyard.TestHarness.SmallBoomConfig.debug/VTestHarness.h  -DVL_THREADED -std=c++17  -c -o VTestHarness__Trace__16__Slow.o VTestHarness__Trace__16__Slow.cpp
In file included from /opt/spechunter/chipyard-issue-715/.conda-env/share/verilator/include/verilated.h:35,
                 from /opt/spechunter/chipyard-issue-715/.conda-env/share/verilator/include/verilated_vcd_c.h:24,
                 from /opt/spechunter/chipyard-issue-715-repaired/sims/verilator/generated-src/chipyard.TestHarness.SmallBoomConfig/verilator.h:4,
                 from <command-line>:
/opt/spechunter/chipyard-issue-715/.conda-env/share/verilator/include/verilatedos.h:291: warning: "__STDC_FORMAT_MACROS" redefined
  291 | #define __STDC_FORMAT_MACROS
      | 
<command-line>: note: this is the location of the previous definition
/opt/spechunter/chipyard-issue-715/.conda-env/bin/x86_64-conda-linux-gnu-c++  -I.  -MMD -I/opt/spechunter/chipyard-issue-715/.conda-env/share/verilator/include -I/opt/spechunter/chipyard-issue-715/.conda-env/share/verilator/include/vltstd -DVM_COVERAGE=0 -DVM_SC=0 -DVM_TRACE=1 -DVM_TRACE_FST=0 -DVM_TRACE_VCD=1 -faligned-new -fcf-protection=none -Wno-bool-operation -Wno-sign-compare -Wno-uninitialized -Wno-unused-but-set-variable -Wno-unused-parameter -Wno-unused-variable -Wno-shadow     -O3 -std=c++11 -I/opt/spechunter/chipyard-issue-715/.conda-env/riscv-tools/include -I/opt/spechunter/chipyard-issue-715-repaired/tools/DRAMSim2 -I/opt/spechunter/chipyard-issue-715-repaired/sims/verilator/generated-src/chipyard.TestHarness.SmallBoomConfig    -D__STDC_FORMAT_MACROS -DTEST_HARNESS=VTestHarness -DVERILATOR -include /opt/spechunter/chipyard-issue-715-repaired/sims/verilator/generated-src/chipyard.TestHarness.SmallBoomConfig/chipyard.TestHarness.SmallBoomConfig.plusArgs -include /opt/spechunter/chipyard-issue-715-repaired/sims/verilator/generated-src/chipyard.TestHarness.SmallBoomConfig/verilator.h -include /opt/spechunter/chipyard-issue-715-repaired/sims/verilator/generated-src/chipyard.TestHarness.SmallBoomConfig/chipyard.TestHarness.SmallBoomConfig.debug/VTestHarness.h  -DVL_THREADED -std=c++17  -c -o VTestHarness__Trace__17__Slow.o VTestHarness__Trace__17__Slow.cpp
In file included from /opt/spechunter/chipyard-issue-715/.conda-env/share/verilator/include/verilated.h:35,
                 from /opt/spechunter/chipyard-issue-715/.conda-env/share/verilator/include/verilated_vcd_c.h:24,
                 from /opt/spechunter/chipyard-issue-715-repaired/sims/verilator/generated-src/chipyard.TestHarness.SmallBoomConfig/verilator.h:4,
                 from <command-line>:
/opt/spechunter/chipyard-issue-715/.conda-env/share/verilator/include/verilatedos.h:291: warning: "__STDC_FORMAT_MACROS" redefined
  291 | #define __STDC_FORMAT_MACROS
      | 
<command-line>: note: this is the location of the previous definition
/opt/spechunter/chipyard-issue-715/.conda-env/bin/x86_64-conda-linux-gnu-c++  -I.  -MMD -I/opt/spechunter/chipyard-issue-715/.conda-env/share/verilator/include -I/opt/spechunter/chipyard-issue-715/.conda-env/share/verilator/include/vltstd -DVM_COVERAGE=0 -DVM_SC=0 -DVM_TRACE=1 -DVM_TRACE_FST=0 -DVM_TRACE_VCD=1 -faligned-new -fcf-protection=none -Wno-bool-operation -Wno-sign-compare -Wno-uninitialized -Wno-unused-but-set-variable -Wno-unused-parameter -Wno-unused-variable -Wno-shadow     -O3 -std=c++11 -I/opt/spechunter/chipyard-issue-715/.conda-env/riscv-tools/include -I/opt/spechunter/chipyard-issue-715-repaired/tools/DRAMSim2 -I/opt/spechunter/chipyard-issue-715-repaired/sims/verilator/generated-src/chipyard.TestHarness.SmallBoomConfig    -D__STDC_FORMAT_MACROS -DTEST_HARNESS=VTestHarness -DVERILATOR -include /opt/spechunter/chipyard-issue-715-repaired/sims/verilator/generated-src/chipyard.TestHarness.SmallBoomConfig/chipyard.TestHarness.SmallBoomConfig.plusArgs -include /opt/spechunter/chipyard-issue-715-repaired/sims/verilator/generated-src/chipyard.TestHarness.SmallBoomConfig/verilator.h -include /opt/spechunter/chipyard-issue-715-repaired/sims/verilator/generated-src/chipyard.TestHarness.SmallBoomConfig/chipyard.TestHarness.SmallBoomConfig.debug/VTestHarness.h  -DVL_THREADED -std=c++17  -c -o VTestHarness__Trace__18__Slow.o VTestHarness__Trace__18__Slow.cpp
In file included from /opt/spechunter/chipyard-issue-715/.conda-env/share/verilator/include/verilated.h:35,
                 from /opt/spechunter/chipyard-issue-715/.conda-env/share/verilator/include/verilated_vcd_c.h:24,
                 from /opt/spechunter/chipyard-issue-715-repaired/sims/verilator/generated-src/chipyard.TestHarness.SmallBoomConfig/verilator.h:4,
                 from <command-line>:
/opt/spechunter/chipyard-issue-715/.conda-env/share/verilator/include/verilatedos.h:291: warning: "__STDC_FORMAT_MACROS" redefined
  291 | #define __STDC_FORMAT_MACROS
      | 
<command-line>: note: this is the location of the previous definition
/opt/spechunter/chipyard-issue-715/.conda-env/bin/x86_64-conda-linux-gnu-c++  -I.  -MMD -I/opt/spechunter/chipyard-issue-715/.conda-env/share/verilator/include -I/opt/spechunter/chipyard-issue-715/.conda-env/share/verilator/include/vltstd -DVM_COVERAGE=0 -DVM_SC=0 -DVM_TRACE=1 -DVM_TRACE_FST=0 -DVM_TRACE_VCD=1 -faligned-new -fcf-protection=none -Wno-bool-operation -Wno-sign-compare -Wno-uninitialized -Wno-unused-but-set-variable -Wno-unused-parameter -Wno-unused-variable -Wno-shadow     -O3 -std=c++11 -I/opt/spechunter/chipyard-issue-715/.conda-env/riscv-tools/include -I/opt/spechunter/chipyard-issue-715-repaired/tools/DRAMSim2 -I/opt/spechunter/chipyard-issue-715-repaired/sims/verilator/generated-src/chipyard.TestHarness.SmallBoomConfig    -D__STDC_FORMAT_MACROS -DTEST_HARNESS=VTestHarness -DVERILATOR -include /opt/spechunter/chipyard-issue-715-repaired/sims/verilator/generated-src/chipyard.TestHarness.SmallBoomConfig/chipyard.TestHarness.SmallBoomConfig.plusArgs -include /opt/spechunter/chipyard-issue-715-repaired/sims/verilator/generated-src/chipyard.TestHarness.SmallBoomConfig/verilator.h -include /opt/spechunter/chipyard-issue-715-repaired/sims/verilator/generated-src/chipyard.TestHarness.SmallBoomConfig/chipyard.TestHarness.SmallBoomConfig.debug/VTestHarness.h  -DVL_THREADED -std=c++17  -c -o VTestHarness__Trace__19__Slow.o VTestHarness__Trace__19__Slow.cpp
In file included from /opt/spechunter/chipyard-issue-715/.conda-env/share/verilator/include/verilated.h:35,
                 from /opt/spechunter/chipyard-issue-715/.conda-env/share/verilator/include/verilated_vcd_c.h:24,
                 from /opt/spechunter/chipyard-issue-715-repaired/sims/verilator/generated-src/chipyard.TestHarness.SmallBoomConfig/verilator.h:4,
                 from <command-line>:
/opt/spechunter/chipyard-issue-715/.conda-env/share/verilator/include/verilatedos.h:291: warning: "__STDC_FORMAT_MACROS" redefined
  291 | #define __STDC_FORMAT_MACROS
      | 
<command-line>: note: this is the location of the previous definition
/opt/spechunter/chipyard-issue-715/.conda-env/bin/x86_64-conda-linux-gnu-c++  -I.  -MMD -I/opt/spechunter/chipyard-issue-715/.conda-env/share/verilator/include -I/opt/spechunter/chipyard-issue-715/.conda-env/share/verilator/include/vltstd -DVM_COVERAGE=0 -DVM_SC=0 -DVM_TRACE=1 -DVM_TRACE_FST=0 -DVM_TRACE_VCD=1 -faligned-new -fcf-protection=none -Wno-bool-operation -Wno-sign-compare -Wno-uninitialized -Wno-unused-but-set-variable -Wno-unused-parameter -Wno-unused-variable -Wno-shadow     -O3 -std=c++11 -I/opt/spechunter/chipyard-issue-715/.conda-env/riscv-tools/include -I/opt/spechunter/chipyard-issue-715-repaired/tools/DRAMSim2 -I/opt/spechunter/chipyard-issue-715-repaired/sims/verilator/generated-src/chipyard.TestHarness.SmallBoomConfig    -D__STDC_FORMAT_MACROS -DTEST_HARNESS=VTestHarness -DVERILATOR -include /opt/spechunter/chipyard-issue-715-repaired/sims/verilator/generated-src/chipyard.TestHarness.SmallBoomConfig/chipyard.TestHarness.SmallBoomConfig.plusArgs -include /opt/spechunter/chipyard-issue-715-repaired/sims/verilator/generated-src/chipyard.TestHarness.SmallBoomConfig/verilator.h -include /opt/spechunter/chipyard-issue-715-repaired/sims/verilator/generated-src/chipyard.TestHarness.SmallBoomConfig/chipyard.TestHarness.SmallBoomConfig.debug/VTestHarness.h  -DVL_THREADED -std=c++17  -c -o VTestHarness__Trace__20__Slow.o VTestHarness__Trace__20__Slow.cpp
In file included from /opt/spechunter/chipyard-issue-715/.conda-env/share/verilator/include/verilated.h:35,
                 from /opt/spechunter/chipyard-issue-715/.conda-env/share/verilator/include/verilated_vcd_c.h:24,
                 from /opt/spechunter/chipyard-issue-715-repaired/sims/verilator/generated-src/chipyard.TestHarness.SmallBoomConfig/verilator.h:4,
                 from <command-line>:
/opt/spechunter/chipyard-issue-715/.conda-env/share/verilator/include/verilatedos.h:291: warning: "__STDC_FORMAT_MACROS" redefined
  291 | #define __STDC_FORMAT_MACROS
      | 
<command-line>: note: this is the location of the previous definition
/opt/spechunter/chipyard-issue-715/.conda-env/bin/x86_64-conda-linux-gnu-c++  -I.  -MMD -I/opt/spechunter/chipyard-issue-715/.conda-env/share/verilator/include -I/opt/spechunter/chipyard-issue-715/.conda-env/share/verilator/include/vltstd -DVM_COVERAGE=0 -DVM_SC=0 -DVM_TRACE=1 -DVM_TRACE_FST=0 -DVM_TRACE_VCD=1 -faligned-new -fcf-protection=none -Wno-bool-operation -Wno-sign-compare -Wno-uninitialized -Wno-unused-but-set-variable -Wno-unused-parameter -Wno-unused-variable -Wno-shadow     -O3 -std=c++11 -I/opt/spechunter/chipyard-issue-715/.conda-env/riscv-tools/include -I/opt/spechunter/chipyard-issue-715-repaired/tools/DRAMSim2 -I/opt/spechunter/chipyard-issue-715-repaired/sims/verilator/generated-src/chipyard.TestHarness.SmallBoomConfig    -D__STDC_FORMAT_MACROS -DTEST_HARNESS=VTestHarness -DVERILATOR -include /opt/spechunter/chipyard-issue-715-repaired/sims/verilator/generated-src/chipyard.TestHarness.SmallBoomConfig/chipyard.TestHarness.SmallBoomConfig.plusArgs -include /opt/spechunter/chipyard-issue-715-repaired/sims/verilator/generated-src/chipyard.TestHarness.SmallBoomConfig/verilator.h -include /opt/spechunter/chipyard-issue-715-repaired/sims/verilator/generated-src/chipyard.TestHarness.SmallBoomConfig/chipyard.TestHarness.SmallBoomConfig.debug/VTestHarness.h  -DVL_THREADED -std=c++17  -c -o VTestHarness__Trace__21__Slow.o VTestHarness__Trace__21__Slow.cpp
In file included from /opt/spechunter/chipyard-issue-715/.conda-env/share/verilator/include/verilated.h:35,
                 from /opt/spechunter/chipyard-issue-715/.conda-env/share/verilator/include/verilated_vcd_c.h:24,
                 from /opt/spechunter/chipyard-issue-715-repaired/sims/verilator/generated-src/chipyard.TestHarness.SmallBoomConfig/verilator.h:4,
                 from <command-line>:
/opt/spechunter/chipyard-issue-715/.conda-env/share/verilator/include/verilatedos.h:291: warning: "__STDC_FORMAT_MACROS" redefined
  291 | #define __STDC_FORMAT_MACROS
      | 
<command-line>: note: this is the location of the previous definition
/opt/spechunter/chipyard-issue-715/.conda-env/bin/x86_64-conda-linux-gnu-c++  -I.  -MMD -I/opt/spechunter/chipyard-issue-715/.conda-env/share/verilator/include -I/opt/spechunter/chipyard-issue-715/.conda-env/share/verilator/include/vltstd -DVM_COVERAGE=0 -DVM_SC=0 -DVM_TRACE=1 -DVM_TRACE_FST=0 -DVM_TRACE_VCD=1 -faligned-new -fcf-protection=none -Wno-bool-operation -Wno-sign-compare -Wno-uninitialized -Wno-unused-but-set-variable -Wno-unused-parameter -Wno-unused-variable -Wno-shadow     -O3 -std=c++11 -I/opt/spechunter/chipyard-issue-715/.conda-env/riscv-tools/include -I/opt/spechunter/chipyard-issue-715-repaired/tools/DRAMSim2 -I/opt/spechunter/chipyard-issue-715-repaired/sims/verilator/generated-src/chipyard.TestHarness.SmallBoomConfig    -D__STDC_FORMAT_MACROS -DTEST_HARNESS=VTestHarness -DVERILATOR -include /opt/spechunter/chipyard-issue-715-repaired/sims/verilator/generated-src/chipyard.TestHarness.SmallBoomConfig/chipyard.TestHarness.SmallBoomConfig.plusArgs -include /opt/spechunter/chipyard-issue-715-repaired/sims/verilator/generated-src/chipyard.TestHarness.SmallBoomConfig/verilator.h -include /opt/spechunter/chipyard-issue-715-repaired/sims/verilator/generated-src/chipyard.TestHarness.SmallBoomConfig/chipyard.TestHarness.SmallBoomConfig.debug/VTestHarness.h  -DVL_THREADED -std=c++17  -c -o VTestHarness__Trace__22__Slow.o VTestHarness__Trace__22__Slow.cpp
In file included from /opt/spechunter/chipyard-issue-715/.conda-env/share/verilator/include/verilated.h:35,
                 from /opt/spechunter/chipyard-issue-715/.conda-env/share/verilator/include/verilated_vcd_c.h:24,
                 from /opt/spechunter/chipyard-issue-715-repaired/sims/verilator/generated-src/chipyard.TestHarness.SmallBoomConfig/verilator.h:4,
                 from <command-line>:
/opt/spechunter/chipyard-issue-715/.conda-env/share/verilator/include/verilatedos.h:291: warning: "__STDC_FORMAT_MACROS" redefined
  291 | #define __STDC_FORMAT_MACROS
      | 
<command-line>: note: this is the location of the previous definition
/opt/spechunter/chipyard-issue-715/.conda-env/bin/x86_64-conda-linux-gnu-c++  -I.  -MMD -I/opt/spechunter/chipyard-issue-715/.conda-env/share/verilator/include -I/opt/spechunter/chipyard-issue-715/.conda-env/share/verilator/include/vltstd -DVM_COVERAGE=0 -DVM_SC=0 -DVM_TRACE=1 -DVM_TRACE_FST=0 -DVM_TRACE_VCD=1 -faligned-new -fcf-protection=none -Wno-bool-operation -Wno-sign-compare -Wno-uninitialized -Wno-unused-but-set-variable -Wno-unused-parameter -Wno-unused-variable -Wno-shadow     -O3 -std=c++11 -I/opt/spechunter/chipyard-issue-715/.conda-env/riscv-tools/include -I/opt/spechunter/chipyard-issue-715-repaired/tools/DRAMSim2 -I/opt/spechunter/chipyard-issue-715-repaired/sims/verilator/generated-src/chipyard.TestHarness.SmallBoomConfig    -D__STDC_FORMAT_MACROS -DTEST_HARNESS=VTestHarness -DVERILATOR -include /opt/spechunter/chipyard-issue-715-repaired/sims/verilator/generated-src/chipyard.TestHarness.SmallBoomConfig/chipyard.TestHarness.SmallBoomConfig.plusArgs -include /opt/spechunter/chipyard-issue-715-repaired/sims/verilator/generated-src/chipyard.TestHarness.SmallBoomConfig/verilator.h -include /opt/spechunter/chipyard-issue-715-repaired/sims/verilator/generated-src/chipyard.TestHarness.SmallBoomConfig/chipyard.TestHarness.SmallBoomConfig.debug/VTestHarness.h  -DVL_THREADED -std=c++17  -c -o VTestHarness__Trace__23__Slow.o VTestHarness__Trace__23__Slow.cpp
In file included from /opt/spechunter/chipyard-issue-715/.conda-env/share/verilator/include/verilated.h:35,
                 from /opt/spechunter/chipyard-issue-715/.conda-env/share/verilator/include/verilated_vcd_c.h:24,
                 from /opt/spechunter/chipyard-issue-715-repaired/sims/verilator/generated-src/chipyard.TestHarness.SmallBoomConfig/verilator.h:4,
                 from <command-line>:
/opt/spechunter/chipyard-issue-715/.conda-env/share/verilator/include/verilatedos.h:291: warning: "__STDC_FORMAT_MACROS" redefined
  291 | #define __STDC_FORMAT_MACROS
      | 
<command-line>: note: this is the location of the previous definition
/opt/spechunter/chipyard-issue-715/.conda-env/bin/x86_64-conda-linux-gnu-c++  -I.  -MMD -I/opt/spechunter/chipyard-issue-715/.conda-env/share/verilator/include -I/opt/spechunter/chipyard-issue-715/.conda-env/share/verilator/include/vltstd -DVM_COVERAGE=0 -DVM_SC=0 -DVM_TRACE=1 -DVM_TRACE_FST=0 -DVM_TRACE_VCD=1 -faligned-new -fcf-protection=none -Wno-bool-operation -Wno-sign-compare -Wno-uninitialized -Wno-unused-but-set-variable -Wno-unused-parameter -Wno-unused-variable -Wno-shadow     -O3 -std=c++11 -I/opt/spechunter/chipyard-issue-715/.conda-env/riscv-tools/include -I/opt/spechunter/chipyard-issue-715-repaired/tools/DRAMSim2 -I/opt/spechunter/chipyard-issue-715-repaired/sims/verilator/generated-src/chipyard.TestHarness.SmallBoomConfig    -D__STDC_FORMAT_MACROS -DTEST_HARNESS=VTestHarness -DVERILATOR -include /opt/spechunter/chipyard-issue-715-repaired/sims/verilator/generated-src/chipyard.TestHarness.SmallBoomConfig/chipyard.TestHarness.SmallBoomConfig.plusArgs -include /opt/spechunter/chipyard-issue-715-repaired/sims/verilator/generated-src/chipyard.TestHarness.SmallBoomConfig/verilator.h -include /opt/spechunter/chipyard-issue-715-repaired/sims/verilator/generated-src/chipyard.TestHarness.SmallBoomConfig/chipyard.TestHarness.SmallBoomConfig.debug/VTestHarness.h  -DVL_THREADED -std=c++17  -c -o VTestHarness__Trace__24__Slow.o VTestHarness__Trace__24__Slow.cpp
In file included from /opt/spechunter/chipyard-issue-715/.conda-env/share/verilator/include/verilated.h:35,
                 from /opt/spechunter/chipyard-issue-715/.conda-env/share/verilator/include/verilated_vcd_c.h:24,
                 from /opt/spechunter/chipyard-issue-715-repaired/sims/verilator/generated-src/chipyard.TestHarness.SmallBoomConfig/verilator.h:4,
                 from <command-line>:
/opt/spechunter/chipyard-issue-715/.conda-env/share/verilator/include/verilatedos.h:291: warning: "__STDC_FORMAT_MACROS" redefined
  291 | #define __STDC_FORMAT_MACROS
      | 
<command-line>: note: this is the location of the previous definition
/opt/spechunter/chipyard-issue-715/.conda-env/bin/x86_64-conda-linux-gnu-c++  -I.  -MMD -I/opt/spechunter/chipyard-issue-715/.conda-env/share/verilator/include -I/opt/spechunter/chipyard-issue-715/.conda-env/share/verilator/include/vltstd -DVM_COVERAGE=0 -DVM_SC=0 -DVM_TRACE=1 -DVM_TRACE_FST=0 -DVM_TRACE_VCD=1 -faligned-new -fcf-protection=none -Wno-bool-operation -Wno-sign-compare -Wno-uninitialized -Wno-unused-but-set-variable -Wno-unused-parameter -Wno-unused-variable -Wno-shadow     -O3 -std=c++11 -I/opt/spechunter/chipyard-issue-715/.conda-env/riscv-tools/include -I/opt/spechunter/chipyard-issue-715-repaired/tools/DRAMSim2 -I/opt/spechunter/chipyard-issue-715-repaired/sims/verilator/generated-src/chipyard.TestHarness.SmallBoomConfig    -D__STDC_FORMAT_MACROS -DTEST_HARNESS=VTestHarness -DVERILATOR -include /opt/spechunter/chipyard-issue-715-repaired/sims/verilator/generated-src/chipyard.TestHarness.SmallBoomConfig/chipyard.TestHarness.SmallBoomConfig.plusArgs -include /opt/spechunter/chipyard-issue-715-repaired/sims/verilator/generated-src/chipyard.TestHarness.SmallBoomConfig/verilator.h -include /opt/spechunter/chipyard-issue-715-repaired/sims/verilator/generated-src/chipyard.TestHarness.SmallBoomConfig/chipyard.TestHarness.SmallBoomConfig.debug/VTestHarness.h  -DVL_THREADED -std=c++17  -c -o VTestHarness__Trace__25__Slow.o VTestHarness__Trace__25__Slow.cpp
In file included from /opt/spechunter/chipyard-issue-715/.conda-env/share/verilator/include/verilated.h:35,
                 from /opt/spechunter/chipyard-issue-715/.conda-env/share/verilator/include/verilated_vcd_c.h:24,
                 from /opt/spechunter/chipyard-issue-715-repaired/sims/verilator/generated-src/chipyard.TestHarness.SmallBoomConfig/verilator.h:4,
                 from <command-line>:
/opt/spechunter/chipyard-issue-715/.conda-env/share/verilator/include/verilatedos.h:291: warning: "__STDC_FORMAT_MACROS" redefined
  291 | #define __STDC_FORMAT_MACROS
      | 
<command-line>: note: this is the location of the previous definition
/opt/spechunter/chipyard-issue-715/.conda-env/bin/x86_64-conda-linux-gnu-c++  -I.  -MMD -I/opt/spechunter/chipyard-issue-715/.conda-env/share/verilator/include -I/opt/spechunter/chipyard-issue-715/.conda-env/share/verilator/include/vltstd -DVM_COVERAGE=0 -DVM_SC=0 -DVM_TRACE=1 -DVM_TRACE_FST=0 -DVM_TRACE_VCD=1 -faligned-new -fcf-protection=none -Wno-bool-operation -Wno-sign-compare -Wno-uninitialized -Wno-unused-but-set-variable -Wno-unused-parameter -Wno-unused-variable -Wno-shadow     -O3 -std=c++11 -I/opt/spechunter/chipyard-issue-715/.conda-env/riscv-tools/include -I/opt/spechunter/chipyard-issue-715-repaired/tools/DRAMSim2 -I/opt/spechunter/chipyard-issue-715-repaired/sims/verilator/generated-src/chipyard.TestHarness.SmallBoomConfig    -D__STDC_FORMAT_MACROS -DTEST_HARNESS=VTestHarness -DVERILATOR -include /opt/spechunter/chipyard-issue-715-repaired/sims/verilator/generated-src/chipyard.TestHarness.SmallBoomConfig/chipyard.TestHarness.SmallBoomConfig.plusArgs -include /opt/spechunter/chipyard-issue-715-repaired/sims/verilator/generated-src/chipyard.TestHarness.SmallBoomConfig/verilator.h -include /opt/spechunter/chipyard-issue-715-repaired/sims/verilator/generated-src/chipyard.TestHarness.SmallBoomConfig/chipyard.TestHarness.SmallBoomConfig.debug/VTestHarness.h  -DVL_THREADED -std=c++17  -c -o VTestHarness__Trace__26__Slow.o VTestHarness__Trace__26__Slow.cpp
In file included from /opt/spechunter/chipyard-issue-715/.conda-env/share/verilator/include/verilated.h:35,
                 from /opt/spechunter/chipyard-issue-715/.conda-env/share/verilator/include/verilated_vcd_c.h:24,
                 from /opt/spechunter/chipyard-issue-715-repaired/sims/verilator/generated-src/chipyard.TestHarness.SmallBoomConfig/verilator.h:4,
                 from <command-line>:
/opt/spechunter/chipyard-issue-715/.conda-env/share/verilator/include/verilatedos.h:291: warning: "__STDC_FORMAT_MACROS" redefined
  291 | #define __STDC_FORMAT_MACROS
      | 
<command-line>: note: this is the location of the previous definition
echo "" > VTestHarness__ALL.verilator_deplist.tmp
Archive /opt/spechunter/chipyard-issue-715/.conda-env/bin/x86_64-conda-linux-gnu-ar -rcs VTestHarness__ALL.a VTestHarness.o VTestHarness___024root__DepSet_h30a6511e__0.o VTestHarness___024root__DepSet_h30a6511e__1.o VTestHarness___024root__DepSet_h30a6511e__2.o VTestHarness___024root__DepSet_h30a6511e__3.o VTestHarness___024root__DepSet_h30a6511e__4.o VTestHarness___024root__DepSet_h30a6511e__5.o VTestHarness___024root__DepSet_h30a6511e__6.o VTestHarness___024root__DepSet_h30a6511e__7.o VTestHarness___024root__DepSet_h30a6511e__8.o VTestHarness___024root__DepSet_h30a6511e__9.o VTestHarness___024root__DepSet_h30a6511e__10.o VTestHarness___024root__DepSet_h30a6511e__11.o VTestHarness___024root__DepSet_h30a6511e__12.o VTestHarness___024root__DepSet_h30a6511e__13.o VTestHarness___024root__DepSet_h30a6511e__14.o VTestHarness___024root__DepSet_h30a6511e__15.o VTestHarness___024root__DepSet_h30a6511e__16.o VTestHarness___024root__DepSet_h30a6511e__17.o VTestHarness___024root__DepSet_h30a6511e__18.o VTestHarness___024root__DepSet_h30a6511e__19.o VTestHarness___024root__DepSet_h30a6511e__20.o VTestHarness___024root__DepSet_h30a6511e__21.o VTestHarness___024root__DepSet_h30a6511e__22.o VTestHarness___024root__DepSet_h30a6511e__23.o VTestHarness___024root__DepSet_h30a6511e__24.o VTestHarness___024root__DepSet_h30a6511e__25.o VTestHarness___024root__DepSet_h30a6511e__26.o VTestHarness___024root__DepSet_h30a6511e__27.o VTestHarness___024root__DepSet_h30a6511e__28.o VTestHarness___024root__DepSet_h30a6511e__29.o VTestHarness___024root__DepSet_h30a6511e__30.o VTestHarness___024root__DepSet_h30a6511e__31.o VTestHarness___024root__DepSet_h30a6511e__32.o VTestHarness___024root__DepSet_h30a6511e__33.o VTestHarness___024root__DepSet_h30a6511e__34.o VTestHarness___024root__DepSet_h30a6511e__35.o VTestHarness___024root__DepSet_h30a6511e__36.o VTestHarness___024root__DepSet_h30a6511e__37.o VTestHarness___024root__DepSet_h30a6511e__38.o VTestHarness___024root__DepSet_h30a6511e__39.o VTestHarness___024root__DepSet_h30a6511e__40.o VTestHarness___024root__DepSet_h30a6511e__41.o VTestHarness___024root__DepSet_h30a6511e__42.o VTestHarness___024root__DepSet_h30a6511e__43.o VTestHarness___024root__DepSet_h30a6511e__44.o VTestHarness___024root__DepSet_h30a6511e__45.o VTestHarness___024root__DepSet_h30a6511e__46.o VTestHarness___024root__DepSet_h30a6511e__47.o VTestHarness___024root__DepSet_h30a6511e__48.o VTestHarness___024root__DepSet_h30a6511e__49.o VTestHarness___024root__DepSet_h30a6511e__50.o VTestHarness___024root__DepSet_h30a6511e__51.o VTestHarness___024root__DepSet_h30a6511e__52.o VTestHarness___024root__DepSet_h30a6511e__53.o VTestHarness___024root__DepSet_h30a6511e__54.o VTestHarness___024root__DepSet_h30a6511e__55.o VTestHarness___024root__DepSet_h30a6511e__56.o VTestHarness___024root__DepSet_h30a6511e__57.o VTestHarness___024root__DepSet_h30a6511e__58.o VTestHarness___024root__DepSet_h30a6511e__59.o VTestHarness___024root__DepSet_h30a6511e__60.o VTestHarness___024root__DepSet_h30a6511e__61.o VTestHarness___024root__DepSet_h30a6511e__62.o VTestHarness___024root__DepSet_h30a6511e__63.o VTestHarness___024root__DepSet_h30a6511e__64.o VTestHarness___024root__DepSet_h30a6511e__65.o VTestHarness___024root__DepSet_hcfd557fa__0.o VTestHarness___024root__DepSet_hcfd557fa__1.o VTestHarness___024root__DepSet_hcfd557fa__2.o VTestHarness___024root__DepSet_hcfd557fa__3.o VTestHarness___024root__DepSet_hcfd557fa__4.o VTestHarness___024root__DepSet_hcfd557fa__5.o VTestHarness___024root__DepSet_hcfd557fa__6.o VTestHarness___024root__DepSet_hcfd557fa__7.o VTestHarness___024root__DepSet_hcfd557fa__8.o VTestHarness___024root__DepSet_hcfd557fa__9.o VTestHarness___024root__DepSet_hcfd557fa__10.o VTestHarness___024root__DepSet_hcfd557fa__11.o VTestHarness___024root__DepSet_hcfd557fa__12.o VTestHarness___024root__DepSet_hcfd557fa__13.o VTestHarness___024root__DepSet_hcfd557fa__14.o VTestHarness___024root__DepSet_hcfd557fa__15.o VTestHarness___024root__DepSet_hcfd557fa__16.o VTestHarness___024root__DepSet_hcfd557fa__17.o VTestHarness___024root__DepSet_hcfd557fa__18.o VTestHarness___024root__DepSet_hcfd557fa__19.o VTestHarness___024root__DepSet_hcfd557fa__20.o VTestHarness___024root__DepSet_hcfd557fa__21.o VTestHarness___024root__DepSet_hcfd557fa__22.o VTestHarness___024root__DepSet_hcfd557fa__23.o VTestHarness___024root__DepSet_hcfd557fa__24.o VTestHarness___024root__DepSet_hcfd557fa__25.o VTestHarness___024root__DepSet_hcfd557fa__26.o VTestHarness___024root__DepSet_hcfd557fa__27.o VTestHarness___024root__DepSet_hcfd557fa__28.o VTestHarness___024root__DepSet_hcfd557fa__29.o VTestHarness___024root__DepSet_hcfd557fa__30.o VTestHarness___024root__DepSet_hcfd557fa__31.o VTestHarness___024root__DepSet_hcfd557fa__32.o VTestHarness___024root__DepSet_hcfd557fa__33.o VTestHarness___024root__DepSet_hcfd557fa__34.o VTestHarness___024root__DepSet_hcfd557fa__35.o VTestHarness___024root__DepSet_hcfd557fa__36.o VTestHarness___024root__DepSet_hcfd557fa__37.o VTestHarness___024root__DepSet_hcfd557fa__38.o VTestHarness___024root__DepSet_hcfd557fa__39.o VTestHarness___024root__DepSet_hcfd557fa__40.o VTestHarness___024root__DepSet_hcfd557fa__41.o VTestHarness___024root__DepSet_hcfd557fa__42.o VTestHarness___024root__DepSet_hcfd557fa__43.o VTestHarness___024root__DepSet_hcfd557fa__44.o VTestHarness___024root__DepSet_hcfd557fa__45.o VTestHarness___024root__DepSet_hcfd557fa__46.o VTestHarness___024root__DepSet_hcfd557fa__47.o VTestHarness___024root__DepSet_hcfd557fa__48.o VTestHarness___024root__DepSet_hcfd557fa__49.o VTestHarness___024root__DepSet_hcfd557fa__50.o VTestHarness___024root__DepSet_hcfd557fa__51.o VTestHarness___024root__DepSet_hcfd557fa__52.o VTestHarness___024root__DepSet_hcfd557fa__53.o VTestHarness___024root__DepSet_hcfd557fa__54.o VTestHarness___024root__DepSet_hcfd557fa__55.o VTestHarness___024root__DepSet_hcfd557fa__56.o VTestHarness___024root__DepSet_hcfd557fa__57.o VTestHarness___024root__DepSet_hcfd557fa__58.o VTestHarness___024root__DepSet_hcfd557fa__59.o VTestHarness___024root__DepSet_hcfd557fa__60.o VTestHarness___024root__DepSet_hcfd557fa__61.o VTestHarness___024unit__DepSet_hc9fa512f__0.o VTestHarness__Dpi.o VTestHarness__Trace__0.o VTestHarness__Trace__1.o VTestHarness__Trace__2.o VTestHarness__Trace__3.o VTestHarness__Trace__4.o VTestHarness__Trace__5.o VTestHarness__Trace__6.o VTestHarness__Trace__7.o VTestHarness__Trace__8.o VTestHarness__Trace__9.o VTestHarness__Trace__10.o VTestHarness__Trace__11.o VTestHarness__Trace__12.o VTestHarness__Trace__13.o VTestHarness__Trace__14.o VTestHarness__Trace__15.o VTestHarness__Trace__16.o VTestHarness__ConstPool_0.o VTestHarness___024root__Slow.o VTestHarness___024root__DepSet_h30a6511e__0__Slow.o VTestHarness___024root__DepSet_hcfd557fa__0__Slow.o VTestHarness___024root__DepSet_hcfd557fa__1__Slow.o VTestHarness___024root__DepSet_hcfd557fa__2__Slow.o VTestHarness___024root__DepSet_hcfd557fa__3__Slow.o VTestHarness___024root__DepSet_hcfd557fa__4__Slow.o VTestHarness___024root__DepSet_hcfd557fa__5__Slow.o VTestHarness___024root__DepSet_hcfd557fa__6__Slow.o VTestHarness___024root__DepSet_hcfd557fa__7__Slow.o VTestHarness___024root__DepSet_hcfd557fa__8__Slow.o VTestHarness___024root__DepSet_hcfd557fa__9__Slow.o VTestHarness___024root__DepSet_hcfd557fa__10__Slow.o VTestHarness___024root__DepSet_hcfd557fa__11__Slow.o VTestHarness___024root__DepSet_hcfd557fa__12__Slow.o VTestHarness___024root__DepSet_hcfd557fa__13__Slow.o VTestHarness___024root__DepSet_hcfd557fa__14__Slow.o VTestHarness___024root__DepSet_hcfd557fa__15__Slow.o VTestHarness___024root__DepSet_hcfd557fa__16__Slow.o VTestHarness___024root__DepSet_hcfd557fa__17__Slow.o VTestHarness___024root__DepSet_hcfd557fa__18__Slow.o VTestHarness___024root__DepSet_hcfd557fa__19__Slow.o VTestHarness___024root__DepSet_hcfd557fa__20__Slow.o VTestHarness___024root__DepSet_hcfd557fa__21__Slow.o VTestHarness___024root__DepSet_hcfd557fa__22__Slow.o VTestHarness___024root__DepSet_hcfd557fa__23__Slow.o VTestHarness___024root__DepSet_hcfd557fa__24__Slow.o VTestHarness___024root__DepSet_hcfd557fa__25__Slow.o VTestHarness___024root__DepSet_hcfd557fa__26__Slow.o VTestHarness___024root__DepSet_hcfd557fa__27__Slow.o VTestHarness___024root__DepSet_hcfd557fa__28__Slow.o VTestHarness___024root__DepSet_hcfd557fa__29__Slow.o VTestHarness___024root__DepSet_hcfd557fa__30__Slow.o VTestHarness___024root__DepSet_hcfd557fa__31__Slow.o VTestHarness___024root__DepSet_hcfd557fa__32__Slow.o VTestHarness___024root__DepSet_hcfd557fa__33__Slow.o VTestHarness___024root__DepSet_hcfd557fa__34__Slow.o VTestHarness___024root__DepSet_hcfd557fa__35__Slow.o VTestHarness___024root__DepSet_hcfd557fa__36__Slow.o VTestHarness___024root__DepSet_hcfd557fa__37__Slow.o VTestHarness___024root__DepSet_hcfd557fa__38__Slow.o VTestHarness___024root__DepSet_hcfd557fa__39__Slow.o VTestHarness___024root__DepSet_hcfd557fa__40__Slow.o VTestHarness___024unit__Slow.o VTestHarness___024unit__DepSet_h66f95809__0__Slow.o VTestHarness__Syms.o VTestHarness__Syms__1.o VTestHarness__Trace__0__Slow.o VTestHarness__Trace__1__Slow.o VTestHarness__Trace__2__Slow.o VTestHarness__Trace__3__Slow.o VTestHarness__Trace__4__Slow.o VTestHarness__Trace__5__Slow.o VTestHarness__Trace__6__Slow.o VTestHarness__Trace__7__Slow.o VTestHarness__Trace__8__Slow.o VTestHarness__Trace__9__Slow.o VTestHarness__Trace__10__Slow.o VTestHarness__Trace__11__Slow.o VTestHarness__Trace__12__Slow.o VTestHarness__Trace__13__Slow.o VTestHarness__Trace__14__Slow.o VTestHarness__Trace__15__Slow.o VTestHarness__Trace__16__Slow.o VTestHarness__Trace__17__Slow.o VTestHarness__Trace__18__Slow.o VTestHarness__Trace__19__Slow.o VTestHarness__Trace__20__Slow.o VTestHarness__Trace__21__Slow.o VTestHarness__Trace__22__Slow.o VTestHarness__Trace__23__Slow.o VTestHarness__Trace__24__Slow.o VTestHarness__Trace__25__Slow.o VTestHarness__Trace__26__Slow.o
/opt/spechunter/chipyard-issue-715/.conda-env/bin/x86_64-conda-linux-gnu-c++    SimDRAM.o SimDTM.o SimJTAG.o SimSerial.o SimUART.o emulator.o mm.o mm_dramsim2.o remote_bitbang.o testchip_tsi.o uart.o verilated.o verilated_dpi.o verilated_vpi.o verilated_vcd_c.o verilated_threads.o VTestHarness__ALL.a   -L/opt/spechunter/chipyard-issue-715/.conda-env/riscv-tools/lib -Wl,-rpath,/opt/spechunter/chipyard-issue-715/.conda-env/riscv-tools/lib -L/opt/spechunter/chipyard-issue-715-repaired/sims/verilator -L/opt/spechunter/chipyard-issue-715-repaired/tools/DRAMSim2 -lfesvr -ldramsim  -pthread -lpthread -latomic   -o /opt/spechunter/chipyard-issue-715-repaired/sims/verilator/simulator-chipyard-SmallBoomConfig-debug
rm VTestHarness__ALL.verilator_deplist.tmp
make[1]: Leaving directory '/opt/spechunter/chipyard-issue-715-repaired/sims/verilator/generated-src/chipyard.TestHarness.SmallBoomConfig/chipyard.TestHarness.SmallBoomConfig.debug'
make: Leaving directory '/opt/spechunter/chipyard-issue-715-repaired/sims/verilator'
